1 2 3 4 5 6 7 8
version_number compiler build MESA_SDK_version math_backend date burn_min1 burn_min2
"12778" "gfortran" "9.2.0" "x86_64-linux-20.3.2" "CRMATH" "20251014" 5.0000000000000000E+001 1.0000000000000000E+003

1 2 3 4 5 6 7 8 9 10 11 12 13 14 15 16 17 18 19 20 21 22 23 24 25 26 27 28 29 30 31 32 33 34 35 36 37 38 39 40 41 42 43 44 45 46 47 48 49 50 51 52 53 54 55 56 57
model_number star_age star_mass log_L log_R log_Teff log_center_T log_center_Rho log_center_P center_h1 center_he3 center_he4 center_c12 center_n14 center_o16 center_ne20 center_mg24 center_si28 center_s32 center_ar36 center_ca40 center_ti44 center_cr48 center_fe52 center_fe54 center_fe56 center_ni56 center_degeneracy center_ye center_entropy compactness_parameter dynamic_timescale kh_timescale nuc_timescale pp cno tri_alfa log_LH log_LHe log_LZ log_Lneu he_core_mass c_core_mass o_core_mass si_core_mass fe_core_mass he_core_radius c_core_radius o_core_radius si_core_radius fe_core_radius max_abs_v_velocity surf_avg_omega_div_omega_crit log_total_angular_momentum surf_avg_omega surf_avg_v_rot star_mdot
1 1.0000000000000001E-005 9.9999999999999623E-001 2.5106393226855550E+000 1.4683078870900974E+000 3.6551353053526530E+000 5.4770599440002847E+000 -3.2889359138551715E+000 1.0311643529410119E+001 6.9999999999999996E-001 2.9797635251138614E-005 2.7997020236474884E-001 4.1193902129486445E-003 1.2067031330276047E-003 1.1203876416666529E-002 2.5129237964844936E-003 9.5710644087274618E-004 0.0000000000000000E+000 0.0000000000000000E+000 0.0000000000000000E+000 0.0000000000000000E+000 0.0000000000000000E+000 0.0000000000000000E+000 0.0000000000000000E+000 0.0000000000000000E+000 0.0000000000000000E+000 0.0000000000000000E+000 -8.0436536964880130E+000 8.5000496627254163E-001 2.5489672159858674E+001 0.0000000000000000E+000 1.5958622518078738E+006 2.4639524883738741E+003 3.0857495712036099E+007 -2.0882648821283688E+001 -9.8999999999999986E+001 -9.8999999999999986E+001 -2.0882648821283688E+001 -9.8999999999999986E+001 -9.8999999999999986E+001 -2.2280516834009948E+001 0.0000000000000000E+000 0.0000000000000000E+000 0.0000000000000000E+000 0.0000000000000000E+000 0.0000000000000000E+000 0.0000000000000000E+000 0.0000000000000000E+000 0.0000000000000000E+000 0.0000000000000000E+000 0.0000000000000000E+000 0.0000000000000000E+000 0.0000000000000000E+000 -9.8999999999999986E+001 0.0000000000000000E+000 0.0000000000000000E+000 -3.8325567540292867E-010
2 2.2000000000000003E-005 9.9999999999999156E-001 2.5074472606487608E+000 1.4682800402552996E+000 3.6543512132608535E+000 5.4770599169595862E+000 -3.2889358534011177E+000 1.0311643562135080E+001 6.9999999999999996E-001 2.9797635251138618E-005 2.7997020236474884E-001 4.1193902129486445E-003 1.2067031330276047E-003 1.1203876416666529E-002 2.5129237964844936E-003 9.5710644087274629E-004 0.0000000000000000E+000 0.0000000000000000E+000 0.0000000000000000E+000 0.0000000000000000E+000 0.0000000000000000E+000 0.0000000000000000E+000 0.0000000000000000E+000 0.0000000000000000E+000 0.0000000000000000E+000 0.0000000000000000E+000 -8.0436534689532913E+000 8.5000496627254163E-001 2.5489671788787703E+001 0.0000000000000000E+000 1.5957087698596474E+006 2.4822884017136298E+003 3.1085133678727545E+007 -2.0882649031080266E+001 -9.8999999999999986E+001 -9.8999999999999986E+001 -2.0882649031080266E+001 -9.8999999999999986E+001 -9.8999999999999986E+001 -2.2280517043806526E+001 0.0000000000000000E+000 0.0000000000000000E+000 0.0000000000000000E+000 0.0000000000000000E+000 0.0000000000000000E+000 0.0000000000000000E+000 0.0000000000000000E+000 0.0000000000000000E+000 0.0000000000000000E+000 0.0000000000000000E+000 0.0000000000000000E+000 0.0000000000000000E+000 -9.8999999999999986E+001 0.0000000000000000E+000 0.0000000000000000E+000 -3.8107214195719942E-010
3 3.6400000000000004E-005 9.9999999999998612E-001 2.5038430034212444E+000 1.4682474511173389E+000 3.6534664435229542E+000 5.4770601107698313E+000 -3.2889354470137655E+000 1.0311644163400764E+001 6.9999999999999996E-001 2.9797635251138614E-005 2.7997020236474884E-001 4.1193902129486445E-003 1.2067031330276047E-003 1.1203876416666529E-002 2.5129237964844936E-003 9.5710644087274640E-004 0.0000000000000000E+000 0.0000000000000000E+000 0.0000000000000000E+000 0.0000000000000000E+000 0.0000000000000000E+000 0.0000000000000000E+000 0.0000000000000000E+000 0.0000000000000000E+000 0.0000000000000000E+000 0.0000000000000000E+000 -8.0436532114691524E+000 8.5000496627254163E-001 2.5489671370568146E+001 0.0000000000000000E+000 1.5955291687519865E+006 2.5031627331169198E+003 3.1344186055363767E+007 -2.0882645086903288E+001 -9.8999999999999986E+001 -9.8999999999999986E+001 -2.0882645086903288E+001 -9.8999999999999986E+001 -9.8999999999999986E+001 -2.2280513099629463E+001 0.0000000000000000E+000 0.0000000000000000E+000 0.0000000000000000E+000 0.0000000000000000E+000 0.0000000000000000E+000 0.0000000000000000E+000 0.0000000000000000E+000 0.0000000000000000E+000 0.0000000000000000E+000 0.0000000000000000E+000 0.0000000000000000E+000 0.0000000000000000E+000 -9.8999999999999986E+001 0.0000000000000000E+000 0.0000000000000000E+000 -3.7825727734827508E-010
4 5.3680000000000001E-005 9.9999999999997968E-001 2.4998220001163785E+000 1.4682094707280628E+000 3.6524801828913764E+000 5.4770601213314647E+000 -3.2889353095642737E+000 1.0311644310939240E+001 6.9999999999999996E-001 2.9797635251138618E-005 2.7997020236474884E-001 4.1193902129486445E-003 1.2067031330276047E-003 1.1203876416666529E-002 2.5129237964844936E-003 9.5710644087274618E-004 0.0000000000000000E+000 0.0000000000000000E+000 0.0000000000000000E+000 0.0000000000000000E+000 0.0000000000000000E+000 0.0000000000000000E+000 0.0000000000000000E+000 0.0000000000000000E+000 0.0000000000000000E+000 0.0000000000000000E+000 -8.0436529381392852E+000 8.5000496627254163E-001 2.5489670925137883E+001 0.0000000000000000E+000 1.5953198815737145E+006 2.5266673486782352E+003 3.1635740165502384E+007 -2.0882644561642930E+001 -9.8999999999999986E+001 -9.8999999999999986E+001 -2.0882644561642930E+001 -9.8999999999999986E+001 -9.8999999999999986E+001 -2.2280512574369087E+001 0.0000000000000000E+000 0.0000000000000000E+000 0.0000000000000000E+000 0.0000000000000000E+000 0.0000000000000000E+000 0.0000000000000000E+000 0.0000000000000000E+000 0.0000000000000000E+000 0.0000000000000000E+000 0.0000000000000000E+000 0.0000000000000000E+000 0.0000000000000000E+000 -9.8999999999999986E+001 0.0000000000000000E+000 0.0000000000000000E+000 -3.7510292079821363E-010
5 7.4416000000000000E-005 9.9999999999997191E-001 2.4952147794030548E+000 1.4681649962296124E+000 3.6513506149622708E+000 5.4770600889469687E+000 -3.2889352289505402E+000 1.0311644358306228E+001 6.9999999999999996E-001 2.9797635251138618E-005 2.7997020236474884E-001 4.1193902129486445E-003 1.2067031330276047E-003 1.1203876416666529E-002 2.5129237964844936E-003 9.5710644087274629E-004 0.0000000000000000E+000 0.0000000000000000E+000 0.0000000000000000E+000 0.0000000000000000E+000 0.0000000000000000E+000 0.0000000000000000E+000 0.0000000000000000E+000 0.0000000000000000E+000 0.0000000000000000E+000 0.0000000000000000E+000 -8.0436526471699583E+000 8.5000496627254163E-001 2.5489670450632513E+001 0.0000000000000000E+000 1.5950748441436142E+006 2.5538757441622156E+003 3.1973134941113450E+007 -2.0882644835816929E+001 -9.8999999999999986E+001 -9.8999999999999986E+001 -2.0882644835816929E+001 -9.8999999999999986E+001 -9.8999999999999986E+001 -2.2280512848543083E+001 0.0000000000000000E+000 0.0000000000000000E+000 0.0000000000000000E+000 0.0000000000000000E+000 0.0000000000000000E+000 0.0000000000000000E+000 0.0000000000000000E+000 0.0000000000000000E+000 0.0000000000000000E+000 0.0000000000000000E+000 0.0000000000000000E+000 0.0000000000000000E+000 -9.8999999999999986E+001 0.0000000000000000E+000 0.0000000000000000E+000 -3.7161348244618500E-010
6 9.9299199999999986E-005 9.9999999999996281E-001 2.4904515616918550E+000 1.4681142779251743E+000 3.6501851696866900E+000 5.4770600557283169E+000 -3.2889351428468356E+000 1.0311644410291111E+001 6.9999999999999996E-001 2.9797635251138621E-005 2.7997020236474884E-001 4.1193902129486445E-003 1.2067031330276047E-003 1.1203876416666529E-002 2.5129237964844936E-003 9.5710644087274629E-004 0.0000000000000000E+000 0.0000000000000000E+000 0.0000000000000000E+000 0.0000000000000000E+000 0.0000000000000000E+000 0.0000000000000000E+000 0.0000000000000000E+000 0.0000000000000000E+000 0.0000000000000000E+000 0.0000000000000000E+000 -8.0436523410294036E+000 8.5000496627254163E-001 2.5489669951392727E+001 0.0000000000000000E+000 1.5947954516706995E+006 2.5823416466262943E+003 3.2325737229903374E+007 -2.0882645129909001E+001 -9.8999999999999986E+001 -9.8999999999999986E+001 -2.0882645129909001E+001 -9.8999999999999986E+001 -9.8999999999999986E+001 -2.2280513142635154E+001 0.0000000000000000E+000 0.0000000000000000E+000 0.0000000000000000E+000 0.0000000000000000E+000 0.0000000000000000E+000 0.0000000000000000E+000 0.0000000000000000E+000 0.0000000000000000E+000 0.0000000000000000E+000 0.0000000000000000E+000 0.0000000000000000E+000 0.0000000000000000E+000 -9.8999999999999986E+001 0.0000000000000000E+000 0.0000000000000000E+000 -3.6765439922896306E-010
7 1.2915903999999998E-004 9.9999999999995193E-001 2.4847999868014372E+000 1.4680544088466445E+000 3.6488022105033502E+000 5.4770600680068622E+000 -3.2889349830168033E+000 1.0311644581850034E+001 6.9999999999999996E-001 2.9797635251138618E-005 2.7997020236474884E-001 4.1193902129486445E-003 1.2067031330276047E-003 1.1203876416666529E-002 2.5129237964844936E-003 9.5710644087274629E-004 0.0000000000000000E+000 0.0000000000000000E+000 0.0000000000000000E+000 0.0000000000000000E+000 0.0000000000000000E+000 0.0000000000000000E+000 0.0000000000000000E+000 0.0000000000000000E+000 0.0000000000000000E+000 0.0000000000000000E+000 -8.0436520231843591E+000 8.5000496627254141E-001 2.5489669433418779E+001 0.0000000000000000E+000 1.5944657132079692E+006 2.6165265345418620E+003 3.2749148550829574E+007 -2.0882644591268825E+001 -9.8999999999999986E+001 -9.8999999999999986E+001 -2.0882644591268825E+001 -9.8999999999999986E+001 -9.8999999999999986E+001 -2.2280512603994961E+001 0.0000000000000000E+000 0.0000000000000000E+000 0.0000000000000000E+000 0.0000000000000000E+000 0.0000000000000000E+000 0.0000000000000000E+000 0.0000000000000000E+000 0.0000000000000000E+000 0.0000000000000000E+000 0.0000000000000000E+000 0.0000000000000000E+000 0.0000000000000000E+000 -9.8999999999999986E+001 0.0000000000000000E+000 0.0000000000000000E+000 -3.6360163793665983E-010
8 1.6499084799999998E-004 9.9999999999993905E-001 2.4781997536917975E+000 1.4679849091668939E+000 3.6471869020658154E+000 5.4770600368522766E+000 -3.2889348872312332E+000 1.0311644645567576E+001 6.9999999999999996E-001 2.9797635251138618E-005 2.7997020236474884E-001 4.1193902129486445E-003 1.2067031330276047E-003 1.1203876416666529E-002 2.5129237964844936E-003 9.5710644087274629E-004 0.0000000000000000E+000 0.0000000000000000E+000 0.0000000000000000E+000 0.0000000000000000E+000 0.0000000000000000E+000 0.0000000000000000E+000 0.0000000000000000E+000 0.0000000000000000E+000 0.0000000000000000E+000 0.0000000000000000E+000 -8.0436517022616165E+000 8.5000496627254163E-001 2.5489668910100594E+001 0.0000000000000000E+000 1.5940830181867357E+006 2.6570203222253544E+003 3.3250658175700925E+007 -2.0882644911467768E+001 -9.8999999999999986E+001 -9.8999999999999986E+001 -2.0882644911467768E+001 -9.8999999999999986E+001 -9.8999999999999986E+001 -2.2280512924193900E+001 0.0000000000000000E+000 0.0000000000000000E+000 0.0000000000000000E+000 0.0000000000000000E+000 0.0000000000000000E+000 0.0000000000000000E+000 0.0000000000000000E+000 0.0000000000000000E+000 0.0000000000000000E+000 0.0000000000000000E+000 0.0000000000000000E+000 0.0000000000000000E+000 -9.8999999999999986E+001 0.0000000000000000E+000 0.0000000000000000E+000 -3.5885118688076466E-010
9 2.0798901759999997E-004 9.9999999999992362E-001 2.4706909080918651E+000 1.4679048918986775E+000 3.6453496992999406E+000 5.4770600090880990E+000 -3.2889347871818932E+000 1.0311644716971076E+001 6.9999999999999996E-001 2.9797635251138618E-005 2.7997020236474884E-001 4.1193902129486445E-003 1.2067031330276047E-003 1.1203876416666529E-002 2.5129237964844936E-003 9.5710644087274629E-004 0.0000000000000000E+000 0.0000000000000000E+000 0.0000000000000000E+000 0.0000000000000000E+000 0.0000000000000000E+000 0.0000000000000000E+000 0.0000000000000000E+000 0.0000000000000000E+000 0.0000000000000000E+000 0.0000000000000000E+000 -8.0436513832332750E+000 8.5000496627254163E-001 2.5489668389895606E+001 0.0000000000000000E+000 1.5936425225692568E+006 2.7038571234446472E+003 3.3830552611312911E+007 -2.0882645238566912E+001 -9.8999999999999986E+001 -9.8999999999999986E+001 -2.0882645238566912E+001 -9.8999999999999986E+001 -9.8999999999999986E+001 -2.2280513251293041E+001 0.0000000000000000E+000 0.0000000000000000E+000 0.0000000000000000E+000 0.0000000000000000E+000 0.0000000000000000E+000 0.0000000000000000E+000 0.0000000000000000E+000 0.0000000000000000E+000 0.0000000000000000E+000 0.0000000000000000E+000 0.0000000000000000E+000 0.0000000000000000E+000 -9.8999999999999986E+001 0.0000000000000000E+000 0.0000000000000000E+000 -3.5338218702028958E-010
10 2.5958682111999992E-004 9.9999999999990563E-001 2.4617091206218844E+000 1.4678125201537024E+000 3.6431504383049336E+000 5.4770599864489231E+000 -3.2889346831596074E+000 1.0311644797531949E+001 6.9999999999999996E-001 2.9797635251138618E-005 2.7997020236474884E-001 4.1193902129486445E-003 1.2067031330276047E-003 1.1203876416666529E-002 2.5129237964844936E-003 9.5710644087274629E-004 0.0000000000000000E+000 0.0000000000000000E+000 0.0000000000000000E+000 0.0000000000000000E+000 0.0000000000000000E+000 0.0000000000000000E+000 0.0000000000000000E+000 0.0000000000000000E+000 0.0000000000000000E+000 0.0000000000000000E+000 -8.0436510726282062E+000 8.5000496627254163E-001 2.5489667883458623E+001 0.0000000000000000E+000 1.5931341668335637E+006 2.7609459087122063E+003 3.4537498525080264E+007 -2.0882645563299963E+001 -9.8999999999999986E+001 -9.8999999999999986E+001 -2.0882645563299963E+001 -9.8999999999999986E+001 -9.8999999999999986E+001 -2.2280513576026088E+001 0.0000000000000000E+000 0.0000000000000000E+000 0.0000000000000000E+000 0.0000000000000000E+000 0.0000000000000000E+000 0.0000000000000000E+000 0.0000000000000000E+000 0.0000000000000000E+000 0.0000000000000000E+000 0.0000000000000000E+000 0.0000000000000000E+000 0.0000000000000000E+000 -9.8999999999999986E+001 0.0000000000000000E+000 0.0000000000000000E+000 -3.4726082391111888E-010
11 3.2150418534399988E-004 9.9999999999988454E-001 2.4523557123946018E+000 1.4677089052836974E+000 3.6408638936831150E+000 5.4770599701947464E+000 -3.2889345760213620E+000 1.0311644887676268E+001 6.9999999999999996E-001 2.9797635251138618E-005 2.7997020236474884E-001 4.1193902129486445E-003 1.2067031330276047E-003 1.1203876416666529E-002 2.5129237964844936E-003 9.5710644087274629E-004 0.0000000000000000E+000 0.0000000000000000E+000 0.0000000000000000E+000 0.0000000000000000E+000 0.0000000000000000E+000 0.0000000000000000E+000 0.0000000000000000E+000 0.0000000000000000E+000 0.0000000000000000E+000 0.0000000000000000E+000 -8.0436507766410994E+000 8.5000496627254141E-001 2.5489667400896497E+001 0.0000000000000000E+000 1.5925641290049348E+006 2.8217265291083290E+003 3.5289401070623420E+007 -2.0882645881656952E+001 -9.8999999999999986E+001 -9.8999999999999986E+001 -2.0882645881656952E+001 -9.8999999999999986E+001 -9.8999999999999986E+001 -2.2280513894383073E+001 0.0000000000000000E+000 0.0000000000000000E+000 0.0000000000000000E+000 0.0000000000000000E+000 0.0000000000000000E+000 0.0000000000000000E+000 0.0000000000000000E+000 0.0000000000000000E+000 0.0000000000000000E+000 0.0000000000000000E+000 0.0000000000000000E+000 0.0000000000000000E+000 -9.8999999999999986E+001 0.0000000000000000E+000 0.0000000000000000E+000 -3.4008042296752946E-010
12 3.9580502241279986E-004 9.9999999999985956E-001 2.4422923667718108E+000 1.4675925837600654E+000 3.6384062180392336E+000 5.4770599616228290E+000 -3.2889344662014941E+000 1.0311644988288622E+001 6.9999999999999996E-001 2.9797635251138618E-005 2.7997020236474884E-001 4.1193902129486445E-003 1.2067031330276047E-003 1.1203876416666529E-002 2.5129237964844936E-003 9.5710644087274618E-004 0.0000000000000000E+000 0.0000000000000000E+000 0.0000000000000000E+000 0.0000000000000000E+000 0.0000000000000000E+000 0.0000000000000000E+000 0.0000000000000000E+000 0.0000000000000000E+000 0.0000000000000000E+000 0.0000000000000000E+000 -8.0436505006423769E+000 8.5000496627254163E-001 2.5489666950971934E+001 0.0000000000000000E+000 1.5919244284593945E+006 2.8886477665952775E+003 3.6116664362418540E+007 -2.0882646183058551E+001 -9.8999999999999986E+001 -9.8999999999999986E+001 -2.0882646183058551E+001 -9.8999999999999986E+001 -9.8999999999999986E+001 -2.2280514195784669E+001 0.0000000000000000E+000 0.0000000000000000E+000 0.0000000000000000E+000 0.0000000000000000E+000 0.0000000000000000E+000 0.0000000000000000E+000 0.0000000000000000E+000 0.0000000000000000E+000 0.0000000000000000E+000 0.0000000000000000E+000 0.0000000000000000E+000 0.0000000000000000E+000 -9.8999999999999986E+001 0.0000000000000000E+000 0.0000000000000000E+000 -3.3275501461227917E-010
13 4.8496602689535978E-004 9.9999999999983047E-001 2.4314517280833634E+000 1.4674627567774996E+000 3.6357609718584047E+000 5.4770599616639872E+000 -3.2889343541558151E+000 1.0311645099860227E+001 6.9999999999999996E-001 2.9797635251138614E-005 2.7997020236474884E-001 4.1193902129486445E-003 1.2067031330276047E-003 1.1203876416666529E-002 2.5129237964844936E-003 9.5710644087274640E-004 0.0000000000000000E+000 0.0000000000000000E+000 0.0000000000000000E+000 0.0000000000000000E+000 0.0000000000000000E+000 0.0000000000000000E+000 0.0000000000000000E+000 0.0000000000000000E+000 0.0000000000000000E+000 0.0000000000000000E+000 -8.0436502488096480E+000 8.5000496627254141E-001 2.5489666540501286E+001 0.0000000000000000E+000 1.5912107591978770E+006 2.9625456703956338E+003 3.7029536151465803E+007 -2.0882646455698545E+001 -9.8999999999999986E+001 -9.8999999999999986E+001 -2.0882646455698545E+001 -9.8999999999999986E+001 -9.8999999999999986E+001 -2.2280514468424659E+001 0.0000000000000000E+000 0.0000000000000000E+000 0.0000000000000000E+000 0.0000000000000000E+000 0.0000000000000000E+000 0.0000000000000000E+000 0.0000000000000000E+000 0.0000000000000000E+000 0.0000000000000000E+000 0.0000000000000000E+000 0.0000000000000000E+000 0.0000000000000000E+000 -9.8999999999999986E+001 0.0000000000000000E+000 0.0000000000000000E+000 -3.2504608671342617E-010
14 5.9195923227443165E-004 9.9999999999979661E-001 2.4203770646065950E+000 1.4673200299883546E+000 3.6330636693837843E+000 5.4770599705573648E+000 -3.2889342407518871E+000 1.0311645221770286E+001 6.9999999999999996E-001 2.9797635251138618E-005 2.7997020236474884E-001 4.1193902129486445E-003 1.2067031330276047E-003 1.1203876416666529E-002 2.5129237964844936E-003 9.5710644087274640E-004 0.0000000000000000E+000 0.0000000000000000E+000 0.0000000000000000E+000 0.0000000000000000E+000 0.0000000000000000E+000 0.0000000000000000E+000 0.0000000000000000E+000 0.0000000000000000E+000 0.0000000000000000E+000 0.0000000000000000E+000 -8.0436500239038686E+000 8.5000496627254141E-001 2.5489666173986794E+001 0.0000000000000000E+000 1.5904265478733508E+006 3.0400620248410851E+003 3.7985945026628524E+007 -2.0882646691078669E+001 -9.8999999999999986E+001 -9.8999999999999986E+001 -2.0882646691078669E+001 -9.8999999999999986E+001 -9.8999999999999986E+001 -2.2280514703804773E+001 0.0000000000000000E+000 0.0000000000000000E+000 0.0000000000000000E+000 0.0000000000000000E+000 0.0000000000000000E+000 0.0000000000000000E+000 0.0000000000000000E+000 0.0000000000000000E+000 0.0000000000000000E+000 0.0000000000000000E+000 0.0000000000000000E+000 0.0000000000000000E+000 -9.8999999999999986E+001 0.0000000000000000E+000 0.0000000000000000E+000 -3.1693811906698969E-010
15 7.2035107872931792E-004 9.9999999999975686E-001 2.4077645350326220E+000 1.4671615556165882E+000 3.6299897741761744E+000 5.4770599889816918E+000 -3.2889341255216942E+000 1.0311645355173690E+001 6.9999999999999996E-001 2.9797635251138618E-005 2.7997020236474884E-001 4.1193902129486445E-003 1.2067031330276047E-003 1.1203876416666529E-002 2.5129237964844936E-003 9.5710644087274629E-004 0.0000000000000000E+000 0.0000000000000000E+000 0.0000000000000000E+000 0.0000000000000000E+000 0.0000000000000000E+000 0.0000000000000000E+000 0.0000000000000000E+000 0.0000000000000000E+000 0.0000000000000000E+000 0.0000000000000000E+000 -8.0436498271713255E+000 8.5000496627254163E-001 2.5489665853464825E+001 0.0000000000000000E+000 1.5895562643673471E+006 3.1307864702070533E+003 3.9105285863150924E+007 -2.0882646862531516E+001 -9.8999999999999986E+001 -9.8999999999999986E+001 -2.0882646862531516E+001 -9.8999999999999986E+001 -9.8999999999999986E+001 -2.2280514875257612E+001 0.0000000000000000E+000 0.0000000000000000E+000 0.0000000000000000E+000 0.0000000000000000E+000 0.0000000000000000E+000 0.0000000000000000E+000 0.0000000000000000E+000 0.0000000000000000E+000 0.0000000000000000E+000 0.0000000000000000E+000 0.0000000000000000E+000 0.0000000000000000E+000 -9.8999999999999986E+001 0.0000000000000000E+000 0.0000000000000000E+000 -3.0885674198515707E-010
16 8.7442129447518155E-004 9.9999999999971068E-001 2.3952862116609799E+000 1.4669917162860204E+000 3.6269551129985480E+000 5.4770600157239162E+000 -3.2889340102495819E+000 1.0311645497062857E+001 6.9999999999999996E-001 2.9797635251138621E-005 2.7997020236474884E-001 4.1193902129486445E-003 1.2067031330276047E-003 1.1203876416666529E-002 2.5129237964844936E-003 9.5710644087274629E-004 0.0000000000000000E+000 0.0000000000000000E+000 0.0000000000000000E+000 0.0000000000000000E+000 0.0000000000000000E+000 0.0000000000000000E+000 0.0000000000000000E+000 0.0000000000000000E+000 0.0000000000000000E+000 0.0000000000000000E+000 -8.0436496585162622E+000 8.5000496627254141E-001 2.5489665578769745E+001 0.0000000000000000E+000 1.5886240973147296E+006 3.2233065524468889E+003 4.0245172047961786E+007 -2.0882646970295568E+001 -9.8999999999999986E+001 -9.8999999999999986E+001 -2.0882646970295568E+001 -9.8999999999999986E+001 -9.8999999999999986E+001 -2.2280514983021657E+001 0.0000000000000000E+000 0.0000000000000000E+000 0.0000000000000000E+000 0.0000000000000000E+000 0.0000000000000000E+000 0.0000000000000000E+000 0.0000000000000000E+000 0.0000000000000000E+000 0.0000000000000000E+000 0.0000000000000000E+000 0.0000000000000000E+000 0.0000000000000000E+000 -9.8999999999999986E+001 0.0000000000000000E+000 0.0000000000000000E+000 -2.9990664050719611E-010
17 1.0593055533702177E-003 9.9999999999965672E-001 2.3825465930608241E+000 1.4668096854679358E+000 3.6238612237575514E+000 5.4770600503234714E+000 -3.2889338950534128E+000 1.0311645646852913E+001 6.9999999999999996E-001 2.9797635251138621E-005 2.7997020236474884E-001 4.1193902129486445E-003 1.2067031330276047E-003 1.1203876416666529E-002 2.5129237964844936E-003 9.5710644087274629E-004 0.0000000000000000E+000 0.0000000000000000E+000 0.0000000000000000E+000 0.0000000000000000E+000 0.0000000000000000E+000 0.0000000000000000E+000 0.0000000000000000E+000 0.0000000000000000E+000 0.0000000000000000E+000 0.0000000000000000E+000 -8.0436495166438231E+000 8.5000496627254141E-001 2.5489665347788122E+001 0.0000000000000000E+000 1.5876256239166905E+006 3.3206512045570080E+003 4.1443211951520376E+007 -2.0882646994624984E+001 -9.8999999999999986E+001 -9.8999999999999986E+001 -2.0882646994624984E+001 -9.8999999999999986E+001 -9.8999999999999986E+001 -2.2280515007351067E+001 0.0000000000000000E+000 0.0000000000000000E+000 0.0000000000000000E+000 0.0000000000000000E+000 0.0000000000000000E+000 0.0000000000000000E+000 0.0000000000000000E+000 0.0000000000000000E+000 0.0000000000000000E+000 0.0000000000000000E+000 0.0000000000000000E+000 0.0000000000000000E+000 -9.8999999999999986E+001 0.0000000000000000E+000 0.0000000000000000E+000 -2.9129827931270163E-010
18 1.2811666640442612E-003 9.9999999999959388E-001 2.3685830195128235E+000 1.4666133748550489E+000 3.6204684856769949E+000 5.4770600929076299E+000 -3.2889337787681674E+000 1.0311645805832718E+001 6.9999999999999996E-001 2.9797635251138618E-005 2.7997020236474884E-001 4.1193902129486445E-003 1.2067031330276047E-003 1.1203876416666529E-002 2.5129237964844936E-003 9.5710644087274618E-004 0.0000000000000000E+000 0.0000000000000000E+000 0.0000000000000000E+000 0.0000000000000000E+000 0.0000000000000000E+000 0.0000000000000000E+000 0.0000000000000000E+000 0.0000000000000000E+000 0.0000000000000000E+000 0.0000000000000000E+000 -8.0436493993651439E+000 8.5000496627254163E-001 2.5489665156953080E+001 0.0000000000000000E+000 1.5865495264679906E+006 3.4307031762937240E+003 4.2797360054968581E+007 -2.0882646902221246E+001 -9.8999999999999986E+001 -9.8999999999999986E+001 -2.0882646902221246E+001 -9.8999999999999986E+001 -9.8999999999999986E+001 -2.2280514914947315E+001 0.0000000000000000E+000 0.0000000000000000E+000 0.0000000000000000E+000 0.0000000000000000E+000 0.0000000000000000E+000 0.0000000000000000E+000 0.0000000000000000E+000 0.0000000000000000E+000 0.0000000000000000E+000 0.0000000000000000E+000 0.0000000000000000E+000 0.0000000000000000E+000 -9.8999999999999986E+001 0.0000000000000000E+000 0.0000000000000000E+000 -2.8275889112850786E-010
19 1.5473999968531134E-003 9.9999999999952094E-001 2.3560696201111311E+000 1.4664106447712808E+000 3.6174415008684555E+000 5.4770601409454427E+000 -3.2889336640224989E+000 1.0311645968816398E+001 6.9999999999999996E-001 2.9797635251138618E-005 2.7997020236474884E-001 4.1193902129486445E-003 1.2067031330276047E-003 1.1203876416666529E-002 2.5129237964844936E-003 9.5710644087274618E-004 0.0000000000000000E+000 0.0000000000000000E+000 0.0000000000000000E+000 0.0000000000000000E+000 0.0000000000000000E+000 0.0000000000000000E+000 0.0000000000000000E+000 0.0000000000000000E+000 0.0000000000000000E+000 0.0000000000000000E+000 -8.0436493040195920E+000 8.5000496627254163E-001 2.5489665001908620E+001 0.0000000000000000E+000 1.5854390055519473E+006 3.5326391212425524E+003 4.4048424547744341E+007 -2.0882646710392176E+001 -9.8999999999999986E+001 -9.8999999999999986E+001 -2.0882646710392176E+001 -9.8999999999999986E+001 -9.8999999999999986E+001 -2.2280514723118230E+001 0.0000000000000000E+000 0.0000000000000000E+000 0.0000000000000000E+000 0.0000000000000000E+000 0.0000000000000000E+000 0.0000000000000000E+000 0.0000000000000000E+000 0.0000000000000000E+000 0.0000000000000000E+000 0.0000000000000000E+000 0.0000000000000000E+000 0.0000000000000000E+000 -9.8999999999999986E+001 0.0000000000000000E+000 0.0000000000000000E+000 -2.7368839686078290E-010
20 1.8668799962237360E-003 9.9999999999943623E-001 2.3433469395236437E+000 1.4661970959195965E+000 3.6143676051474261E+000 5.4770601954755795E+000 -3.2889335479048958E+000 1.0311646139756473E+001 6.9999999999999996E-001 2.9797635251138618E-005 2.7997020236474884E-001 4.1193902129486445E-003 1.2067031330276047E-003 1.1203876416666529E-002 2.5129237964844936E-003 9.5710644087274618E-004 0.0000000000000000E+000 0.0000000000000000E+000 0.0000000000000000E+000 0.0000000000000000E+000 0.0000000000000000E+000 0.0000000000000000E+000 0.0000000000000000E+000 0.0000000000000000E+000 0.0000000000000000E+000 0.0000000000000000E+000 -8.0436492275775038E+000 8.5000496627254163E-001 2.5489664877724611E+001 0.0000000000000000E+000 1.5842700619048213E+006 3.6394478736926153E+003 4.5357912666819602E+007 -2.0882646373049813E+001 -9.8999999999999986E+001 -9.8999999999999986E+001 -2.0882646373049813E+001 -9.8999999999999986E+001 -9.8999999999999986E+001 -2.2280514385775852E+001 0.0000000000000000E+000 0.0000000000000000E+000 0.0000000000000000E+000 0.0000000000000000E+000 0.0000000000000000E+000 0.0000000000000000E+000 0.0000000000000000E+000 0.0000000000000000E+000 0.0000000000000000E+000 0.0000000000000000E+000 0.0000000000000000E+000 0.0000000000000000E+000 -9.8999999999999986E+001 0.0000000000000000E+000 0.0000000000000000E+000 -2.6579099087106832E-010
21 2.2502559954684829E-003 9.9999999999933720E-001 2.3308927073971915E+000 1.4659749070116974E+000 3.6113651415697618E+000 5.4770602561073201E+000 -3.2889334296710619E+000 1.0311646318997163E+001 6.9999999999999996E-001 2.9797635251138618E-005 2.7997020236474884E-001 4.1193902129486445E-003 1.2067031330276047E-003 1.1203876416666529E-002 2.5129237964844936E-003 9.5710644087274629E-004 0.0000000000000000E+000 0.0000000000000000E+000 0.0000000000000000E+000 0.0000000000000000E+000 0.0000000000000000E+000 0.0000000000000000E+000 0.0000000000000000E+000 0.0000000000000000E+000 0.0000000000000000E+000 0.0000000000000000E+000 -8.0436491670417674E+000 8.5000496627254163E-001 2.5489664779512939E+001 0.0000000000000000E+000 1.5830547383748018E+006 3.7472435831006028E+003 4.6677468291838475E+007 -2.0882645876286706E+001 -9.8999999999999986E+001 -9.8999999999999986E+001 -2.0882645876286706E+001 -9.8999999999999986E+001 -9.8999999999999986E+001 -2.2280513889012727E+001 0.0000000000000000E+000 0.0000000000000000E+000 0.0000000000000000E+000 0.0000000000000000E+000 0.0000000000000000E+000 0.0000000000000000E+000 0.0000000000000000E+000 0.0000000000000000E+000 0.0000000000000000E+000 0.0000000000000000E+000 0.0000000000000000E+000 0.0000000000000000E+000 -9.8999999999999986E+001 0.0000000000000000E+000 0.0000000000000000E+000 -2.5799068567843411E-010
22 2.7103071945621796E-003 9.9999999999922207E-001 2.3187684110990099E+000 1.4657449671856506E+000 3.6084490374082403E+000 5.4770603231093258E+000 -3.2889333076490503E+000 1.0311646508475464E+001 6.9999999999999996E-001 2.9797635251138618E-005 2.7997020236474884E-001 4.1193902129486445E-003 1.2067031330276047E-003 1.1203876416666529E-002 2.5129237964844936E-003 9.5710644087274629E-004 0.0000000000000000E+000 0.0000000000000000E+000 0.0000000000000000E+000 0.0000000000000000E+000 0.0000000000000000E+000 0.0000000000000000E+000 0.0000000000000000E+000 0.0000000000000000E+000 0.0000000000000000E+000 0.0000000000000000E+000 -8.0436491195623603E+000 8.5000496627254163E-001 2.5489664702630634E+001 0.0000000000000000E+000 1.5817980006997201E+006 3.8553708615811615E+003 4.7998933622986898E+007 -2.0882645200129382E+001 -9.8999999999999986E+001 -9.8999999999999986E+001 -2.0882645200129382E+001 -9.8999999999999986E+001 -9.8999999999999986E+001 -2.2280513212855386E+001 0.0000000000000000E+000 0.0000000000000000E+000 0.0000000000000000E+000 0.0000000000000000E+000 0.0000000000000000E+000 0.0000000000000000E+000 0.0000000000000000E+000 0.0000000000000000E+000 0.0000000000000000E+000 0.0000000000000000E+000 0.0000000000000000E+000 0.0000000000000000E+000 -9.8999999999999986E+001 0.0000000000000000E+000 0.0000000000000000E+000 -2.5056915345969334E-010
23 3.2623686334746159E-003 9.9999999999908740E-001 2.3072996021272343E+000 1.4655101083632425E+000 3.6056992645765007E+000 5.4770603966861025E+000 -3.2889331803899498E+000 1.0311646709841215E+001 6.9999999999999996E-001 2.9797635251138618E-005 2.7997020236474884E-001 4.1193902129486445E-003 1.2067031330276047E-003 1.1203876416666529E-002 2.5129237964844936E-003 9.5710644087274629E-004 0.0000000000000000E+000 0.0000000000000000E+000 0.0000000000000000E+000 0.0000000000000000E+000 0.0000000000000000E+000 0.0000000000000000E+000 0.0000000000000000E+000 0.0000000000000000E+000 0.0000000000000000E+000 0.0000000000000000E+000 -8.0436490825735607E+000 8.5000496627254163E-001 2.5489664642896564E+001 0.0000000000000000E+000 1.5805154081384854E+006 3.9606806671071595E+003 4.9283370069914006E+007 -2.0882644332130429E+001 -9.8999999999999986E+001 -9.8999999999999986E+001 -2.0882644332130429E+001 -9.8999999999999986E+001 -9.8999999999999986E+001 -2.2280512344856412E+001 0.0000000000000000E+000 0.0000000000000000E+000 0.0000000000000000E+000 0.0000000000000000E+000 0.0000000000000000E+000 0.0000000000000000E+000 0.0000000000000000E+000 0.0000000000000000E+000 0.0000000000000000E+000 0.0000000000000000E+000 0.0000000000000000E+000 0.0000000000000000E+000 -9.8999999999999986E+001 0.0000000000000000E+000 0.0000000000000000E+000 -2.4354172040393476E-010
24 3.9248423601695387E-003 9.9999999999893052E-001 2.2963690438137818E+000 1.4652705174531271E+000 3.6030864204531952E+000 5.4770604779910865E+000 -3.2889330451537866E+000 1.0311646926992708E+001 6.9999999999999996E-001 2.9797635251138614E-005 2.7997020236474884E-001 4.1193902129486445E-003 1.2067031330276047E-003 1.1203876416666529E-002 2.5129237964844936E-003 9.5710644087274629E-004 0.0000000000000000E+000 0.0000000000000000E+000 0.0000000000000000E+000 0.0000000000000000E+000 0.0000000000000000E+000 0.0000000000000000E+000 0.0000000000000000E+000 0.0000000000000000E+000 0.0000000000000000E+000 0.0000000000000000E+000 -8.0436490538201468E+000 8.5000496627254141E-001 2.5489664596644602E+001 0.0000000000000000E+000 1.5792080446914767E+006 4.0638715997089639E+003 5.0539501764805764E+007 -2.0882643247710554E+001 -9.8999999999999986E+001 -9.8999999999999986E+001 -2.0882643247710554E+001 -9.8999999999999986E+001 -9.8999999999999986E+001 -2.2280511260436509E+001 0.0000000000000000E+000 0.0000000000000000E+000 0.0000000000000000E+000 0.0000000000000000E+000 0.0000000000000000E+000 0.0000000000000000E+000 0.0000000000000000E+000 0.0000000000000000E+000 0.0000000000000000E+000 0.0000000000000000E+000 0.0000000000000000E+000 0.0000000000000000E+000 -9.8999999999999986E+001 0.0000000000000000E+000 0.0000000000000000E+000 -2.3706623465565703E-010
25 4.7198108322034464E-003 9.9999999999874689E-001 2.2860958798097064E+000 1.4650284701835286E+000 3.6006391530869757E+000 5.4770606118910470E+000 -3.2889328329151999E+000 1.0311647274184669E+001 6.9999999999999996E-001 2.9797635251138618E-005 2.7997020236474884E-001 4.1193902129486445E-003 1.2067031330276047E-003 1.1203876416666529E-002 2.5129237964844936E-003 9.5710644087274629E-004 0.0000000000000000E+000 0.0000000000000000E+000 0.0000000000000000E+000 0.0000000000000000E+000 0.0000000000000000E+000 0.0000000000000000E+000 0.0000000000000000E+000 0.0000000000000000E+000 0.0000000000000000E+000 0.0000000000000000E+000 -8.0436490300339063E+000 8.5000496627254141E-001 2.5489664558885938E+001 0.0000000000000000E+000 1.5778883758566680E+006 4.1634675966531304E+003 5.1749257176749863E+007 -2.0882641110290251E+001 -9.8999999999999986E+001 -9.8999999999999986E+001 -2.0882641110290251E+001 -9.8999999999999986E+001 -9.8999999999999986E+001 -2.2280509123016156E+001 0.0000000000000000E+000 0.0000000000000000E+000 0.0000000000000000E+000 0.0000000000000000E+000 0.0000000000000000E+000 0.0000000000000000E+000 0.0000000000000000E+000 0.0000000000000000E+000 0.0000000000000000E+000 0.0000000000000000E+000 0.0000000000000000E+000 0.0000000000000000E+000 -9.8999999999999986E+001 0.0000000000000000E+000 0.0000000000000000E+000 -2.3104658436837575E-010
26 5.6737729986441349E-003 9.9999999999853173E-001 2.2761564842019277E+000 1.4647850714749904E+000 3.5982760035393002E+000 5.4770607347164217E+000 -3.2889326397715211E+000 1.0311647591127107E+001 6.9999999999999996E-001 2.9797635251138618E-005 2.7997020236474884E-001 4.1193902129486445E-003 1.2067031330276047E-003 1.1203876416666529E-002 2.5129237964844936E-003 9.5710644087274618E-004 0.0000000000000000E+000 0.0000000000000000E+000 0.0000000000000000E+000 0.0000000000000000E+000 0.0000000000000000E+000 0.0000000000000000E+000 0.0000000000000000E+000 0.0000000000000000E+000 0.0000000000000000E+000 0.0000000000000000E+000 -8.0436490116805608E+000 8.5000496627254163E-001 2.5489664529898942E+001 0.0000000000000000E+000 1.5765624508609907E+006 4.2622408126425626E+003 5.2947263089588597E+007 -2.0882639113414157E+001 -9.8999999999999986E+001 -9.8999999999999986E+001 -2.0882639113414157E+001 -9.8999999999999986E+001 -9.8999999999999986E+001 -2.2280507126140019E+001 0.0000000000000000E+000 0.0000000000000000E+000 0.0000000000000000E+000 0.0000000000000000E+000 0.0000000000000000E+000 0.0000000000000000E+000 0.0000000000000000E+000 0.0000000000000000E+000 0.0000000000000000E+000 0.0000000000000000E+000 0.0000000000000000E+000 0.0000000000000000E+000 -9.8999999999999986E+001 0.0000000000000000E+000 0.0000000000000000E+000 -2.2551962531881244E-010
27 6.8185275983729619E-003 9.9999999999827982E-001 2.2674276185452862E+000 1.4645466357144590E+000 3.5962130050054055E+000 5.4770608500768034E+000 -3.2889324596932608E+000 1.0311647887486085E+001 6.9999999999999996E-001 2.9797635251138618E-005 2.7997020236474884E-001 4.1193902129486445E-003 1.2067031330276047E-003 1.1203876416666529E-002 2.5129237964844936E-003 9.5710644087274629E-004 0.0000000000000000E+000 0.0000000000000000E+000 0.0000000000000000E+000 0.0000000000000000E+000 0.0000000000000000E+000 0.0000000000000000E+000 0.0000000000000000E+000 0.0000000000000000E+000 0.0000000000000000E+000 0.0000000000000000E+000 -8.0436489974260681E+000 8.5000496627254141E-001 2.5489664507536677E+001 0.0000000000000000E+000 1.5752646420952221E+006 4.3511623178275304E+003 5.4022214309225582E+007 -2.0882637197582721E+001 -9.8999999999999986E+001 -9.8999999999999986E+001 -2.0882637197582721E+001 -9.8999999999999986E+001 -9.8999999999999986E+001 -2.2280505210308540E+001 0.0000000000000000E+000 0.0000000000000000E+000 0.0000000000000000E+000 0.0000000000000000E+000 0.0000000000000000E+000 0.0000000000000000E+000 0.0000000000000000E+000 0.0000000000000000E+000 0.0000000000000000E+000 0.0000000000000000E+000 0.0000000000000000E+000 0.0000000000000000E+000 -9.8999999999999986E+001 0.0000000000000000E+000 0.0000000000000000E+000 -2.2029343101378832E-010
28 8.1922331180475545E-003 9.9999999999798328E-001 2.2594575342865739E+000 1.4643125372456334E+000 3.5943375331751399E+000 5.4770609813331452E+000 -3.2889322567459920E+000 1.0311648222745795E+001 6.9999999999999996E-001 2.9797635251138618E-005 2.7997020236474884E-001 4.1193902129486445E-003 1.2067031330276047E-003 1.1203876416666529E-002 2.5129237964844936E-003 9.5710644087274629E-004 0.0000000000000000E+000 0.0000000000000000E+000 0.0000000000000000E+000 0.0000000000000000E+000 0.0000000000000000E+000 0.0000000000000000E+000 0.0000000000000000E+000 0.0000000000000000E+000 0.0000000000000000E+000 0.0000000000000000E+000 -8.0436489855805782E+000 8.5000496627254141E-001 2.5489664489220974E+001 0.0000000000000000E+000 1.5739914806344660E+006 4.4341406778148721E+003 5.5022771965121835E+007 -2.0882634933719569E+001 -9.8999999999999986E+001 -9.8999999999999986E+001 -2.0882634933719569E+001 -9.8999999999999986E+001 -9.8999999999999986E+001 -2.2280502946445342E+001 0.0000000000000000E+000 0.0000000000000000E+000 0.0000000000000000E+000 0.0000000000000000E+000 0.0000000000000000E+000 0.0000000000000000E+000 0.0000000000000000E+000 0.0000000000000000E+000 0.0000000000000000E+000 0.0000000000000000E+000 0.0000000000000000E+000 0.0000000000000000E+000 -9.8999999999999986E+001 0.0000000000000000E+000 0.0000000000000000E+000 -2.1579145613041420E-010
29 9.8406797416570636E-003 9.9999999999763423E-001 2.2522296360080443E+000 1.4640845959983102E+000 3.5926445292291693E+000 5.4770611320121638E+000 -3.2889320252392045E+000 1.0311648606150758E+001 6.9999999999999996E-001 2.9797635251138618E-005 2.7997020236474884E-001 4.1193902129486445E-003 1.2067031330276047E-003 1.1203876416666529E-002 2.5129237964844936E-003 9.5710644087274629E-004 0.0000000000000000E+000 0.0000000000000000E+000 0.0000000000000000E+000 0.0000000000000000E+000 0.0000000000000000E+000 0.0000000000000000E+000 0.0000000000000000E+000 0.0000000000000000E+000 0.0000000000000000E+000 0.0000000000000000E+000 -8.0436489752915854E+000 8.5000496627254141E-001 2.5489664473589215E+001 0.0000000000000000E+000 1.5727527944300347E+006 4.5109218894579735E+003 5.5946170428782590E+007 -2.0882632263877092E+001 -9.8999999999999986E+001 -9.8999999999999986E+001 -2.0882632263877092E+001 -9.8999999999999986E+001 -9.8999999999999986E+001 -2.2280500276602808E+001 0.0000000000000000E+000 0.0000000000000000E+000 0.0000000000000000E+000 0.0000000000000000E+000 0.0000000000000000E+000 0.0000000000000000E+000 0.0000000000000000E+000 0.0000000000000000E+000 0.0000000000000000E+000 0.0000000000000000E+000 0.0000000000000000E+000 0.0000000000000000E+000 -9.8999999999999986E+001 0.0000000000000000E+000 0.0000000000000000E+000 -2.1175323938667215E-010
30 1.1818815689988476E-002 9.9999999999722233E-001 2.2457311418361292E+000 1.4638644370746403E+000 3.5911299851480258E+000 5.4770613065611506E+000 -3.2889317581574389E+000 1.0311649049198859E+001 6.9999999999999996E-001 2.9797635251138618E-005 2.7997020236474884E-001 4.1193902129486445E-003 1.2067031330276047E-003 1.1203876416666529E-002 2.5129237964844936E-003 9.5710644087274618E-004 0.0000000000000000E+000 0.0000000000000000E+000 0.0000000000000000E+000 0.0000000000000000E+000 0.0000000000000000E+000 0.0000000000000000E+000 0.0000000000000000E+000 0.0000000000000000E+000 0.0000000000000000E+000 0.0000000000000000E+000 -8.0436489658448682E+000 8.5000496627254163E-001 2.5489664459511420E+001 0.0000000000000000E+000 1.5715573246621587E+006 4.5812496633437013E+003 5.6789606334202968E+007 -2.0882629112424048E+001 -9.8999999999999986E+001 -9.8999999999999986E+001 -2.0882629112424048E+001 -9.8999999999999986E+001 -9.8999999999999986E+001 -2.2280497125149701E+001 0.0000000000000000E+000 0.0000000000000000E+000 0.0000000000000000E+000 0.0000000000000000E+000 0.0000000000000000E+000 0.0000000000000000E+000 0.0000000000000000E+000 0.0000000000000000E+000 0.0000000000000000E+000 0.0000000000000000E+000 0.0000000000000000E+000 0.0000000000000000E+000 -9.8999999999999986E+001 0.0000000000000000E+000 0.0000000000000000E+000 -2.0814894946806690E-010
31 1.4192578827986170E-002 9.9999999999673572E-001 2.2399415864106023E+000 1.4636535050762307E+000 3.5897880622908489E+000 5.4770615106347744E+000 -3.2889314466977839E+000 1.0311649566392903E+001 6.9999999999999996E-001 2.9797635251138618E-005 2.7997020236474884E-001 4.1193902129486445E-003 1.2067031330276047E-003 1.1203876416666529E-002 2.5129237964844936E-003 9.5710644087274629E-004 0.0000000000000000E+000 0.0000000000000000E+000 0.0000000000000000E+000 0.0000000000000000E+000 0.0000000000000000E+000 0.0000000000000000E+000 0.0000000000000000E+000 0.0000000000000000E+000 0.0000000000000000E+000 0.0000000000000000E+000 -8.0436489565957281E+000 8.5000496627254141E-001 2.5489664445979052E+001 0.0000000000000000E+000 1.5704128097578525E+006 4.6449864077902994E+003 5.7551734051277958E+007 -2.0882625380285322E+001 -9.8999999999999986E+001 -9.8999999999999986E+001 -2.0882625380285322E+001 -9.8999999999999986E+001 -9.8999999999999986E+001 -2.2280493393010900E+001 0.0000000000000000E+000 0.0000000000000000E+000 0.0000000000000000E+000 0.0000000000000000E+000 0.0000000000000000E+000 0.0000000000000000E+000 0.0000000000000000E+000 0.0000000000000000E+000 0.0000000000000000E+000 0.0000000000000000E+000 0.0000000000000000E+000 0.0000000000000000E+000 -9.8999999999999986E+001 0.0000000000000000E+000 0.0000000000000000E+000 -2.0495360904157623E-010
32 1.7041094593583404E-002 9.9999999999615996E-001 2.2348337491466421E+000 1.4634530369596797E+000 3.5886113370331341E+000 5.4770617514372608E+000 -3.2889310797455296E+000 1.0311650176109906E+001 6.9999999999999996E-001 2.9797635251138618E-005 2.7997020236474884E-001 4.1193902129486445E-003 1.2067031330276047E-003 1.1203876416666529E-002 2.5129237964844936E-003 9.5710644087274629E-004 0.0000000000000000E+000 0.0000000000000000E+000 0.0000000000000000E+000 0.0000000000000000E+000 0.0000000000000000E+000 0.0000000000000000E+000 0.0000000000000000E+000 0.0000000000000000E+000 0.0000000000000000E+000 0.0000000000000000E+000 -8.0436489469487231E+000 8.5000496627254141E-001 2.5489664432076307E+001 0.0000000000000000E+000 1.5693258442967525E+006 4.7021096555787190E+003 5.8232609345825337E+007 -2.0882620938435064E+001 -9.8999999999999986E+001 -9.8999999999999986E+001 -2.0882620938435064E+001 -9.8999999999999986E+001 -9.8999999999999986E+001 -2.2280488951160546E+001 0.0000000000000000E+000 0.0000000000000000E+000 0.0000000000000000E+000 0.0000000000000000E+000 0.0000000000000000E+000 0.0000000000000000E+000 0.0000000000000000E+000 0.0000000000000000E+000 0.0000000000000000E+000 0.0000000000000000E+000 0.0000000000000000E+000 0.0000000000000000E+000 -9.8999999999999986E+001 0.0000000000000000E+000 0.0000000000000000E+000 -2.0214131323346812E-010
33 2.0459313512300088E-002 9.9999999999547728E-001 2.2303708254330785E+000 1.4632640075482910E+000 3.5875901208104373E+000 5.4770620383027042E+000 -3.2889306429898508E+000 1.0311650902070445E+001 6.9999999999999996E-001 2.9797635251138618E-005 2.7997020236474884E-001 4.1193902129486445E-003 1.2067031330276047E-003 1.1203876416666529E-002 2.5129237964844936E-003 9.5710644087274629E-004 0.0000000000000000E+000 0.0000000000000000E+000 0.0000000000000000E+000 0.0000000000000000E+000 0.0000000000000000E+000 0.0000000000000000E+000 0.0000000000000000E+000 0.0000000000000000E+000 0.0000000000000000E+000 0.0000000000000000E+000 -8.0436489363344172E+000 8.5000496627254141E-001 2.5489664416946326E+001 0.0000000000000000E+000 1.5683015902414217E+006 4.7527471052156270E+003 5.8834108160220698E+007 -2.0882615617145504E+001 -9.8999999999999986E+001 -9.8999999999999986E+001 -2.0882615617145504E+001 -9.8999999999999986E+001 -9.8999999999999986E+001 -2.2280483629870879E+001 0.0000000000000000E+000 0.0000000000000000E+000 0.0000000000000000E+000 0.0000000000000000E+000 0.0000000000000000E+000 0.0000000000000000E+000 0.0000000000000000E+000 0.0000000000000000E+000 0.0000000000000000E+000 0.0000000000000000E+000 0.0000000000000000E+000 0.0000000000000000E+000 -9.8999999999999986E+001 0.0000000000000000E+000 0.0000000000000000E+000 -1.9968561373463720E-010
34 2.4561176214760103E-002 9.9999999999466693E-001 2.2263013853767712E+000 1.4630862199169750E+000 3.5866616546120187E+000 5.4770623838971044E+000 -3.2889301170895315E+000 1.0311651776384771E+001 6.9999999999999996E-001 2.9797635251138618E-005 2.7997020236474884E-001 4.1193902129486445E-003 1.2067031330276047E-003 1.1203876416666529E-002 2.5129237964844936E-003 9.5710644087274629E-004 0.0000000000000000E+000 0.0000000000000000E+000 0.0000000000000000E+000 0.0000000000000000E+000 0.0000000000000000E+000 0.0000000000000000E+000 0.0000000000000000E+000 0.0000000000000000E+000 0.0000000000000000E+000 0.0000000000000000E+000 -8.0436489241555016E+000 8.5000496627254141E-001 2.5489664399711426E+001 0.0000000000000000E+000 1.5673388597205391E+006 4.7994551064104608E+003 5.9387988344070055E+007 -2.0882609183649624E+001 -9.8999999999999986E+001 -9.8999999999999986E+001 -2.0882609183649624E+001 -9.8999999999999986E+001 -9.8999999999999986E+001 -2.2280477196374868E+001 0.0000000000000000E+000 0.0000000000000000E+000 0.0000000000000000E+000 0.0000000000000000E+000 0.0000000000000000E+000 0.0000000000000000E+000 0.0000000000000000E+000 0.0000000000000000E+000 0.0000000000000000E+000 0.0000000000000000E+000 0.0000000000000000E+000 0.0000000000000000E+000 -9.8999999999999986E+001 0.0000000000000000E+000 0.0000000000000000E+000 -1.9755809253784431E-010
35 2.9483411457712123E-002 9.9999999999370393E-001 2.2231631275262536E+000 1.4629227970393295E+000 3.5859588015882116E+000 5.4770628019877652E+000 -3.2889294810542533E+000 1.0311652833922638E+001 6.9999999999999996E-001 2.9797635251138618E-005 2.7997020236474884E-001 4.1193902129486445E-003 1.2067031330276047E-003 1.1203876416666529E-002 2.5129237964844936E-003 9.5710644087274629E-004 0.0000000000000000E+000 0.0000000000000000E+000 0.0000000000000000E+000 0.0000000000000000E+000 0.0000000000000000E+000 0.0000000000000000E+000 0.0000000000000000E+000 0.0000000000000000E+000 0.0000000000000000E+000 0.0000000000000000E+000 -8.0436489098359303E+000 8.5000496627254141E-001 2.5489664379537757E+001 0.0000000000000000E+000 1.5664544364909339E+006 4.8360815358611981E+003 5.9818686488781989E+007 -2.0882601384226184E+001 -9.8999999999999986E+001 -9.8999999999999986E+001 -2.0882601384226184E+001 -9.8999999999999986E+001 -9.8999999999999986E+001 -2.2280469396951265E+001 0.0000000000000000E+000 0.0000000000000000E+000 0.0000000000000000E+000 0.0000000000000000E+000 0.0000000000000000E+000 0.0000000000000000E+000 0.0000000000000000E+000 0.0000000000000000E+000 0.0000000000000000E+000 0.0000000000000000E+000 0.0000000000000000E+000 0.0000000000000000E+000 -9.8999999999999986E+001 0.0000000000000000E+000 0.0000000000000000E+000 -1.9563546936115406E-010
36 3.5390093749254538E-002 9.9999999999255706E-001 2.2203569026967611E+000 1.4627715844332956E+000 3.5853328516838556E+000 5.4770633143083591E+000 -3.2889287018016886E+000 1.0311654129677317E+001 6.9999999999999996E-001 2.9797635251138618E-005 2.7997020236474884E-001 4.1193902129486445E-003 1.2067031330276047E-003 1.1203876416666529E-002 2.5129237964844936E-003 9.5710644087274629E-004 0.0000000000000000E+000 0.0000000000000000E+000 0.0000000000000000E+000 0.0000000000000000E+000 0.0000000000000000E+000 0.0000000000000000E+000 0.0000000000000000E+000 0.0000000000000000E+000 0.0000000000000000E+000 0.0000000000000000E+000 -8.0436488925875302E+000 8.5000496627254141E-001 2.5489664355306658E+001 0.0000000000000000E+000 1.5656365381862137E+006 4.8691264347036522E+003 6.0206460672209181E+007 -2.0882591816028995E+001 -9.8999999999999986E+001 -9.8999999999999986E+001 -2.0882591816028995E+001 -9.8999999999999986E+001 -9.8999999999999986E+001 -2.2280459828753884E+001 0.0000000000000000E+000 0.0000000000000000E+000 0.0000000000000000E+000 0.0000000000000000E+000 0.0000000000000000E+000 0.0000000000000000E+000 0.0000000000000000E+000 0.0000000000000000E+000 0.0000000000000000E+000 0.0000000000000000E+000 0.0000000000000000E+000 0.0000000000000000E+000 -9.8999999999999986E+001 0.0000000000000000E+000 0.0000000000000000E+000 -1.9415380933032415E-010
37 4.2478112499105450E-002 9.9999999999119005E-001 2.2180738088472292E+000 1.4626336360228396E+000 3.5848310524267011E+000 5.4770639462346473E+000 -3.2889277407239272E+000 1.0311655727839542E+001 6.9999999999999996E-001 2.9797635251138618E-005 2.7997020236474884E-001 4.1193902129486445E-003 1.2067031330276047E-003 1.1203876416666529E-002 2.5129237964844936E-003 9.5710644087274629E-004 0.0000000000000000E+000 0.0000000000000000E+000 0.0000000000000000E+000 0.0000000000000000E+000 0.0000000000000000E+000 0.0000000000000000E+000 0.0000000000000000E+000 0.0000000000000000E+000 0.0000000000000000E+000 0.0000000000000000E+000 -8.0436488715308965E+000 8.5000496627254141E-001 2.5489664325778033E+001 0.0000000000000000E+000 1.5648907574886682E+006 4.8963459378846574E+003 6.0523800511160523E+007 -2.0882580008982561E+001 -9.8999999999999986E+001 -9.8999999999999986E+001 -2.0882580008982561E+001 -9.8999999999999986E+001 -9.8999999999999986E+001 -2.2280448021707205E+001 0.0000000000000000E+000 0.0000000000000000E+000 0.0000000000000000E+000 0.0000000000000000E+000 0.0000000000000000E+000 0.0000000000000000E+000 0.0000000000000000E+000 0.0000000000000000E+000 0.0000000000000000E+000 0.0000000000000000E+000 0.0000000000000000E+000 0.0000000000000000E+000 -9.8999999999999986E+001 0.0000000000000000E+000 0.0000000000000000E+000 -1.9283616168319243E-010
38 5.0983734998926541E-002 9.9999999998955902E-001 2.2161357551114524E+000 1.4625088155254622E+000 3.5844089492414453E+000 5.4770647330896454E+000 -3.2889265440991902E+000 1.0311657717742438E+001 6.9999999999999996E-001 2.9797635251138621E-005 2.7997020236474884E-001 4.1193902129486445E-003 1.2067031330276047E-003 1.1203876416666529E-002 2.5129237964844936E-003 9.5710644087274640E-004 0.0000000000000000E+000 0.0000000000000000E+000 0.0000000000000000E+000 0.0000000000000000E+000 0.0000000000000000E+000 0.0000000000000000E+000 0.0000000000000000E+000 0.0000000000000000E+000 0.0000000000000000E+000 0.0000000000000000E+000 -8.0436488454874109E+000 8.5000496627254141E-001 2.5489664289302297E+001 0.0000000000000000E+000 1.5642162554459500E+006 4.9196586273711209E+003 6.0794493546117157E+007 -2.0882565309075467E+001 -9.8999999999999986E+001 -9.8999999999999986E+001 -2.0882565309075467E+001 -9.8999999999999986E+001 -9.8999999999999986E+001 -2.2280433321799809E+001 0.0000000000000000E+000 0.0000000000000000E+000 0.0000000000000000E+000 0.0000000000000000E+000 0.0000000000000000E+000 0.0000000000000000E+000 0.0000000000000000E+000 0.0000000000000000E+000 0.0000000000000000E+000 0.0000000000000000E+000 0.0000000000000000E+000 0.0000000000000000E+000 -9.8999999999999986E+001 0.0000000000000000E+000 0.0000000000000000E+000 -1.9176415725698913E-010
39 6.1190481998711847E-002 9.9999999998761091E-001 2.2145604498406635E+000 1.4623969028590424E+000 3.5840710792569581E+000 5.4770657219742516E+000 -3.2889250403060428E+000 1.0311660218492850E+001 6.9999999999999996E-001 2.9797635251138618E-005 2.7997020236474884E-001 4.1193902129486445E-003 1.2067031330276047E-003 1.1203876416666529E-002 2.5129237964844936E-003 9.5710644087274618E-004 0.0000000000000000E+000 0.0000000000000000E+000 0.0000000000000000E+000 0.0000000000000000E+000 0.0000000000000000E+000 0.0000000000000000E+000 0.0000000000000000E+000 0.0000000000000000E+000 0.0000000000000000E+000 0.0000000000000000E+000 -8.0436488129140393E+000 8.5000496627254163E-001 2.5489664243725624E+001 0.0000000000000000E+000 1.5636117516212666E+006 4.9388084926286247E+003 6.1015412282352686E+007 -2.0882546846275908E+001 -9.8999999999999986E+001 -9.8999999999999986E+001 -2.0882546846275908E+001 -9.8999999999999986E+001 -9.8999999999999986E+001 -2.2280414858999869E+001 0.0000000000000000E+000 0.0000000000000000E+000 0.0000000000000000E+000 0.0000000000000000E+000 0.0000000000000000E+000 0.0000000000000000E+000 0.0000000000000000E+000 0.0000000000000000E+000 0.0000000000000000E+000 0.0000000000000000E+000 0.0000000000000000E+000 0.0000000000000000E+000 -9.8999999999999986E+001 0.0000000000000000E+000 0.0000000000000000E+000 -1.9085544821985722E-010
40 7.3438578398454205E-002 9.9999999998528233E-001 2.2132952865078868E+000 1.4622972437612216E+000 3.5838046179726741E+000 5.4770669763541475E+000 -3.2889231328489239E+000 1.0311663390570175E+001 6.9999999999999996E-001 2.9797635251138614E-005 2.7997020236474884E-001 4.1193902129486445E-003 1.2067031330276047E-003 1.1203876416666529E-002 2.5129237964844936E-003 9.5710644087274629E-004 0.0000000000000000E+000 0.0000000000000000E+000 0.0000000000000000E+000 0.0000000000000000E+000 0.0000000000000000E+000 0.0000000000000000E+000 0.0000000000000000E+000 0.0000000000000000E+000 0.0000000000000000E+000 0.0000000000000000E+000 -8.0436487717533289E+000 8.5000496627254163E-001 2.5489664186184498E+001 0.0000000000000000E+000 1.5630736329251158E+006 4.9543537034300598E+003 6.1193418253313668E+007 -2.0882523450907051E+001 -9.8999999999999986E+001 -9.8999999999999986E+001 -2.0882523450907051E+001 -9.8999999999999986E+001 -9.8999999999999986E+001 -2.2280391463630522E+001 0.0000000000000000E+000 0.0000000000000000E+000 0.0000000000000000E+000 0.0000000000000000E+000 0.0000000000000000E+000 0.0000000000000000E+000 0.0000000000000000E+000 0.0000000000000000E+000 0.0000000000000000E+000 0.0000000000000000E+000 0.0000000000000000E+000 0.0000000000000000E+000 -9.8999999999999986E+001 0.0000000000000000E+000 0.0000000000000000E+000 -1.9011542031143459E-010
41 8.8136294078145050E-002 9.9999999998249678E-001 2.2122922351533156E+000 1.4622089806552874E+000 3.5835979866869985E+000 5.4770685762314173E+000 -3.2889207000953649E+000 1.0311667436262162E+001 6.9999999999999996E-001 2.9797635251138618E-005 2.7997020236474884E-001 4.1193902129486445E-003 1.2067031330276047E-003 1.1203876416666529E-002 2.5129237964844936E-003 9.5710644087274629E-004 0.0000000000000000E+000 0.0000000000000000E+000 0.0000000000000000E+000 0.0000000000000000E+000 0.0000000000000000E+000 0.0000000000000000E+000 0.0000000000000000E+000 0.0000000000000000E+000 0.0000000000000000E+000 0.0000000000000000E+000 -8.0436487194223680E+000 8.5000496627254141E-001 2.5489664113089944E+001 0.0000000000000000E+000 1.5625972026039211E+006 4.9668188783673722E+003 6.1334914588830888E+007 -2.0882493655992789E+001 -9.8999999999999986E+001 -9.8999999999999986E+001 -2.0882493655992789E+001 -9.8999999999999986E+001 -9.8999999999999986E+001 -2.2280361668715639E+001 0.0000000000000000E+000 0.0000000000000000E+000 0.0000000000000000E+000 0.0000000000000000E+000 0.0000000000000000E+000 0.0000000000000000E+000 0.0000000000000000E+000 0.0000000000000000E+000 0.0000000000000000E+000 0.0000000000000000E+000 0.0000000000000000E+000 0.0000000000000000E+000 -9.8999999999999986E+001 0.0000000000000000E+000 0.0000000000000000E+000 -1.8951889764380913E-010
42 1.0577355289377406E-001 9.9999999997916256E-001 2.2115066072008318E+000 1.4621310652194961E+000 3.5834405374167733E+000 5.4770706140570340E+000 -3.2889176014872175E+000 1.0311672589332741E+001 6.9999999999999996E-001 2.9797635251138618E-005 2.7997020236474884E-001 4.1193902129486445E-003 1.2067031330276047E-003 1.1203876416666529E-002 2.5129237964844936E-003 9.5710644087274618E-004 0.0000000000000000E+000 0.0000000000000000E+000 0.0000000000000000E+000 0.0000000000000000E+000 0.0000000000000000E+000 0.0000000000000000E+000 0.0000000000000000E+000 0.0000000000000000E+000 0.0000000000000000E+000 0.0000000000000000E+000 -8.0436486529351328E+000 8.5000496627254163E-001 2.5489664020299227E+001 0.0000000000000000E+000 1.5621767480541584E+006 4.9767046373259518E+003 6.1445968345211253E+007 -2.0882455776583264E+001 -9.8999999999999986E+001 -9.8999999999999986E+001 -2.0882455776583264E+001 -9.8999999999999986E+001 -9.8999999999999986E+001 -2.2280323789305314E+001 0.0000000000000000E+000 0.0000000000000000E+000 0.0000000000000000E+000 0.0000000000000000E+000 0.0000000000000000E+000 0.0000000000000000E+000 0.0000000000000000E+000 0.0000000000000000E+000 0.0000000000000000E+000 0.0000000000000000E+000 0.0000000000000000E+000 0.0000000000000000E+000 -9.8999999999999986E+001 0.0000000000000000E+000 0.0000000000000000E+000 -1.8904326398904435E-010
43 1.2693826347252887E-001 9.9999999997516942E-001 2.2108976416047925E+000 1.4620622778532415E+000 3.5833226897008905E+000 5.4770731880317856E+000 -3.2889136877214402E+000 1.0311679098087472E+001 6.9999999999999996E-001 2.9797635251138614E-005 2.7997020236474884E-001 4.1193902129486445E-003 1.2067031330276047E-003 1.1203876416666529E-002 2.5129237964844936E-003 9.5710644087274629E-004 0.0000000000000000E+000 0.0000000000000000E+000 0.0000000000000000E+000 0.0000000000000000E+000 0.0000000000000000E+000 0.0000000000000000E+000 0.0000000000000000E+000 0.0000000000000000E+000 0.0000000000000000E+000 0.0000000000000000E+000 -8.0436485691063009E+000 8.5000496627254163E-001 2.5489663903402381E+001 0.0000000000000000E+000 1.5618056452762042E+006 4.9844772655992201E+003 6.1532188015187249E+007 -2.0882408046650582E+001 -9.8999999999999986E+001 -9.8999999999999986E+001 -2.0882408046650582E+001 -9.8999999999999986E+001 -9.8999999999999986E+001 -2.2280276059371612E+001 0.0000000000000000E+000 0.0000000000000000E+000 0.0000000000000000E+000 0.0000000000000000E+000 0.0000000000000000E+000 0.0000000000000000E+000 0.0000000000000000E+000 0.0000000000000000E+000 0.0000000000000000E+000 0.0000000000000000E+000 0.0000000000000000E+000 0.0000000000000000E+000 -9.8999999999999986E+001 0.0000000000000000E+000 0.0000000000000000E+000 -1.8866774720035395E-010
44 1.5233591616703465E-001 9.9999999997038524E-001 2.2104295582278559E+000 1.4620016031156315E+000 3.5832360062254613E+000 5.4770763880558730E+000 -3.2889088221047267E+000 1.0311687189853735E+001 6.9999999999999996E-001 2.9797635251138618E-005 2.7997020236474884E-001 4.1193902129486445E-003 1.2067031330276047E-003 1.1203876416666529E-002 2.5129237964844936E-003 9.5710644087274629E-004 0.0000000000000000E+000 0.0000000000000000E+000 0.0000000000000000E+000 0.0000000000000000E+000 0.0000000000000000E+000 0.0000000000000000E+000 0.0000000000000000E+000 0.0000000000000000E+000 0.0000000000000000E+000 0.0000000000000000E+000 -8.0436484649854219E+000 8.5000496627254141E-001 2.5489663758326316E+001 0.0000000000000000E+000 1.5614783827091218E+006 4.9905496150450008E+003 6.1598543270747043E+007 -2.0882348886197146E+001 -9.8999999999999986E+001 -9.8999999999999986E+001 -2.0882348886197146E+001 -9.8999999999999986E+001 -9.8999999999999986E+001 -2.2280216898916898E+001 0.0000000000000000E+000 0.0000000000000000E+000 0.0000000000000000E+000 0.0000000000000000E+000 0.0000000000000000E+000 0.0000000000000000E+000 0.0000000000000000E+000 0.0000000000000000E+000 0.0000000000000000E+000 0.0000000000000000E+000 0.0000000000000000E+000 0.0000000000000000E+000 -9.8999999999999986E+001 0.0000000000000000E+000 0.0000000000000000E+000 -1.8837354498179586E-010
45 1.8281309940044160E-001 9.9999999996465117E-001 2.2100720599442996E+000 1.4619483880882367E+000 3.5831732391682696E+000 5.4770803228993961E+000 -3.2889028392533808E+000 1.0311697139673221E+001 6.9999999999999996E-001 2.9797635251138618E-005 2.7997020236474884E-001 4.1193902129486445E-003 1.2067031330276047E-003 1.1203876416666529E-002 2.5129237964844936E-003 9.5710644087274629E-004 0.0000000000000000E+000 0.0000000000000000E+000 0.0000000000000000E+000 0.0000000000000000E+000 0.0000000000000000E+000 0.0000000000000000E+000 0.0000000000000000E+000 0.0000000000000000E+000 0.0000000000000000E+000 0.0000000000000000E+000 -8.0436483369977285E+000 8.5000496627254141E-001 2.5489663580148953E+001 0.0000000000000000E+000 1.5611914121812696E+006 4.9952714218329265E+003 6.1649270232313998E+007 -2.0882276406075036E+001 -9.8999999999999986E+001 -9.8999999999999986E+001 -2.0882276406075036E+001 -9.8999999999999986E+001 -9.8999999999999986E+001 -2.2280144418793203E+001 0.0000000000000000E+000 0.0000000000000000E+000 0.0000000000000000E+000 0.0000000000000000E+000 0.0000000000000000E+000 0.0000000000000000E+000 0.0000000000000000E+000 0.0000000000000000E+000 0.0000000000000000E+000 0.0000000000000000E+000 0.0000000000000000E+000 0.0000000000000000E+000 -9.8999999999999986E+001 0.0000000000000000E+000 0.0000000000000000E+000 -1.8814433776331358E-010
46 2.1938571928052991E-001 9.9999999995777700E-001 2.2097998003541441E+000 1.4619018069483476E+000 3.5831284648406756E+000 5.4770851652781376E+000 -3.2888954765775380E+000 1.0311709384261556E+001 6.9999999999999996E-001 2.9797635251138618E-005 2.7997020236474884E-001 4.1193902129486445E-003 1.2067031330276047E-003 1.1203876416666529E-002 2.5129237964844936E-003 9.5710644087274629E-004 0.0000000000000000E+000 0.0000000000000000E+000 0.0000000000000000E+000 0.0000000000000000E+000 0.0000000000000000E+000 0.0000000000000000E+000 0.0000000000000000E+000 0.0000000000000000E+000 0.0000000000000000E+000 0.0000000000000000E+000 -8.0436481795176498E+000 8.5000496627254141E-001 2.5489663361137783E+001 0.0000000000000000E+000 1.5609402592399288E+006 4.9989400863260989E+003 6.1687930330021083E+007 -2.0882187564041146E+001 -9.8999999999999986E+001 -9.8999999999999986E+001 -2.0882187564041146E+001 -9.8999999999999986E+001 -9.8999999999999986E+001 -2.2280055576757345E+001 0.0000000000000000E+000 0.0000000000000000E+000 0.0000000000000000E+000 0.0000000000000000E+000 0.0000000000000000E+000 0.0000000000000000E+000 0.0000000000000000E+000 0.0000000000000000E+000 0.0000000000000000E+000 0.0000000000000000E+000 0.0000000000000000E+000 0.0000000000000000E+000 -9.8999999999999986E+001 0.0000000000000000E+000 0.0000000000000000E+000 -1.8796649332974359E-010
47 2.6327286313663589E-001 9.9999999994953370E-001 2.2095925384075303E+000 1.4618609729223113E+000 3.5830970663670398E+000 5.4770911590559335E+000 -3.2888863633315153E+000 1.0311724540219091E+001 6.9999999999999996E-001 2.9797635251138614E-005 2.7997020236474884E-001 4.1193902129486445E-003 1.2067031330276047E-003 1.1203876416666529E-002 2.5129237964844936E-003 9.5710644087274629E-004 0.0000000000000000E+000 0.0000000000000000E+000 0.0000000000000000E+000 0.0000000000000000E+000 0.0000000000000000E+000 0.0000000000000000E+000 0.0000000000000000E+000 0.0000000000000000E+000 0.0000000000000000E+000 0.0000000000000000E+000 -8.0436479846219164E+000 8.5000496627254163E-001 2.5489663090430607E+001 0.0000000000000000E+000 1.5607201264219212E+006 5.0017966070297507E+003 6.1717377196604684E+007 -2.0882078034198500E+001 -9.8999999999999986E+001 -9.8999999999999986E+001 -2.0882078034198500E+001 -9.8999999999999986E+001 -9.8999999999999986E+001 -2.2279946046912247E+001 0.0000000000000000E+000 0.0000000000000000E+000 0.0000000000000000E+000 0.0000000000000000E+000 0.0000000000000000E+000 0.0000000000000000E+000 0.0000000000000000E+000 0.0000000000000000E+000 0.0000000000000000E+000 0.0000000000000000E+000 0.0000000000000000E+000 0.0000000000000000E+000 -9.8999999999999986E+001 0.0000000000000000E+000 0.0000000000000000E+000 -1.8782854688619086E-010
48 3.1593743576396305E-001 9.9999999993964739E-001 2.2094343639514378E+000 1.4618249294343399E+000 3.5830755444970026E+000 5.4770986372335164E+000 -3.2888749932687427E+000 1.0311743449511615E+001 6.9999999999999996E-001 2.9797635251138614E-005 2.7997020236474884E-001 4.1193902129486445E-003 1.2067031330276047E-003 1.1203876416666529E-002 2.5129237964844936E-003 9.5710644087274629E-004 0.0000000000000000E+000 0.0000000000000000E+000 0.0000000000000000E+000 0.0000000000000000E+000 0.0000000000000000E+000 0.0000000000000000E+000 0.0000000000000000E+000 0.0000000000000000E+000 0.0000000000000000E+000 0.0000000000000000E+000 -8.0436477414930785E+000 8.5000496627254163E-001 2.5489662753252080E+001 0.0000000000000000E+000 1.5605258447909751E+006 5.0040339273247400E+003 6.1739859384745136E+007 -2.0881941957908346E+001 -9.8999999999999986E+001 -9.8999999999999986E+001 -2.0881941957908346E+001 -9.8999999999999986E+001 -9.8999999999999986E+001 -2.2279809970619006E+001 0.0000000000000000E+000 0.0000000000000000E+000 0.0000000000000000E+000 0.0000000000000000E+000 0.0000000000000000E+000 0.0000000000000000E+000 0.0000000000000000E+000 0.0000000000000000E+000 0.0000000000000000E+000 0.0000000000000000E+000 0.0000000000000000E+000 0.0000000000000000E+000 -9.8999999999999986E+001 0.0000000000000000E+000 0.0000000000000000E+000 -1.8772127820199427E-010
49 3.7913492291675566E-001 9.9999999992778910E-001 2.2093126591133108E+000 1.4617926584843794E+000 3.5830612537624509E+000 5.4771080431885819E+000 -3.2888606923545489E+000 1.0311767233170912E+001 6.9999999999999996E-001 2.9797635251138618E-005 2.7997020236474884E-001 4.1193902129486445E-003 1.2067031330276047E-003 1.1203876416666529E-002 2.5129237964844936E-003 9.5710644087274629E-004 0.0000000000000000E+000 0.0000000000000000E+000 0.0000000000000000E+000 0.0000000000000000E+000 0.0000000000000000E+000 0.0000000000000000E+000 0.0000000000000000E+000 0.0000000000000000E+000 0.0000000000000000E+000 0.0000000000000000E+000 -8.0436474357023471E+000 8.5000496627254141E-001 2.5489662329987901E+001 0.0000000000000000E+000 1.5603519184192440E+006 5.0058083837171725E+003 6.1757163524072468E+007 -2.0881771952973985E+001 -9.8999999999999986E+001 -9.8999999999999986E+001 -2.0881771952973985E+001 -9.8999999999999986E+001 -9.8999999999999986E+001 -2.2279639965680712E+001 0.0000000000000000E+000 0.0000000000000000E+000 0.0000000000000000E+000 0.0000000000000000E+000 0.0000000000000000E+000 0.0000000000000000E+000 0.0000000000000000E+000 0.0000000000000000E+000 0.0000000000000000E+000 0.0000000000000000E+000 0.0000000000000000E+000 0.0000000000000000E+000 -9.8999999999999986E+001 0.0000000000000000E+000 0.0000000000000000E+000 -1.8763734738919291E-010
50 4.5497190750010674E-001 9.9999999991356425E-001 2.2092173102523120E+000 1.4617631129082578E+000 3.5830521893352620E+000 5.4771199496367027E+000 -3.2888425899428140E+000 1.0311797339233625E+001 6.9999999999999996E-001 2.9797635251138614E-005 2.7997020236474884E-001 4.1193902129486445E-003 1.2067031330276047E-003 1.1203876416666529E-002 2.5129237964844936E-003 9.5710644087274629E-004 0.0000000000000000E+000 0.0000000000000000E+000 0.0000000000000000E+000 0.0000000000000000E+000 0.0000000000000000E+000 0.0000000000000000E+000 0.0000000000000000E+000 0.0000000000000000E+000 0.0000000000000000E+000 0.0000000000000000E+000 -8.0436470485357283E+000 8.5000496627254163E-001 2.5489661795364842E+001 0.0000000000000000E+000 1.5601926976269637E+006 5.0072481613114342E+003 6.1770723726920210E+007 -2.0881559328617961E+001 -9.8999999999999986E+001 -9.8999999999999986E+001 -2.0881559328617961E+001 -9.8999999999999986E+001 -9.8999999999999986E+001 -2.2279427341319586E+001 0.0000000000000000E+000 0.0000000000000000E+000 0.0000000000000000E+000 0.0000000000000000E+000 0.0000000000000000E+000 0.0000000000000000E+000 0.0000000000000000E+000 0.0000000000000000E+000 0.0000000000000000E+000 0.0000000000000000E+000 0.0000000000000000E+000 0.0000000000000000E+000 -9.8999999999999986E+001 0.0000000000000000E+000 0.0000000000000000E+000 -1.8757083379615360E-010
51 5.4597628900012807E-001 9.9999999989649946E-001 2.2091402477760451E+000 1.4617352474694461E+000 3.5830468564356015E+000 5.4771350826615910E+000 -3.2888195822468789E+000 1.0311835603496428E+001 6.9999999999999996E-001 2.9797635251138614E-005 2.7997020236474884E-001 4.1193902129486445E-003 1.2067031330276047E-003 1.1203876416666529E-002 2.5129237964844936E-003 9.5710644087274629E-004 0.0000000000000000E+000 0.0000000000000000E+000 0.0000000000000000E+000 0.0000000000000000E+000 0.0000000000000000E+000 0.0000000000000000E+000 0.0000000000000000E+000 0.0000000000000000E+000 0.0000000000000000E+000 0.0000000000000000E+000 -8.0436465561160642E+000 8.5000496627254163E-001 2.5489661117414865E+001 0.0000000000000000E+000 1.5600425459670199E+006 5.0084580857576002E+003 6.1781685475293711E+007 -2.0881295180910435E+001 -9.8999999999999986E+001 -9.8999999999999986E+001 -2.0881295180910435E+001 -9.8999999999999986E+001 -9.8999999999999986E+001 -2.2279163193605310E+001 0.0000000000000000E+000 0.0000000000000000E+000 0.0000000000000000E+000 0.0000000000000000E+000 0.0000000000000000E+000 0.0000000000000000E+000 0.0000000000000000E+000 0.0000000000000000E+000 0.0000000000000000E+000 0.0000000000000000E+000 0.0000000000000000E+000 0.0000000000000000E+000 -9.8999999999999986E+001 0.0000000000000000E+000 0.0000000000000000E+000 -1.8751689992100051E-010
52 6.5518154680015361E-001 9.9999999987602650E-001 2.2090751007059386E+000 1.4617080190448395E+000 3.5830441838803786E+000 5.4771543154797300E+000 -3.2887903418129074E+000 1.0311884233755757E+001 6.9999999999999996E-001 2.9797635251138618E-005 2.7997020236474884E-001 4.1193902129486445E-003 1.2067031330276047E-003 1.1203876416666529E-002 2.5129237964844936E-003 9.5710644087274629E-004 0.0000000000000000E+000 0.0000000000000000E+000 0.0000000000000000E+000 0.0000000000000000E+000 0.0000000000000000E+000 0.0000000000000000E+000 0.0000000000000000E+000 0.0000000000000000E+000 0.0000000000000000E+000 0.0000000000000000E+000 -8.0436459294200624E+000 8.5000496627254141E-001 2.5489660257764701E+001 0.0000000000000000E+000 1.5598958407910881E+006 5.0095235100985356E+003 6.1790953834227540E+007 -2.0880971173290643E+001 -9.8999999999999986E+001 -9.8999999999999986E+001 -2.0880971173290643E+001 -9.8999999999999986E+001 -9.8999999999999986E+001 -2.2278839185976462E+001 0.0000000000000000E+000 0.0000000000000000E+000 0.0000000000000000E+000 0.0000000000000000E+000 0.0000000000000000E+000 0.0000000000000000E+000 0.0000000000000000E+000 0.0000000000000000E+000 0.0000000000000000E+000 0.0000000000000000E+000 0.0000000000000000E+000 0.0000000000000000E+000 -9.8999999999999986E+001 0.0000000000000000E+000 0.0000000000000000E+000 -1.8747160029116958E-010
53 7.8622785616018442E-001 9.9999999985146426E-001 2.2090168169536466E+000 1.4616803543673929E+000 3.5830434452810280E+000 5.4771786551988928E+000 -3.2887533376416984E+000 1.0311945776335563E+001 6.9999999999999996E-001 2.9797635251138618E-005 2.7997020236474884E-001 4.1193902129486445E-003 1.2067031330276047E-003 1.1203876416666529E-002 2.5129237964844936E-003 9.5710644087274618E-004 0.0000000000000000E+000 0.0000000000000000E+000 0.0000000000000000E+000 0.0000000000000000E+000 0.0000000000000000E+000 0.0000000000000000E+000 0.0000000000000000E+000 0.0000000000000000E+000 0.0000000000000000E+000 0.0000000000000000E+000 -8.0436451344429187E+000 8.5000496627254163E-001 2.5489659172238181E+001 0.0000000000000000E+000 1.5597467992423980E+006 5.0105150105620169E+003 6.1799246939043000E+007 -2.0880580412047511E+001 -9.8999999999999986E+001 -9.8999999999999986E+001 -2.0880580412047511E+001 -9.8999999999999986E+001 -9.8999999999999986E+001 -2.2278448424721191E+001 0.0000000000000000E+000 0.0000000000000000E+000 0.0000000000000000E+000 0.0000000000000000E+000 0.0000000000000000E+000 0.0000000000000000E+000 0.0000000000000000E+000 0.0000000000000000E+000 0.0000000000000000E+000 0.0000000000000000E+000 0.0000000000000000E+000 0.0000000000000000E+000 -9.8999999999999986E+001 0.0000000000000000E+000 0.0000000000000000E+000 -1.8743172886926571E-010
54 9.4348342739222124E-001 9.9999999982199539E-001 2.2089612340892435E+000 1.4616510964870548E+000 3.5830441785050970E+000 5.4772091844732183E+000 -3.2887069238654365E+000 1.0312022968588041E+001 6.9999999999999996E-001 2.9797635251138618E-005 2.7997020236474884E-001 4.1193902129486445E-003 1.2067031330276047E-003 1.1203876416666529E-002 2.5129237964844936E-003 9.5710644087274618E-004 0.0000000000000000E+000 0.0000000000000000E+000 0.0000000000000000E+000 0.0000000000000000E+000 0.0000000000000000E+000 0.0000000000000000E+000 0.0000000000000000E+000 0.0000000000000000E+000 0.0000000000000000E+000 0.0000000000000000E+000 -8.0436441337186295E+000 8.5000496627254163E-001 2.5489657813425598E+001 0.0000000000000000E+000 1.5595891899193649E+006 5.0114939251903515E+003 6.1807156775193319E+007 -2.0880115097505161E+001 -9.8999999999999986E+001 -9.8999999999999986E+001 -2.0880115097505161E+001 -9.8999999999999986E+001 -9.8999999999999986E+001 -2.2277983110162829E+001 0.0000000000000000E+000 0.0000000000000000E+000 0.0000000000000000E+000 0.0000000000000000E+000 0.0000000000000000E+000 0.0000000000000000E+000 0.0000000000000000E+000 0.0000000000000000E+000 0.0000000000000000E+000 0.0000000000000000E+000 0.0000000000000000E+000 0.0000000000000000E+000 -9.8999999999999986E+001 0.0000000000000000E+000 0.0000000000000000E+000 -1.8739463913523385E-010
55 1.1321901128706655E+000 9.9999999978663967E-001 2.2089046654906626E+000 1.4616189435399596E+000 3.5830461128289985E+000 5.4772468785999431E+000 -3.2886496177471649E+000 1.0312118276496383E+001 6.9999999999999996E-001 2.9797635251138621E-005 2.7997020236474884E-001 4.1193902129486445E-003 1.2067031330276047E-003 1.1203876416666529E-002 2.5129237964844936E-003 9.5710644087274640E-004 0.0000000000000000E+000 0.0000000000000000E+000 0.0000000000000000E+000 0.0000000000000000E+000 0.0000000000000000E+000 0.0000000000000000E+000 0.0000000000000000E+000 0.0000000000000000E+000 0.0000000000000000E+000 0.0000000000000000E+000 -8.0436428918098706E+000 8.5000496627254141E-001 2.5489656138636501E+001 0.0000000000000000E+000 1.5594160035266869E+006 5.0125178220417074E+003 6.1815207927473411E+007 -2.0879557052842468E+001 -9.8999999999999986E+001 -9.8999999999999986E+001 -2.0879557052842468E+001 -9.8999999999999986E+001 -9.8999999999999986E+001 -2.2277425065479768E+001 0.0000000000000000E+000 0.0000000000000000E+000 0.0000000000000000E+000 0.0000000000000000E+000 0.0000000000000000E+000 0.0000000000000000E+000 0.0000000000000000E+000 0.0000000000000000E+000 0.0000000000000000E+000 0.0000000000000000E+000 0.0000000000000000E+000 0.0000000000000000E+000 -9.8999999999999986E+001 0.0000000000000000E+000 0.0000000000000000E+000 -1.8735803460494195E-010
56 1.3586381354447985E+000 9.9999999974422138E-001 2.2088436420636040E+000 1.4615824414556668E+000 3.5830491080143805E+000 5.4772928825592171E+000 -3.2885796785814438E+000 1.0312234595074163E+001 6.9999999999999996E-001 2.9797635251138618E-005 2.7997020236474884E-001 4.1193902129486445E-003 1.2067031330276047E-003 1.1203876416666529E-002 2.5129237964844936E-003 9.5710644087274618E-004 0.0000000000000000E+000 0.0000000000000000E+000 0.0000000000000000E+000 0.0000000000000000E+000 0.0000000000000000E+000 0.0000000000000000E+000 0.0000000000000000E+000 0.0000000000000000E+000 0.0000000000000000E+000 0.0000000000000000E+000 -8.0436413659815322E+000 8.5000496627254163E-001 2.5489654097962845E+001 0.0000000000000000E+000 1.5592194145559228E+006 5.0136435629654316E+003 6.1823894290943511E+007 -2.0878886975427530E+001 -9.8999999999999986E+001 -9.8999999999999986E+001 -2.0878886975427530E+001 -9.8999999999999986E+001 -9.8999999999999986E+001 -2.2276754988039546E+001 0.0000000000000000E+000 0.0000000000000000E+000 0.0000000000000000E+000 0.0000000000000000E+000 0.0000000000000000E+000 0.0000000000000000E+000 0.0000000000000000E+000 0.0000000000000000E+000 0.0000000000000000E+000 0.0000000000000000E+000 0.0000000000000000E+000 0.0000000000000000E+000 -9.8999999999999986E+001 0.0000000000000000E+000 0.0000000000000000E+000 -1.8731976335250680E-010
57 1.6303757625337583E+000 9.9999999969333098E-001 2.2087747698282327E+000 1.4615399918814527E+000 3.5830531147426448E+000 5.4773485926089016E+000 -3.2884949836647137E+000 1.0312375454653102E+001 6.9999999999999996E-001 2.9797635251138618E-005 2.7997020236474884E-001 4.1193902129486445E-003 1.2067031330276047E-003 1.1203876416666529E-002 2.5129237964844936E-003 9.5710644087274618E-004 0.0000000000000000E+000 0.0000000000000000E+000 0.0000000000000000E+000 0.0000000000000000E+000 0.0000000000000000E+000 0.0000000000000000E+000 0.0000000000000000E+000 0.0000000000000000E+000 0.0000000000000000E+000 0.0000000000000000E+000 -8.0436395027925958E+000 8.5000496627254163E-001 2.5489651630860003E+001 0.0000000000000000E+000 1.5589908254085185E+006 5.0149288641000912E+003 6.1833699356974922E+007 -2.0878082663388884E+001 -9.8999999999999986E+001 -9.8999999999999986E+001 -2.0878082663388884E+001 -9.8999999999999986E+001 -9.8999999999999986E+001 -2.2275950675970005E+001 0.0000000000000000E+000 0.0000000000000000E+000 0.0000000000000000E+000 0.0000000000000000E+000 0.0000000000000000E+000 0.0000000000000000E+000 0.0000000000000000E+000 0.0000000000000000E+000 0.0000000000000000E+000 0.0000000000000000E+000 0.0000000000000000E+000 0.0000000000000000E+000 -9.8999999999999986E+001 0.0000000000000000E+000 0.0000000000000000E+000 -1.8727770340935191E-010
58 1.9564609150405097E+000 9.9999999963227815E-001 2.2086946687746103E+000 1.4614898556681402E+000 3.5830581575858957E+000 5.4774157334801510E+000 -3.2883929109523793E+000 1.0312545216047539E+001 6.9999999999999996E-001 2.9797635251138618E-005 2.7997020236474884E-001 4.1193902129486445E-003 1.2067031330276047E-003 1.1203876416666529E-002 2.5129237964844936E-003 9.5710644087274618E-004 0.0000000000000000E+000 0.0000000000000000E+000 0.0000000000000000E+000 0.0000000000000000E+000 0.0000000000000000E+000 0.0000000000000000E+000 0.0000000000000000E+000 0.0000000000000000E+000 0.0000000000000000E+000 0.0000000000000000E+000 -8.0436372344269120E+000 8.5000496627254163E-001 2.5489648662991957E+001 0.0000000000000000E+000 1.5587208872017751E+006 5.0164329778554147E+003 6.1845104981089048E+007 -2.0877117507037674E+001 -9.8999999999999986E+001 -9.8999999999999986E+001 -2.0877117507037674E+001 -9.8999999999999986E+001 -9.8999999999999986E+001 -2.2274985519581385E+001 0.0000000000000000E+000 0.0000000000000000E+000 0.0000000000000000E+000 0.0000000000000000E+000 0.0000000000000000E+000 0.0000000000000000E+000 0.0000000000000000E+000 0.0000000000000000E+000 0.0000000000000000E+000 0.0000000000000000E+000 0.0000000000000000E+000 0.0000000000000000E+000 -9.8999999999999986E+001 0.0000000000000000E+000 0.0000000000000000E+000 -1.8722970506301546E-010
59 2.3477630980486115E+000 9.9999999955903685E-001 2.2086003393304363E+000 1.4614303907287938E+000 3.5830643076945252E+000 5.4774991081444000E+000 -3.2882661595387748E+000 1.0312756022268895E+001 6.9999999999999996E-001 2.9797635251138621E-005 2.7997020236474884E-001 4.1193902129486445E-003 1.2067031330276047E-003 1.1203876416666529E-002 2.5129237964844936E-003 9.5710644087274640E-004 0.0000000000000000E+000 0.0000000000000000E+000 0.0000000000000000E+000 0.0000000000000000E+000 0.0000000000000000E+000 0.0000000000000000E+000 0.0000000000000000E+000 0.0000000000000000E+000 0.0000000000000000E+000 0.0000000000000000E+000 -8.0436343843422264E+000 8.5000496627254141E-001 2.5489644988565995E+001 0.0000000000000000E+000 1.5584007828283617E+006 5.0182097342955367E+003 6.1858539289504044E+007 -2.0876049559516805E+001 -9.8999999999999986E+001 -9.8999999999999986E+001 -2.0876049559516805E+001 -9.8999999999999986E+001 -9.8999999999999986E+001 -2.2273917572013090E+001 0.0000000000000000E+000 0.0000000000000000E+000 0.0000000000000000E+000 0.0000000000000000E+000 0.0000000000000000E+000 0.0000000000000000E+000 0.0000000000000000E+000 0.0000000000000000E+000 0.0000000000000000E+000 0.0000000000000000E+000 0.0000000000000000E+000 0.0000000000000000E+000 -9.8999999999999986E+001 0.0000000000000000E+000 0.0000000000000000E+000 -1.8717356660101272E-010
60 2.8173257176583335E+000 9.9999999947117812E-001 2.2084882115142070E+000 1.4613594529201068E+000 3.5830717446448119E+000 5.4776000812047698E+000 -3.2881126546047015E+000 1.0313011323782458E+001 6.9999999999999996E-001 2.9797635251138614E-005 2.7997020236474884E-001 4.1193902129486445E-003 1.2067031330276047E-003 1.1203876416666529E-002 2.5129237964844936E-003 9.5710644087274629E-004 0.0000000000000000E+000 0.0000000000000000E+000 0.0000000000000000E+000 0.0000000000000000E+000 0.0000000000000000E+000 0.0000000000000000E+000 0.0000000000000000E+000 0.0000000000000000E+000 0.0000000000000000E+000 0.0000000000000000E+000 -8.0436308807031587E+000 8.5000496627254141E-001 2.5489640551019090E+001 0.0000000000000000E+000 1.5580190050960176E+006 5.0203254760385453E+003 6.1874512221052900E+007 -2.0874785998283237E+001 -9.8999999999999986E+001 -9.8999999999999986E+001 -2.0874785998283237E+001 -9.8999999999999986E+001 -9.8999999999999986E+001 -2.2272654010721915E+001 0.0000000000000000E+000 0.0000000000000000E+000 0.0000000000000000E+000 0.0000000000000000E+000 0.0000000000000000E+000 0.0000000000000000E+000 0.0000000000000000E+000 0.0000000000000000E+000 0.0000000000000000E+000 0.0000000000000000E+000 0.0000000000000000E+000 0.0000000000000000E+000 -9.8999999999999986E+001 0.0000000000000000E+000 0.0000000000000000E+000 -1.8710729557483863E-010
61 3.3808008611900005E+000 9.9999999936579220E-001 2.2083542234243039E+000 1.4612745501675544E+000 3.5830806989986121E+000 5.4777211931465830E+000 -3.2879285339436475E+000 1.0313317543878533E+001 6.9999999999999996E-001 2.9797635251138618E-005 2.7997020236474884E-001 4.1193902129486445E-003 1.2067031330276047E-003 1.1203876416666529E-002 2.5129237964844936E-003 9.5710644087274629E-004 0.0000000000000000E+000 0.0000000000000000E+000 0.0000000000000000E+000 0.0000000000000000E+000 0.0000000000000000E+000 0.0000000000000000E+000 0.0000000000000000E+000 0.0000000000000000E+000 0.0000000000000000E+000 0.0000000000000000E+000 -8.0436266017159177E+000 8.5000496627254141E-001 2.5489635244737833E+001 0.0000000000000000E+000 1.5575621928733736E+006 5.0228564310406418E+003 6.1893604620866112E+007 -2.0873269738055118E+001 -9.8999999999999986E+001 -9.8999999999999986E+001 -2.0873269738055118E+001 -9.8999999999999986E+001 -9.8999999999999986E+001 -2.2271137750424554E+001 0.0000000000000000E+000 0.0000000000000000E+000 0.0000000000000000E+000 0.0000000000000000E+000 0.0000000000000000E+000 0.0000000000000000E+000 0.0000000000000000E+000 0.0000000000000000E+000 0.0000000000000000E+000 0.0000000000000000E+000 0.0000000000000000E+000 0.0000000000000000E+000 -9.8999999999999986E+001 0.0000000000000000E+000 0.0000000000000000E+000 -1.8702844196264663E-010
62 4.0569710334280007E+000 9.9999999923939287E-001 2.2081937337690154E+000 1.4611728000657971E+000 3.5830914516356684E+000 5.4778664787626088E+000 -3.2877076639861835E+000 1.0313684883643983E+001 6.9999999999999996E-001 2.9797635251138621E-005 2.7997020236474884E-001 4.1193902129486445E-003 1.2067031330276047E-003 1.1203876416666529E-002 2.5129237964844936E-003 9.5710644087274640E-004 0.0000000000000000E+000 0.0000000000000000E+000 0.0000000000000000E+000 0.0000000000000000E+000 0.0000000000000000E+000 0.0000000000000000E+000 0.0000000000000000E+000 0.0000000000000000E+000 0.0000000000000000E+000 0.0000000000000000E+000 -8.0436213576779689E+000 8.5000496627254141E-001 2.5489628902698243E+001 0.0000000000000000E+000 1.5570149113220831E+006 5.0258902938068504E+003 6.1916481069657296E+007 -2.0871451575212689E+001 -9.8999999999999986E+001 -9.8999999999999986E+001 -2.0871451575212689E+001 -9.8999999999999986E+001 -9.8999999999999986E+001 -2.2269319587499009E+001 0.0000000000000000E+000 0.0000000000000000E+000 0.0000000000000000E+000 0.0000000000000000E+000 0.0000000000000000E+000 0.0000000000000000E+000 0.0000000000000000E+000 0.0000000000000000E+000 0.0000000000000000E+000 0.0000000000000000E+000 0.0000000000000000E+000 0.0000000000000000E+000 -9.8999999999999986E+001 0.0000000000000000E+000 0.0000000000000000E+000 -1.8693420063280386E-010
63 4.8683752401136005E+000 9.9999999908780535E-001 2.2080013407296883E+000 1.4610508128197435E+000 3.5831043469988635E+000 5.4780407092767929E+000 -3.2874427917500277E+000 1.0314125405919020E+001 6.9999999999999996E-001 2.9797635251138618E-005 2.7997020236474884E-001 4.1193902129486445E-003 1.2067031330276047E-003 1.1203876416666529E-002 2.5129237964844936E-003 9.5710644087274618E-004 0.0000000000000000E+000 0.0000000000000000E+000 0.0000000000000000E+000 0.0000000000000000E+000 0.0000000000000000E+000 0.0000000000000000E+000 0.0000000000000000E+000 0.0000000000000000E+000 0.0000000000000000E+000 0.0000000000000000E+000 -8.0436149078022119E+000 8.5000496627254163E-001 2.5489621330443903E+001 0.0000000000000000E+000 1.5563590340508707E+006 5.0295297878651581E+003 6.1943916221076541E+007 -2.0869271522413484E+001 -9.8999999999999986E+001 -9.8999999999999986E+001 -2.0869271522413484E+001 -9.8999999999999986E+001 -9.8999999999999986E+001 -2.2267139534600076E+001 0.0000000000000000E+000 0.0000000000000000E+000 0.0000000000000000E+000 0.0000000000000000E+000 0.0000000000000000E+000 0.0000000000000000E+000 0.0000000000000000E+000 0.0000000000000000E+000 0.0000000000000000E+000 0.0000000000000000E+000 0.0000000000000000E+000 0.0000000000000000E+000 -9.8999999999999986E+001 0.0000000000000000E+000 0.0000000000000000E+000 -1.8682135837072522E-010
64 5.8420602881363202E+000 9.9999999890603186E-001 2.2077706639893839E+000 1.4609045628709028E+000 3.5831198027882079E+000 5.4782496104490734E+000 -3.2871252133611231E+000 1.0314653586610685E+001 6.9999999999999996E-001 2.9797635251138621E-005 2.7997020236474884E-001 4.1193902129486445E-003 1.2067031330276047E-003 1.1203876416666529E-002 2.5129237964844936E-003 9.5710644087274640E-004 0.0000000000000000E+000 0.0000000000000000E+000 0.0000000000000000E+000 0.0000000000000000E+000 0.0000000000000000E+000 0.0000000000000000E+000 0.0000000000000000E+000 0.0000000000000000E+000 0.0000000000000000E+000 0.0000000000000000E+000 -8.0436069404117987E+000 8.5000496627254141E-001 2.5489612298807181E+001 0.0000000000000000E+000 1.5555730699670399E+006 5.0338968388074545E+003 6.1976826635270767E+007 -2.0866657892914592E+001 -9.8999999999999986E+001 -9.8999999999999986E+001 -2.0866657892914592E+001 -9.8999999999999986E+001 -9.8999999999999986E+001 -2.2264525904981532E+001 0.0000000000000000E+000 0.0000000000000000E+000 0.0000000000000000E+000 0.0000000000000000E+000 0.0000000000000000E+000 0.0000000000000000E+000 0.0000000000000000E+000 0.0000000000000000E+000 0.0000000000000000E+000 0.0000000000000000E+000 0.0000000000000000E+000 0.0000000000000000E+000 -9.8999999999999986E+001 0.0000000000000000E+000 0.0000000000000000E+000 -1.8668616971596725E-010
65 7.0104823457635836E+000 9.9999999868809286E-001 2.2074941049180308E+000 1.4607292487689159E+000 3.5831383200713631E+000 5.4785000357803355E+000 -3.2867445108440769E+000 1.0315286752445502E+001 6.9999999999999996E-001 2.9797635251138621E-005 2.7997020236474884E-001 4.1193902129486445E-003 1.2067031330276047E-003 1.1203876416666529E-002 2.5129237964844936E-003 9.5710644087274640E-004 0.0000000000000000E+000 0.0000000000000000E+000 0.0000000000000000E+000 0.0000000000000000E+000 0.0000000000000000E+000 0.0000000000000000E+000 0.0000000000000000E+000 0.0000000000000000E+000 0.0000000000000000E+000 0.0000000000000000E+000 -8.0435970488270296E+000 8.5000496627254141E-001 2.5489601539488405E+001 0.0000000000000000E+000 1.5546314348248362E+006 5.0391372134087360E+003 6.2016306083171904E+007 -2.0863525016634249E+001 -9.8999999999999986E+001 -9.8999999999999986E+001 -2.0863525016634249E+001 -9.8999999999999986E+001 -3.6424629475341725E+001 -2.2261393028557649E+001 0.0000000000000000E+000 0.0000000000000000E+000 0.0000000000000000E+000 0.0000000000000000E+000 0.0000000000000000E+000 0.0000000000000000E+000 0.0000000000000000E+000 0.0000000000000000E+000 0.0000000000000000E+000 0.0000000000000000E+000 0.0000000000000000E+000 0.0000000000000000E+000 -9.8999999999999986E+001 0.0000000000000000E+000 0.0000000000000000E+000 -1.8652421403627167E-010
66 8.4125888149163011E+000 9.9999999842683807E-001 2.2071625868559388E+000 1.4605191367462715E+000 3.5831604965671620E+000 5.4788001773438939E+000 -3.2862882317582081E+000 1.0316045613771301E+001 6.9999999999999996E-001 2.9797635251138618E-005 2.7997020236474884E-001 4.1193902129486445E-003 1.2067031330276047E-003 1.1203876416666529E-002 2.5129237964844936E-003 9.5710644087274629E-004 0.0000000000000000E+000 0.0000000000000000E+000 0.0000000000000000E+000 0.0000000000000000E+000 0.0000000000000000E+000 0.0000000000000000E+000 0.0000000000000000E+000 0.0000000000000000E+000 0.0000000000000000E+000 0.0000000000000000E+000 -8.0435846973821139E+000 8.5000496627254141E-001 2.5489588740386317E+001 0.0000000000000000E+000 1.5535036463721341E+006 5.0454256880383400E+003 6.2063664197228283E+007 -2.0859770559463417E+001 -9.8999999999999986E+001 -9.8999999999999986E+001 -2.0859770559463417E+001 -9.8999999999999986E+001 -9.8999999999999986E+001 -2.2257638571214631E+001 0.0000000000000000E+000 0.0000000000000000E+000 0.0000000000000000E+000 0.0000000000000000E+000 0.0000000000000000E+000 0.0000000000000000E+000 0.0000000000000000E+000 0.0000000000000000E+000 0.0000000000000000E+000 0.0000000000000000E+000 0.0000000000000000E+000 0.0000000000000000E+000 -9.8999999999999986E+001 0.0000000000000000E+000 0.0000000000000000E+000 -1.8633024095774709E-010
67 1.0095116577899560E+001 9.9999999811372298E-001 2.2067652647332388E+000 1.4602673822083094E+000 3.5831870433054682E+000 5.4791598173641445E+000 -3.2857415069531544E+000 1.0316954900259187E+001 6.9999999999999996E-001 2.9797635251138618E-005 2.7997020236474884E-001 4.1193902129486445E-003 1.2067031330276047E-003 1.1203876416666529E-002 2.5129237964844936E-003 9.5710644087274629E-004 0.0000000000000000E+000 0.0000000000000000E+000 0.0000000000000000E+000 0.0000000000000000E+000 0.0000000000000000E+000 0.0000000000000000E+000 0.0000000000000000E+000 0.0000000000000000E+000 0.0000000000000000E+000 0.0000000000000000E+000 -8.0435691733687982E+000 8.5000496627254141E-001 2.5489573541218729E+001 0.0000000000000000E+000 1.5521534166866518E+006 5.0529719850168412E+003 6.2120470218970865E+007 -2.0855272306109214E+001 -9.8999999999999986E+001 -9.8999999999999986E+001 -2.0855272306109214E+001 -9.8999999999999986E+001 -9.8999999999999986E+001 -2.2253140317653905E+001 0.0000000000000000E+000 0.0000000000000000E+000 0.0000000000000000E+000 0.0000000000000000E+000 0.0000000000000000E+000 0.0000000000000000E+000 0.0000000000000000E+000 0.0000000000000000E+000 0.0000000000000000E+000 0.0000000000000000E+000 0.0000000000000000E+000 0.0000000000000000E+000 -9.8999999999999986E+001 0.0000000000000000E+000 0.0000000000000000E+000 -1.8609800421287335E-010
68 1.2114149893479471E+001 9.9999999773854598E-001 2.2062892033913282E+000 1.4599658223940293E+000 3.5832188078771310E+000 5.4795906249452031E+000 -3.2850865997760597E+000 1.0318044110579455E+001 6.9999999999999996E-001 2.9797635251138618E-005 2.7997020236474884E-001 4.1193902129486445E-003 1.2067031330276047E-003 1.1203876416666529E-002 2.5129237964844936E-003 9.5710644087274629E-004 0.0000000000000000E+000 0.0000000000000000E+000 0.0000000000000000E+000 0.0000000000000000E+000 0.0000000000000000E+000 0.0000000000000000E+000 0.0000000000000000E+000 0.0000000000000000E+000 0.0000000000000000E+000 0.0000000000000000E+000 -8.0435495187234238E+000 8.5000496627254163E-001 2.5489555530334496E+001 0.0000000000000000E+000 1.5505376121180288E+006 5.0620276288537852E+003 6.2188602235528685E+007 -2.0849884283709567E+001 -9.8999999999999986E+001 -9.8999999999999986E+001 -2.0849884283709567E+001 -9.8999999999999986E+001 -9.8999999999999986E+001 -2.2247752295006599E+001 0.0000000000000000E+000 0.0000000000000000E+000 0.0000000000000000E+000 0.0000000000000000E+000 0.0000000000000000E+000 0.0000000000000000E+000 0.0000000000000000E+000 0.0000000000000000E+000 0.0000000000000000E+000 0.0000000000000000E+000 0.0000000000000000E+000 0.0000000000000000E+000 -9.8999999999999986E+001 0.0000000000000000E+000 0.0000000000000000E+000 -1.8582007844857828E-010
69 1.4536989872175365E+001 9.9999999728913902E-001 2.2057189827944188E+000 1.4596047353236732E+000 3.5832567962630817E+000 5.4801065896892869E+000 -3.2843022473343653E+000 1.0319348607878648E+001 6.9999999999999996E-001 2.9797635251138618E-005 2.7997020236474884E-001 4.1193902129486445E-003 1.2067031330276047E-003 1.1203876416666529E-002 2.5129237964844936E-003 9.5710644087274629E-004 0.0000000000000000E+000 0.0000000000000000E+000 0.0000000000000000E+000 0.0000000000000000E+000 0.0000000000000000E+000 0.0000000000000000E+000 0.0000000000000000E+000 0.0000000000000000E+000 0.0000000000000000E+000 0.0000000000000000E+000 -8.0435244284229821E+000 8.5000496627254163E-001 2.5489534241089398E+001 0.0000000000000000E+000 1.5486050639574870E+006 5.0728943602719155E+003 6.2270308316006273E+007 -2.0843434314273871E+001 -9.8999999999999986E+001 -9.8999999999999986E+001 -2.0843434314273871E+001 -9.8999999999999986E+001 -9.8999999999999986E+001 -2.2241302325273885E+001 0.0000000000000000E+000 0.0000000000000000E+000 0.0000000000000000E+000 0.0000000000000000E+000 0.0000000000000000E+000 0.0000000000000000E+000 0.0000000000000000E+000 0.0000000000000000E+000 0.0000000000000000E+000 0.0000000000000000E+000 0.0000000000000000E+000 0.0000000000000000E+000 -9.8999999999999986E+001 0.0000000000000000E+000 0.0000000000000000E+000 -1.8548765813722681E-010
70 1.7444397846610439E+001 9.9999999675100582E-001 2.2050362534233878E+000 1.4591725655631134E+000 3.5833021988006033E+000 5.4807245979820882E+000 -3.2833627851635683E+000 1.0320911075591473E+001 6.9999999999999996E-001 2.9797635251138614E-005 2.7997020236474884E-001 4.1193902129486445E-003 1.2067031330276047E-003 1.1203876416666529E-002 2.5129237964844936E-003 9.5710644087274629E-004 0.0000000000000000E+000 0.0000000000000000E+000 0.0000000000000000E+000 0.0000000000000000E+000 0.0000000000000000E+000 0.0000000000000000E+000 0.0000000000000000E+000 0.0000000000000000E+000 0.0000000000000000E+000 0.0000000000000000E+000 -8.0434921848979695E+000 8.5000496627254141E-001 2.5489509202453348E+001 0.0000000000000000E+000 1.5462952455761426E+006 5.0859339663257779E+003 6.2368276837067388E+007 -2.0835719790272758E+001 -9.8999999999999986E+001 -9.8999999999999986E+001 -2.0835719790272758E+001 -9.8999999999999986E+001 -9.8999999999999986E+001 -2.2233587800916528E+001 0.0000000000000000E+000 0.0000000000000000E+000 0.0000000000000000E+000 0.0000000000000000E+000 0.0000000000000000E+000 0.0000000000000000E+000 0.0000000000000000E+000 0.0000000000000000E+000 0.0000000000000000E+000 0.0000000000000000E+000 0.0000000000000000E+000 0.0000000000000000E+000 -9.8999999999999986E+001 0.0000000000000000E+000 0.0000000000000000E+000 -1.8509032185518070E-010
71 2.0933287415932522E+001 9.9999999610690182E-001 2.2042191152351336E+000 1.4586555686845111E+000 3.5833564126928414E+000 5.4814639707855601E+000 -3.2822388503225546E+000 1.0322780347950271E+001 6.9999999999999996E-001 2.9797635251138614E-005 2.7997020236474884E-001 4.1193902129486445E-003 1.2067031330276047E-003 1.1203876416666529E-002 2.5129237964844936E-003 9.5710644087274640E-004 0.0000000000000000E+000 0.0000000000000000E+000 0.0000000000000000E+000 0.0000000000000000E+000 0.0000000000000000E+000 0.0000000000000000E+000 0.0000000000000000E+000 0.0000000000000000E+000 0.0000000000000000E+000 0.0000000000000000E+000 -8.0434507757160709E+000 8.5000496627254141E-001 2.5489480144981314E+001 0.0000000000000000E+000 1.5435365770429771E+006 5.1015817654116327E+003 6.2485735059892453E+007 -2.0826492768170127E+001 -9.8999999999999986E+001 -9.8999999999999986E+001 -2.0826492768170127E+001 -9.8999999999999986E+001 -9.8999999999999986E+001 -2.2224360778386767E+001 0.0000000000000000E+000 0.0000000000000000E+000 0.0000000000000000E+000 0.0000000000000000E+000 0.0000000000000000E+000 0.0000000000000000E+000 0.0000000000000000E+000 0.0000000000000000E+000 0.0000000000000000E+000 0.0000000000000000E+000 0.0000000000000000E+000 0.0000000000000000E+000 -9.8999999999999986E+001 0.0000000000000000E+000 0.0000000000000000E+000 -1.8461577668754210E-010
72 2.5119954899119026E+001 9.9999999533634742E-001 2.2032415745240121E+000 1.4580374967275243E+000 3.5834210634935544E+000 5.4820380813709280E+000 -3.2805752874547123E+000 1.0325019027780039E+001 6.9999999999999996E-001 2.9797635251138614E-005 2.7997020236474884E-001 4.1193902129486445E-003 1.2067031330276047E-003 1.1203876416666529E-002 2.5129237964844936E-003 9.5710644087274640E-004 0.0000000000000000E+000 0.0000000000000000E+000 0.0000000000000000E+000 0.0000000000000000E+000 0.0000000000000000E+000 0.0000000000000000E+000 0.0000000000000000E+000 0.0000000000000000E+000 0.0000000000000000E+000 0.0000000000000000E+000 -8.0416267047313159E+000 8.5000496627254141E-001 2.5486540783254572E+001 0.0000000000000000E+000 1.5402450353339191E+006 5.1203596162160247E+003 6.2626540728206776E+007 -2.0815472685250853E+001 -9.8999999999999986E+001 -9.8999999999999986E+001 -2.0815472685250853E+001 -9.8999999999999986E+001 -9.8999999999999986E+001 -2.2213340694955299E+001 0.0000000000000000E+000 0.0000000000000000E+000 0.0000000000000000E+000 0.0000000000000000E+000 0.0000000000000000E+000 0.0000000000000000E+000 0.0000000000000000E+000 0.0000000000000000E+000 0.0000000000000000E+000 0.0000000000000000E+000 0.0000000000000000E+000 0.0000000000000000E+000 -9.8999999999999986E+001 0.0000000000000000E+000 0.0000000000000000E+000 -1.8404951482616201E-010
73 3.0143955878942830E+001 9.9999999441507348E-001 2.2020726103001627E+000 1.4572990936398027E+000 3.5834980239814529E+000 5.4827158137978360E+000 -3.2785792035257924E+000 1.0327693877998273E+001 6.9999999999999996E-001 2.9797635251138618E-005 2.7997020236474884E-001 4.1193902129486445E-003 1.2067031330276047E-003 1.1203876416666529E-002 2.5129237964844936E-003 9.5710644087274629E-004 0.0000000000000000E+000 0.0000000000000000E+000 0.0000000000000000E+000 0.0000000000000000E+000 0.0000000000000000E+000 0.0000000000000000E+000 0.0000000000000000E+000 0.0000000000000000E+000 0.0000000000000000E+000 0.0000000000000000E+000 -8.0393927219475252E+000 8.5000496627254163E-001 2.5482943774537514E+001 0.0000000000000000E+000 1.5363218709440045E+006 5.1428970434690109E+003 6.2795335813080497E+007 -2.0802310977170659E+001 -9.8999999999999986E+001 -9.8999999999999986E+001 -2.0802310977170659E+001 -9.8999999999999986E+001 -9.8999999999999986E+001 -2.2200178986261200E+001 0.0000000000000000E+000 0.0000000000000000E+000 0.0000000000000000E+000 0.0000000000000000E+000 0.0000000000000000E+000 0.0000000000000000E+000 0.0000000000000000E+000 0.0000000000000000E+000 0.0000000000000000E+000 0.0000000000000000E+000 0.0000000000000000E+000 0.0000000000000000E+000 -9.8999999999999986E+001 0.0000000000000000E+000 0.0000000000000000E+000 -1.8337455148128507E-010
74 3.6172757054731399E+001 9.9999999331438949E-001 2.2006755157231517E+000 1.4564176891692138E+000 3.5835894525724941E+000 5.4835248301279842E+000 -3.2761962572202625E+000 1.0330887063691833E+001 6.9999999999999996E-001 2.9797635251138621E-005 2.7997020236474884E-001 4.1193902129486445E-003 1.2067031330276047E-003 1.1203876416666529E-002 2.5129237964844936E-003 9.5710644087274629E-004 0.0000000000000000E+000 0.0000000000000000E+000 0.0000000000000000E+000 0.0000000000000000E+000 0.0000000000000000E+000 0.0000000000000000E+000 0.0000000000000000E+000 0.0000000000000000E+000 0.0000000000000000E+000 0.0000000000000000E+000 -8.0367144104871890E+000 8.5000496627254141E-001 2.5478636945990079E+001 0.0000000000000000E+000 1.5316520154061259E+006 5.1699498256142660E+003 6.2997669161427945E+007 -2.0786604848467423E+001 -9.8999999999999986E+001 -9.8999999999999986E+001 -2.0786604848467423E+001 -9.8999999999999986E+001 -9.8999999999999986E+001 -2.2184472856822406E+001 0.0000000000000000E+000 0.0000000000000000E+000 0.0000000000000000E+000 0.0000000000000000E+000 0.0000000000000000E+000 0.0000000000000000E+000 0.0000000000000000E+000 0.0000000000000000E+000 0.0000000000000000E+000 0.0000000000000000E+000 0.0000000000000000E+000 0.0000000000000000E+000 -9.8999999999999986E+001 0.0000000000000000E+000 0.0000000000000000E+000 -1.8257095937276120E-010
75 4.3407318465677676E+001 9.9999999200048029E-001 2.1990077677038480E+000 1.4553666644677350E+000 3.5836980279184076E+000 5.4844895886738607E+000 -3.2733543146297124E+000 1.0334695206314811E+001 6.9999999999999996E-001 2.9797635251138621E-005 2.7997020236474884E-001 4.1193902129486445E-003 1.2067031330276047E-003 1.1203876416666529E-002 2.5129237964844936E-003 9.5710644087274629E-004 0.0000000000000000E+000 0.0000000000000000E+000 0.0000000000000000E+000 0.0000000000000000E+000 0.0000000000000000E+000 0.0000000000000000E+000 0.0000000000000000E+000 0.0000000000000000E+000 0.0000000000000000E+000 0.0000000000000000E+000 -8.0335040206911685E+000 8.5000496627254141E-001 2.5473481800300821E+001 0.0000000000000000E+000 1.5261020296438271E+006 5.2024162778176014E+003 6.3240053522715844E+007 -2.0767883024553669E+001 -9.8999999999999986E+001 -9.8999999999999986E+001 -2.0767883024553669E+001 -9.8999999999999986E+001 -9.8999999999999986E+001 -2.2165751032027540E+001 0.0000000000000000E+000 0.0000000000000000E+000 0.0000000000000000E+000 0.0000000000000000E+000 0.0000000000000000E+000 0.0000000000000000E+000 0.0000000000000000E+000 0.0000000000000000E+000 0.0000000000000000E+000 0.0000000000000000E+000 0.0000000000000000E+000 0.0000000000000000E+000 -9.8999999999999986E+001 0.0000000000000000E+000 0.0000000000000000E+000 -1.8161562061899424E-010
76 5.2088792158813206E+001 9.9999999043362875E-001 2.1970208381135947E+000 1.4541148893726161E+000 3.5838271830684039E+000 5.4856386961526962E+000 -3.2699689561261405E+000 1.0339231362607460E+001 6.9999999999999996E-001 2.9797635251138618E-005 2.7997020236474884E-001 4.1193902129486445E-003 1.2067031330276047E-003 1.1203876416666529E-002 2.5129237964844936E-003 9.5710644087274629E-004 0.0000000000000000E+000 0.0000000000000000E+000 0.0000000000000000E+000 0.0000000000000000E+000 0.0000000000000000E+000 0.0000000000000000E+000 0.0000000000000000E+000 0.0000000000000000E+000 0.0000000000000000E+000 0.0000000000000000E+000 -8.0296570782944521E+000 8.5000496627254163E-001 2.5467313688771696E+001 0.0000000000000000E+000 1.5195182050356928E+006 5.2413577453052276E+003 6.3530044235555485E+007 -2.0745596041853592E+001 -9.8999999999999986E+001 -9.8999999999999986E+001 -2.0745596041853592E+001 -9.8999999999999986E+001 -9.8999999999999986E+001 -2.2143464048272204E+001 0.0000000000000000E+000 0.0000000000000000E+000 0.0000000000000000E+000 0.0000000000000000E+000 0.0000000000000000E+000 0.0000000000000000E+000 0.0000000000000000E+000 0.0000000000000000E+000 0.0000000000000000E+000 0.0000000000000000E+000 0.0000000000000000E+000 0.0000000000000000E+000 -9.8999999999999986E+001 0.0000000000000000E+000 0.0000000000000000E+000 -1.8048222110134432E-010
77 6.2506560590575845E+001 9.9999998856737637E-001 2.1946597341942771E+000 1.4526261339768138E+000 3.5839812847864758E+000 5.4870054576891594E+000 -3.2659418490410985E+000 1.0344627199579097E+001 6.9999999999999996E-001 2.9797635251138614E-005 2.7997020236474884E-001 4.1193902129486445E-003 1.2067031330276047E-003 1.1203876416666529E-002 2.5129237964844936E-003 9.5710644087274629E-004 0.0000000000000000E+000 0.0000000000000000E+000 0.0000000000000000E+000 0.0000000000000000E+000 0.0000000000000000E+000 0.0000000000000000E+000 0.0000000000000000E+000 0.0000000000000000E+000 0.0000000000000000E+000 0.0000000000000000E+000 -8.0250500519425376E+000 8.5000496627254141E-001 2.5459938003728666E+001 0.0000000000000000E+000 1.5117249293926174E+006 5.2880269628193328E+003 6.3876374851971343E+007 -2.0719104083285568E+001 -9.8999999999999986E+001 -9.8999999999999986E+001 -2.0719104083285568E+001 -9.8999999999999986E+001 -9.8999999999999986E+001 -2.2116972088440903E+001 0.0000000000000000E+000 0.0000000000000000E+000 0.0000000000000000E+000 0.0000000000000000E+000 0.0000000000000000E+000 0.0000000000000000E+000 0.0000000000000000E+000 0.0000000000000000E+000 0.0000000000000000E+000 0.0000000000000000E+000 0.0000000000000000E+000 0.0000000000000000E+000 -9.8999999999999986E+001 0.0000000000000000E+000 0.0000000000000000E+000 -1.7914130060749084E-010
78 7.5007882708691014E+001 9.9999998634763798E-001 2.1918657623339621E+000 1.4508584565782527E+000 3.5841666305206776E+000 5.4886284455049088E+000 -3.2611590431673312E+000 1.0351035263187251E+001 6.9999999999999996E-001 2.9797635251138618E-005 2.7997020236474884E-001 4.1193902129486445E-003 1.2067031330276047E-003 1.1203876416666529E-002 2.5129237964844936E-003 9.5710644087274618E-004 0.0000000000000000E+000 0.0000000000000000E+000 0.0000000000000000E+000 0.0000000000000000E+000 0.0000000000000000E+000 0.0000000000000000E+000 0.0000000000000000E+000 0.0000000000000000E+000 0.0000000000000000E+000 0.0000000000000000E+000 -8.0195386465794041E+000 8.5000496627254163E-001 2.5451127124075992E+001 0.0000000000000000E+000 1.5025234518701581E+006 5.3438629084633185E+003 6.4288638993564218E+007 -2.0687669882172294E+001 -9.8999999999999986E+001 -9.8999999999999986E+001 -2.0687669882172294E+001 -9.8999999999999986E+001 -9.8999999999999986E+001 -2.2085537885815810E+001 0.0000000000000000E+000 0.0000000000000000E+000 0.0000000000000000E+000 0.0000000000000000E+000 0.0000000000000000E+000 0.0000000000000000E+000 0.0000000000000000E+000 0.0000000000000000E+000 0.0000000000000000E+000 0.0000000000000000E+000 0.0000000000000000E+000 0.0000000000000000E+000 -9.8999999999999986E+001 0.0000000000000000E+000 0.0000000000000000E+000 -1.7756029768619309E-010
79 9.0009469250429220E+001 9.9999998371178367E-001 2.1885786983716162E+000 1.4487636007325384E+000 3.5843922924529483E+000 5.4905520750309371E+000 -3.2554892357142400E+000 1.0358631281744932E+001 6.9999999999999996E-001 2.9797635251138618E-005 2.7997020236474884E-001 4.1193902129486445E-003 1.2067031330276047E-003 1.1203876416666529E-002 2.5129237964844936E-003 9.5710644087274618E-004 0.0000000000000000E+000 0.0000000000000000E+000 0.0000000000000000E+000 0.0000000000000000E+000 0.0000000000000000E+000 0.0000000000000000E+000 0.0000000000000000E+000 0.0000000000000000E+000 0.0000000000000000E+000 0.0000000000000000E+000 -8.0129579964158530E+000 8.5000496627254163E-001 2.5440619965537859E+001 0.0000000000000000E+000 1.4916913664352545E+006 5.4104978118283043E+003 6.4777069174879827E+007 -2.0650447142623246E+001 -9.8999999999999986E+001 -9.8999999999999986E+001 -2.0650447142623246E+001 -9.8999999999999986E+001 -9.8999999999999986E+001 -2.2048315144458201E+001 0.0000000000000000E+000 0.0000000000000000E+000 0.0000000000000000E+000 0.0000000000000000E+000 0.0000000000000000E+000 0.0000000000000000E+000 0.0000000000000000E+000 0.0000000000000000E+000 0.0000000000000000E+000 0.0000000000000000E+000 0.0000000000000000E+000 0.0000000000000000E+000 -9.8999999999999986E+001 0.0000000000000000E+000 0.0000000000000000E+000 -1.7570503878749582E-010
80 1.0801137310051506E+002 9.9999998058771389E-001 2.1847273223364438E+000 1.4462864897342258E+000 3.5846680039433112E+000 5.4928271061592344E+000 -3.2487822427901554E+000 1.0367616183924302E+001 6.9999999999999996E-001 2.9797635251138618E-005 2.7997020236474884E-001 4.1193902129486445E-003 1.2067031330276047E-003 1.1203876416666529E-002 2.5129237964844936E-003 9.5710644087274629E-004 0.0000000000000000E+000 0.0000000000000000E+000 0.0000000000000000E+000 0.0000000000000000E+000 0.0000000000000000E+000 0.0000000000000000E+000 0.0000000000000000E+000 0.0000000000000000E+000 0.0000000000000000E+000 0.0000000000000000E+000 -8.0051272812367955E+000 8.5000496627254163E-001 2.5428127923318101E+001 0.0000000000000000E+000 1.4789834367295403E+006 5.4899161339392876E+003 6.5354074557380483E+007 -2.0606474225765876E+001 -9.8999999999999986E+001 -9.8999999999999986E+001 -2.0606474225765876E+001 -9.8999999999999986E+001 -9.8999999999999986E+001 -2.2004342225438030E+001 0.0000000000000000E+000 0.0000000000000000E+000 0.0000000000000000E+000 0.0000000000000000E+000 0.0000000000000000E+000 0.0000000000000000E+000 0.0000000000000000E+000 0.0000000000000000E+000 0.0000000000000000E+000 0.0000000000000000E+000 0.0000000000000000E+000 0.0000000000000000E+000 -9.8999999999999986E+001 0.0000000000000000E+000 0.0000000000000000E+000 -1.7354108065231844E-010
81 1.2961365772061805E+002 9.9999997689306219E-001 2.1801899944307337E+000 1.4433651373963208E+000 3.5849943481358362E+000 5.4955107989602716E+000 -3.2408684792722866E+000 1.0378216761944888E+001 6.9999999999999996E-001 2.9797635251138614E-005 2.7997020236474884E-001 4.1193902129486445E-003 1.2067031330276047E-003 1.1203876416666529E-002 2.5129237964844936E-003 9.5710644087274640E-004 0.0000000000000000E+000 0.0000000000000000E+000 0.0000000000000000E+000 0.0000000000000000E+000 0.0000000000000000E+000 0.0000000000000000E+000 0.0000000000000000E+000 0.0000000000000000E+000 0.0000000000000000E+000 0.0000000000000000E+000 -7.9958632586071419E+000 8.5000496627254141E-001 2.5413354139797921E+001 0.0000000000000000E+000 1.4641355397212275E+006 5.5850155558504302E+003 6.6040445688712105E+007 -2.0554672227327249E+001 -9.8999999999999986E+001 -9.8999999999999986E+001 -2.0554672227327249E+001 -9.8999999999999986E+001 -3.6424629475341725E+001 -2.1952540224414246E+001 0.0000000000000000E+000 0.0000000000000000E+000 0.0000000000000000E+000 0.0000000000000000E+000 0.0000000000000000E+000 0.0000000000000000E+000 0.0000000000000000E+000 0.0000000000000000E+000 0.0000000000000000E+000 0.0000000000000000E+000 0.0000000000000000E+000 0.0000000000000000E+000 -9.8999999999999986E+001 0.0000000000000000E+000 0.0000000000000000E+000 -1.7103059706025518E-010
82 1.5553639926474168E+002 9.9999997253497364E-001 2.1748628674179393E+000 1.4399301349135327E+000 3.5853800676240319E+000 5.4986671717064040E+000 -3.2315581752612008E+000 1.0390686721108265E+001 6.9999999999999996E-001 2.9797635251138621E-005 2.7997020236474884E-001 4.1193902129486445E-003 1.2067031330276047E-003 1.1203876416666529E-002 2.5129237964844936E-003 9.5710644087274640E-004 0.0000000000000000E+000 0.0000000000000000E+000 0.0000000000000000E+000 0.0000000000000000E+000 0.0000000000000000E+000 0.0000000000000000E+000 0.0000000000000000E+000 0.0000000000000000E+000 0.0000000000000000E+000 0.0000000000000000E+000 -7.9850049403339414E+000 8.5000496627254163E-001 2.5396029626634618E+001 0.0000000000000000E+000 1.4468675611285886E+006 5.6988406410836269E+003 6.6855496842914499E+007 -2.0493845032356361E+001 -9.8999999999999986E+001 -9.8999999999999986E+001 -2.0493845032356361E+001 -9.8999999999999986E+001 -3.6424629475341725E+001 -2.1891713026354900E+001 0.0000000000000000E+000 0.0000000000000000E+000 0.0000000000000000E+000 0.0000000000000000E+000 0.0000000000000000E+000 0.0000000000000000E+000 0.0000000000000000E+000 0.0000000000000000E+000 0.0000000000000000E+000 0.0000000000000000E+000 0.0000000000000000E+000 0.0000000000000000E+000 -9.8999999999999986E+001 0.0000000000000000E+000 0.0000000000000000E+000 -1.6811835550676861E-010
83 1.8664368911769000E+002 9.9999996740972230E-001 2.1691242151141967E+000 1.4359008231367341E+000 3.5859600604364950E+000 5.5023710257909109E+000 -3.2206296645606951E+000 1.0405322555363593E+001 6.9999999999999996E-001 2.9797635251138618E-005 2.7997020236474884E-001 4.1193902129486445E-003 1.2067031330276047E-003 1.1203876416666529E-002 2.5129237964844936E-003 9.5710644087274629E-004 0.0000000000000000E+000 0.0000000000000000E+000 0.0000000000000000E+000 0.0000000000000000E+000 0.0000000000000000E+000 0.0000000000000000E+000 0.0000000000000000E+000 0.0000000000000000E+000 0.0000000000000000E+000 0.0000000000000000E+000 -7.9724275302832908E+000 8.5000496627254141E-001 2.5375931827370096E+001 0.0000000000000000E+000 1.4268713348692474E+006 5.8284687517703596E+003 6.7744769702154815E+007 -2.0422606127989017E+001 -9.8999999999999986E+001 -9.8999999999999986E+001 -2.0422606127989017E+001 -9.8999999999999986E+001 -9.8999999999999986E+001 -2.1820474118295547E+001 0.0000000000000000E+000 0.0000000000000000E+000 0.0000000000000000E+000 0.0000000000000000E+000 0.0000000000000000E+000 0.0000000000000000E+000 0.0000000000000000E+000 0.0000000000000000E+000 0.0000000000000000E+000 0.0000000000000000E+000 0.0000000000000000E+000 0.0000000000000000E+000 -9.8999999999999986E+001 0.0000000000000000E+000 0.0000000000000000E+000 -1.6476046371051992E-010
84 2.2397243694122798E+002 9.9999996139620639E-001 2.1615905392701800E+000 1.4312007396199311E+000 3.5864266832338929E+000 5.5066929099853299E+000 -3.2078734599009824E+000 1.0422404683889278E+001 6.9999999999999996E-001 2.9797635251138614E-005 2.7997020236474884E-001 4.1193902129486445E-003 1.2067031330276047E-003 1.1203876416666529E-002 2.5129237964844936E-003 9.5710644087274640E-004 0.0000000000000000E+000 0.0000000000000000E+000 0.0000000000000000E+000 0.0000000000000000E+000 0.0000000000000000E+000 0.0000000000000000E+000 0.0000000000000000E+000 0.0000000000000000E+000 0.0000000000000000E+000 0.0000000000000000E+000 -7.9580373984825385E+000 8.5000496627254163E-001 2.5352902506850850E+001 0.0000000000000000E+000 1.4038952005028531E+006 5.9949867361418983E+003 6.8930184980406791E+007 -2.0339673343522612E+001 -9.8999999999999986E+001 -9.8999999999999986E+001 -2.0339673343522612E+001 -9.8999999999999986E+001 -9.8999999999999986E+001 -2.1737541329425625E+001 0.0000000000000000E+000 0.0000000000000000E+000 0.0000000000000000E+000 0.0000000000000000E+000 0.0000000000000000E+000 0.0000000000000000E+000 0.0000000000000000E+000 0.0000000000000000E+000 0.0000000000000000E+000 0.0000000000000000E+000 0.0000000000000000E+000 0.0000000000000000E+000 -9.8999999999999986E+001 0.0000000000000000E+000 0.0000000000000000E+000 -1.6109610633835451E-010
85 2.6876693432947360E+002 9.9999995438042644E-001 2.1528162010872189E+000 1.4257435233492122E+000 3.5869617068235122E+000 5.5117129952088701E+000 -3.1930518540264909E+000 1.0442251610578536E+001 6.9999999999999996E-001 2.9797635251138614E-005 2.7997020236474884E-001 4.1193902129486445E-003 1.2067031330276047E-003 1.1203876416666529E-002 2.5129237964844936E-003 9.5710644087274629E-004 0.0000000000000000E+000 0.0000000000000000E+000 0.0000000000000000E+000 0.0000000000000000E+000 0.0000000000000000E+000 0.0000000000000000E+000 0.0000000000000000E+000 0.0000000000000000E+000 0.0000000000000000E+000 0.0000000000000000E+000 -7.9416333295426575E+000 8.5000496627254141E-001 2.5326621815729908E+001 0.0000000000000000E+000 1.3776816264117802E+006 6.1946928100357291E+003 7.0336989985882089E+007 -2.0243608321869370E+001 -9.8999999999999986E+001 -9.8999999999999986E+001 -2.0243608321869370E+001 -9.8999999999999986E+001 -9.8999999999999986E+001 -2.1641476302524378E+001 0.0000000000000000E+000 0.0000000000000000E+000 0.0000000000000000E+000 0.0000000000000000E+000 0.0000000000000000E+000 0.0000000000000000E+000 0.0000000000000000E+000 0.0000000000000000E+000 0.0000000000000000E+000 0.0000000000000000E+000 0.0000000000000000E+000 0.0000000000000000E+000 -9.8999999999999986E+001 0.0000000000000000E+000 0.0000000000000000E+000 -1.5662146681960488E-010
86 3.2252033119536827E+002 9.9999994623290245E-001 2.1424016638636281E+000 1.4194430393006356E+000 3.5875083145419024E+000 5.5175109429648144E+000 -3.1759271286354052E+000 1.0465180810633585E+001 6.9999999999999996E-001 2.9797635251138618E-005 2.7997020236474884E-001 4.1193902129486445E-003 1.2067031330276047E-003 1.1203876416666529E-002 2.5129237964844936E-003 9.5710644087274640E-004 0.0000000000000000E+000 0.0000000000000000E+000 0.0000000000000000E+000 0.0000000000000000E+000 0.0000000000000000E+000 0.0000000000000000E+000 0.0000000000000000E+000 0.0000000000000000E+000 0.0000000000000000E+000 0.0000000000000000E+000 -7.9228481359171576E+000 8.5000496627254141E-001 2.5296440318701158E+001 0.0000000000000000E+000 1.3480256070777520E+006 6.4377601035541411E+003 7.2044082152990147E+007 -2.0133018185099342E+001 -9.8999999999999986E+001 -9.8999999999999986E+001 -2.0133018185099342E+001 -9.8999999999999986E+001 -9.8999999999999986E+001 -2.1530886159508910E+001 0.0000000000000000E+000 0.0000000000000000E+000 0.0000000000000000E+000 0.0000000000000000E+000 0.0000000000000000E+000 0.0000000000000000E+000 0.0000000000000000E+000 0.0000000000000000E+000 0.0000000000000000E+000 0.0000000000000000E+000 0.0000000000000000E+000 0.0000000000000000E+000 -9.8999999999999986E+001 0.0000000000000000E+000 0.0000000000000000E+000 -1.5157226328802914E-010
87 3.8702440743444191E+002 9.9999993682502009E-001 2.1318262683396552E+000 1.4121881519031587E+000 3.5884919093596470E+000 5.5241901910701054E+000 -3.1561888975832426E+000 1.0491604480757763E+001 6.9999999999999996E-001 2.9797635251138621E-005 2.7997020236474884E-001 4.1193902129486445E-003 1.2067031330276047E-003 1.1203876416666529E-002 2.5129237964844936E-003 9.5710644087274629E-004 0.0000000000000000E+000 0.0000000000000000E+000 0.0000000000000000E+000 0.0000000000000000E+000 0.0000000000000000E+000 0.0000000000000000E+000 0.0000000000000000E+000 0.0000000000000000E+000 0.0000000000000000E+000 0.0000000000000000E+000 -7.9009584779380431E+000 8.5000496627254141E-001 2.5260977739878676E+001 0.0000000000000000E+000 1.3146671556315976E+006 6.7075676866268550E+003 7.3819942779728770E+007 -2.0006104551605059E+001 -9.8999999999999986E+001 -9.8999999999999986E+001 -2.0006104551605059E+001 -9.8999999999999986E+001 -9.8999999999999986E+001 -2.1403972518565382E+001 0.0000000000000000E+000 0.0000000000000000E+000 0.0000000000000000E+000 0.0000000000000000E+000 0.0000000000000000E+000 0.0000000000000000E+000 0.0000000000000000E+000 0.0000000000000000E+000 0.0000000000000000E+000 0.0000000000000000E+000 0.0000000000000000E+000 0.0000000000000000E+000 -9.8999999999999986E+001 0.0000000000000000E+000 0.0000000000000000E+000 -1.4584942384273717E-010
88 4.6442929892133026E+002 9.9999992598967236E-001 2.1183916341748761E+000 1.4039098573007343E+000 3.5892723981196650E+000 5.5318165880915178E+000 -3.1336373411648721E+000 1.0521787752404256E+001 6.9999999999999996E-001 2.9797635251138618E-005 2.7997020236474884E-001 4.1193902129486445E-003 1.2067031330276047E-003 1.1203876416666529E-002 2.5129237964844936E-003 9.5710644087274629E-004 0.0000000000000000E+000 0.0000000000000000E+000 0.0000000000000000E+000 0.0000000000000000E+000 0.0000000000000000E+000 0.0000000000000000E+000 0.0000000000000000E+000 0.0000000000000000E+000 0.0000000000000000E+000 0.0000000000000000E+000 -7.8752805696388588E+000 8.5000496627254141E-001 2.5219049440161637E+001 0.0000000000000000E+000 1.2776102091910120E+006 7.0514427331393954E+003 7.6139204267845571E+007 -1.9861839727742357E+001 -9.8999999999999986E+001 -9.8999999999999986E+001 -1.9861839727742357E+001 -9.8999999999999986E+001 -9.8999999999999986E+001 -2.1259707685848181E+001 0.0000000000000000E+000 0.0000000000000000E+000 0.0000000000000000E+000 0.0000000000000000E+000 0.0000000000000000E+000 0.0000000000000000E+000 0.0000000000000000E+000 0.0000000000000000E+000 0.0000000000000000E+000 0.0000000000000000E+000 0.0000000000000000E+000 0.0000000000000000E+000 -9.8999999999999986E+001 0.0000000000000000E+000 0.0000000000000000E+000 -1.3998272354070637E-010
89 5.5731516870559631E+002 9.9999991362133955E-001 2.1029221560215619E+000 1.3945313040339520E+000 3.5900943052147274E+000 5.5404619071793642E+000 -3.1080597943042387E+000 1.0556020304911574E+001 6.9999999999999996E-001 2.9797635251138618E-005 2.7997020236474884E-001 4.1193902129486445E-003 1.2067031330276047E-003 1.1203876416666529E-002 2.5129237964844936E-003 9.5710644087274629E-004 0.0000000000000000E+000 0.0000000000000000E+000 0.0000000000000000E+000 0.0000000000000000E+000 0.0000000000000000E+000 0.0000000000000000E+000 0.0000000000000000E+000 0.0000000000000000E+000 0.0000000000000000E+000 0.0000000000000000E+000 -7.8455607855440768E+000 8.5000496627254141E-001 2.5171030974900351E+001 0.0000000000000000E+000 1.2368884847206753E+006 7.4666536051989669E+003 7.8900145930698454E+007 -1.9699135093298985E+001 -9.8999999999999986E+001 -9.8999999999999986E+001 -1.9699135093298985E+001 -9.8999999999999986E+001 -9.8999999999999986E+001 -2.1097003040894020E+001 0.0000000000000000E+000 0.0000000000000000E+000 0.0000000000000000E+000 0.0000000000000000E+000 0.0000000000000000E+000 0.0000000000000000E+000 0.0000000000000000E+000 0.0000000000000000E+000 0.0000000000000000E+000 0.0000000000000000E+000 0.0000000000000000E+000 0.0000000000000000E+000 -9.8999999999999986E+001 0.0000000000000000E+000 0.0000000000000000E+000 -1.3315623744927563E-010
90 6.6877821244671554E+002 9.9999989960468438E-001 2.0875095670191866E+000 1.3839321945722209E+000 3.5915407126949996E+000 5.5502365398613582E+000 -3.0791254863962783E+000 1.0594745947601702E+001 6.9999999999999996E-001 2.9797635251138618E-005 2.7997020236474884E-001 4.1193902129486445E-003 1.2067031330276047E-003 1.1203876416666529E-002 2.5129237964844936E-003 9.5710644087274629E-004 0.0000000000000000E+000 0.0000000000000000E+000 0.0000000000000000E+000 0.0000000000000000E+000 0.0000000000000000E+000 0.0000000000000000E+000 0.0000000000000000E+000 0.0000000000000000E+000 0.0000000000000000E+000 0.0000000000000000E+000 -7.8122822097928717E+000 8.5000496627254163E-001 2.5119116474659481E+001 0.0000000000000000E+000 1.1924272306531973E+006 7.9275262761455997E+003 8.1750494695489645E+007 -1.9516242089461294E+001 -9.8999999999999986E+001 -9.8999999999999986E+001 -1.9516242089461294E+001 -9.8999999999999986E+001 -9.8999999999999986E+001 -2.0914110024533592E+001 0.0000000000000000E+000 0.0000000000000000E+000 0.0000000000000000E+000 0.0000000000000000E+000 0.0000000000000000E+000 0.0000000000000000E+000 0.0000000000000000E+000 0.0000000000000000E+000 0.0000000000000000E+000 0.0000000000000000E+000 0.0000000000000000E+000 0.0000000000000000E+000 -9.8999999999999986E+001 0.0000000000000000E+000 0.0000000000000000E+000 -1.2575159113674893E-010
91 8.0253386493605865E+002 9.9999988376254090E-001 2.0689563939386177E+000 1.3720764939833685E+000 3.5928302697192835E+000 5.5611799582831249E+000 -3.0467014441450657E+000 1.0638125258791135E+001 6.9999999999999996E-001 2.9797635251138614E-005 2.7997020236474884E-001 4.1193902129486445E-003 1.2067031330276047E-003 1.1203876416666529E-002 2.5129237964844936E-003 9.5710644087274629E-004 0.0000000000000000E+000 0.0000000000000000E+000 0.0000000000000000E+000 0.0000000000000000E+000 0.0000000000000000E+000 0.0000000000000000E+000 0.0000000000000000E+000 0.0000000000000000E+000 0.0000000000000000E+000 0.0000000000000000E+000 -7.7761286040339499E+000 8.5000496627254141E-001 2.5063473560282091E+001 0.0000000000000000E+000 1.1445857580245140E+006 8.5024982281105058E+003 8.5318567608483270E+007 -1.9312831645351775E+001 -9.8999999999999986E+001 -9.8999999999999986E+001 -1.9312831645351775E+001 -9.8999999999999986E+001 -9.8999999999999986E+001 -2.0710699565551700E+001 0.0000000000000000E+000 0.0000000000000000E+000 0.0000000000000000E+000 0.0000000000000000E+000 0.0000000000000000E+000 0.0000000000000000E+000 0.0000000000000000E+000 0.0000000000000000E+000 0.0000000000000000E+000 0.0000000000000000E+000 0.0000000000000000E+000 0.0000000000000000E+000 -9.8999999999999986E+001 0.0000000000000000E+000 0.0000000000000000E+000 -1.1844092664633594E-010
92 9.6304064792327040E+002 9.9999986603753765E-001 2.0470748815966910E+000 1.3589552912478351E+000 3.5939204930015682E+000 5.5733070378643728E+000 -3.0107378142164740E+000 1.0686218456851250E+001 6.9999999999999996E-001 2.9797635251138614E-005 2.7997020236474884E-001 4.1193902129486445E-003 1.2067031330276047E-003 1.1203876416666529E-002 2.5129237964844936E-003 9.5710644087274629E-004 0.0000000000000000E+000 0.0000000000000000E+000 0.0000000000000000E+000 0.0000000000000000E+000 0.0000000000000000E+000 0.0000000000000000E+000 0.0000000000000000E+000 0.0000000000000000E+000 0.0000000000000000E+000 0.0000000000000000E+000 -7.7354053766453275E+000 8.5000496627254163E-001 2.4999060194485672E+001 0.0000000000000000E+000 1.0938720798162643E+006 9.2161439555145771E+003 8.9727395184581622E+007 -1.9089095277482038E+001 -9.8999999999999986E+001 -9.8999999999999986E+001 -1.9089095277482038E+001 -9.8999999999999986E+001 -9.8999999999999986E+001 -2.0486963180079645E+001 0.0000000000000000E+000 0.0000000000000000E+000 0.0000000000000000E+000 0.0000000000000000E+000 0.0000000000000000E+000 0.0000000000000000E+000 0.0000000000000000E+000 0.0000000000000000E+000 0.0000000000000000E+000 0.0000000000000000E+000 0.0000000000000000E+000 0.0000000000000000E+000 -9.8999999999999986E+001 0.0000000000000000E+000 0.0000000000000000E+000 -1.1043148943926833E-010
93 1.1059219982123873E+003 9.9999985148074244E-001 2.0314777504211281E+000 1.3479688943656942E+000 3.5955144086487478E+000 5.5834686485208644E+000 -2.9805867259899306E+000 1.0726537178143015E+001 6.9999999999999996E-001 2.9797635251138618E-005 2.7997020236474884E-001 4.1193902129486445E-003 1.2067031330276047E-003 1.1203876416666529E-002 2.5129237964844936E-003 9.5710644087274629E-004 0.0000000000000000E+000 0.0000000000000000E+000 0.0000000000000000E+000 0.0000000000000000E+000 0.0000000000000000E+000 0.0000000000000000E+000 0.0000000000000000E+000 0.0000000000000000E+000 0.0000000000000000E+000 0.0000000000000000E+000 -7.6998339209806641E+000 8.5000496627254141E-001 2.4942046445328117E+001 0.0000000000000000E+000 1.0531420296777294E+006 9.7978946436468086E+003 9.3008402505003050E+007 -1.8902959224877808E+001 -9.8999999999999986E+001 -9.8999999999999986E+001 -1.8902959224877808E+001 -9.8999999999999986E+001 -9.8999999999999986E+001 -2.0300827111756234E+001 0.0000000000000000E+000 0.0000000000000000E+000 0.0000000000000000E+000 0.0000000000000000E+000 0.0000000000000000E+000 0.0000000000000000E+000 0.0000000000000000E+000 0.0000000000000000E+000 0.0000000000000000E+000 0.0000000000000000E+000 0.0000000000000000E+000 0.0000000000000000E+000 -9.8999999999999986E+001 0.0000000000000000E+000 0.0000000000000000E+000 -1.0188030169389633E-010
94 1.2455355897611855E+003 9.9999983810141135E-001 2.0152352195931202E+000 1.3378693835545492E+000 3.5965035313473188E+000 5.5928182151962229E+000 -2.9528292547538930E+000 1.0763653318739212E+001 6.9999999999999996E-001 2.9797635251138621E-005 2.7997020236474884E-001 4.1193902129486445E-003 1.2067031330276047E-003 1.1203876416666529E-002 2.5129237964844936E-003 9.5710644087274629E-004 0.0000000000000000E+000 0.0000000000000000E+000 0.0000000000000000E+000 0.0000000000000000E+000 0.0000000000000000E+000 0.0000000000000000E+000 0.0000000000000000E+000 0.0000000000000000E+000 0.0000000000000000E+000 0.0000000000000000E+000 -7.6678840733043572E+000 8.5000496627254141E-001 2.4890652107561799E+001 0.0000000000000000E+000 1.0170391757008445E+006 1.0410576868723543E+004 9.6552763850058824E+007 -1.8732766164240903E+001 -9.8999999999999986E+001 -9.8999999999999986E+001 -1.8732766164240903E+001 -9.8999999999999986E+001 -3.4317419505693856E+001 -2.0130634035824418E+001 0.0000000000000000E+000 0.0000000000000000E+000 0.0000000000000000E+000 0.0000000000000000E+000 0.0000000000000000E+000 0.0000000000000000E+000 0.0000000000000000E+000 0.0000000000000000E+000 0.0000000000000000E+000 0.0000000000000000E+000 0.0000000000000000E+000 0.0000000000000000E+000 -9.8999999999999986E+001 0.0000000000000000E+000 0.0000000000000000E+000 -9.5831150172963775E-011
95 1.4130718996197436E+003 9.9999982299109302E-001 1.9964118880034487E+000 1.3265651365097644E+000 3.5974498219722930E+000 5.6032925534639908E+000 -2.9217111430105396E+000 1.0805255027157507E+001 6.9999999999999996E-001 2.9797635251138618E-005 2.7997020236474884E-001 4.1193902129486445E-003 1.2067031330276047E-003 1.1203876416666529E-002 2.5129237964844936E-003 9.5710644087274618E-004 0.0000000000000000E+000 0.0000000000000000E+000 0.0000000000000000E+000 0.0000000000000000E+000 0.0000000000000000E+000 0.0000000000000000E+000 0.0000000000000000E+000 0.0000000000000000E+000 0.0000000000000000E+000 0.0000000000000000E+000 -7.6332245595230379E+000 8.5000496627254163E-001 2.4834634843927049E+001 0.0000000000000000E+000 9.7809562136181002E+005 1.1158411177222808E+004 1.0082959786750010E+008 -1.8543312461877019E+001 -9.8999999999999986E+001 -9.8999999999999986E+001 -1.8543312461877019E+001 -9.8999999999999986E+001 -9.8999999999999986E+001 -1.9941180315321606E+001 0.0000000000000000E+000 0.0000000000000000E+000 0.0000000000000000E+000 0.0000000000000000E+000 0.0000000000000000E+000 0.0000000000000000E+000 0.0000000000000000E+000 0.0000000000000000E+000 0.0000000000000000E+000 0.0000000000000000E+000 0.0000000000000000E+000 0.0000000000000000E+000 -9.8999999999999986E+001 0.0000000000000000E+000 0.0000000000000000E+000 -9.0191303733861130E-011
96 1.6141154714500133E+003 9.9999980607393968E-001 1.9775726413019488E+000 1.3139471416822057E+000 3.5990490077106978E+000 5.6149935066757122E+000 -2.8869291243461470E+000 1.0851750685048984E+001 6.9999999999999996E-001 2.9797635251138621E-005 2.7997020236474884E-001 4.1193902129486445E-003 1.2067031330276047E-003 1.1203876416666529E-002 2.5129237964844936E-003 9.5710644087274629E-004 0.0000000000000000E+000 0.0000000000000000E+000 0.0000000000000000E+000 0.0000000000000000E+000 0.0000000000000000E+000 0.0000000000000000E+000 0.0000000000000000E+000 0.0000000000000000E+000 0.0000000000000000E+000 0.0000000000000000E+000 -7.5936583162209041E+000 8.5000496627254141E-001 2.4770368871851080E+001 0.0000000000000000E+000 9.3638473704851570E+005 1.1996638922486984E+004 1.0529973408997813E+008 -1.8333176813950171E+001 -9.8999999999999986E+001 -9.8999999999999986E+001 -1.8333176813950171E+001 -9.8999999999999986E+001 -9.8999999999999986E+001 -1.9731044645798580E+001 0.0000000000000000E+000 0.0000000000000000E+000 0.0000000000000000E+000 0.0000000000000000E+000 0.0000000000000000E+000 0.0000000000000000E+000 0.0000000000000000E+000 0.0000000000000000E+000 0.0000000000000000E+000 0.0000000000000000E+000 0.0000000000000000E+000 0.0000000000000000E+000 -9.8999999999999986E+001 0.0000000000000000E+000 0.0000000000000000E+000 -8.4146700754372908E-011
97 1.7966775177129539E+003 9.9999979178531750E-001 1.9602353640898966E+000 1.3032092993174802E+000 3.6000836095900470E+000 5.6249620453825955E+000 -2.8572786230510090E+000 1.0891379041980052E+001 6.9999999999999996E-001 2.9797635251138618E-005 2.7997020236474884E-001 4.1193902129486445E-003 1.2067031330276047E-003 1.1203876416666529E-002 2.5129237964844936E-003 9.5710644087274629E-004 0.0000000000000000E+000 0.0000000000000000E+000 0.0000000000000000E+000 0.0000000000000000E+000 0.0000000000000000E+000 0.0000000000000000E+000 0.0000000000000000E+000 0.0000000000000000E+000 0.0000000000000000E+000 0.0000000000000000E+000 -7.5588320375683562E+000 8.5000496627254141E-001 2.4713921673073550E+001 0.0000000000000000E+000 9.0229295340866456E+005 1.2797781607701907E+004 1.0958838971533252E+008 -1.8155397185131726E+001 -9.8999999999999986E+001 -9.8999999999999986E+001 -1.8155397185131726E+001 -9.8999999999999986E+001 -9.8999999999999986E+001 -1.9553264997402007E+001 0.0000000000000000E+000 0.0000000000000000E+000 0.0000000000000000E+000 0.0000000000000000E+000 0.0000000000000000E+000 0.0000000000000000E+000 0.0000000000000000E+000 0.0000000000000000E+000 0.0000000000000000E+000 0.0000000000000000E+000 0.0000000000000000E+000 0.0000000000000000E+000 -9.8999999999999986E+001 0.0000000000000000E+000 0.0000000000000000E+000 -7.8267211041900127E-011
98 2.0157519732284827E+003 9.9999977571233445E-001 1.9412034449640567E+000 1.2912124079871001E+000 3.6013240754737774E+000 5.6361098128874945E+000 -2.8240976298226634E+000 1.0935713976817842E+001 6.9999999999999996E-001 2.9797635251138618E-005 2.7997020236474884E-001 4.1193902129486445E-003 1.2067031330276047E-003 1.1203876416666529E-002 2.5129237964844936E-003 9.5710644087274629E-004 0.0000000000000000E+000 0.0000000000000000E+000 0.0000000000000000E+000 0.0000000000000000E+000 0.0000000000000000E+000 0.0000000000000000E+000 0.0000000000000000E+000 0.0000000000000000E+000 0.0000000000000000E+000 0.0000000000000000E+000 -7.5205298707693604E+000 8.5000496627254141E-001 2.4653603968481775E+001 0.0000000000000000E+000 8.6566973088478472E+005 1.3745593338461074E+004 1.1449761955271578E+008 -1.7957934482032940E+001 -9.8999999999999986E+001 -9.8999999999999986E+001 -1.7957934482032940E+001 -9.8999999999999986E+001 -9.8999999999999986E+001 -1.9355802271038883E+001 0.0000000000000000E+000 0.0000000000000000E+000 0.0000000000000000E+000 0.0000000000000000E+000 0.0000000000000000E+000 0.0000000000000000E+000 0.0000000000000000E+000 0.0000000000000000E+000 0.0000000000000000E+000 0.0000000000000000E+000 0.0000000000000000E+000 0.0000000000000000E+000 -9.8999999999999986E+001 0.0000000000000000E+000 0.0000000000000000E+000 -7.3367673062844151E-011
99 2.2786413198471173E+003 9.9999975775470817E-001 1.9188599425480330E+000 1.2779522785769970E+000 3.6023682645748227E+000 5.6484446737040601E+000 -2.7873597308620282E+000 1.0984797127988289E+001 6.9999999999999996E-001 2.9797635251138621E-005 2.7997020236474884E-001 4.1193902129486445E-003 1.2067031330276047E-003 1.1203876416666529E-002 2.5129237964844936E-003 9.5710644087274629E-004 0.0000000000000000E+000 0.0000000000000000E+000 0.0000000000000000E+000 0.0000000000000000E+000 0.0000000000000000E+000 0.0000000000000000E+000 0.0000000000000000E+000 0.0000000000000000E+000 0.0000000000000000E+000 0.0000000000000000E+000 -7.4797696869918298E+000 8.5000496627254163E-001 2.4592336603926757E+001 0.0000000000000000E+000 8.2691723152968020E+005 1.4919941058347729E+004 1.2054243281363170E+008 -1.7741082012492019E+001 -9.8999999999999986E+001 -9.8999999999999986E+001 -1.7741082012492019E+001 -9.8999999999999986E+001 -9.8999999999999986E+001 -1.9138949773954337E+001 0.0000000000000000E+000 0.0000000000000000E+000 0.0000000000000000E+000 0.0000000000000000E+000 0.0000000000000000E+000 0.0000000000000000E+000 0.0000000000000000E+000 0.0000000000000000E+000 0.0000000000000000E+000 0.0000000000000000E+000 0.0000000000000000E+000 0.0000000000000000E+000 -9.8999999999999986E+001 0.0000000000000000E+000 0.0000000000000000E+000 -6.8308687643530121E-011
100 2.5105960734982905E+003 9.9999974315730522E-001 1.9037548780466458E+000 1.2669336596682044E+000 3.6041013079038722E+000 5.6587009021075412E+000 -2.7567947126016099E+000 1.1025626909553376E+001 6.9999999999999996E-001 2.9797635251138618E-005 2.7997020236474884E-001 4.1193902129486445E-003 1.2067031330276047E-003 1.1203876416666529E-002 2.5129237964844936E-003 9.5710644087274629E-004 0.0000000000000000E+000 0.0000000000000000E+000 0.0000000000000000E+000 0.0000000000000000E+000 0.0000000000000000E+000 0.0000000000000000E+000 0.0000000000000000E+000 0.0000000000000000E+000 0.0000000000000000E+000 0.0000000000000000E+000 -7.4450828889857164E+000 8.5000496627254163E-001 2.4539056495832764E+001 0.0000000000000000E+000 7.9603858083301224E+005 1.5844946537659549E+004 1.2480874333165339E+008 -1.7562077358775937E+001 -9.8999999999999986E+001 -9.8999999999999986E+001 -1.7562077358775937E+001 -9.8999999999999986E+001 -9.8999999999999986E+001 -1.8959945095800361E+001 0.0000000000000000E+000 0.0000000000000000E+000 0.0000000000000000E+000 0.0000000000000000E+000 0.0000000000000000E+000 0.0000000000000000E+000 0.0000000000000000E+000 0.0000000000000000E+000 0.0000000000000000E+000 0.0000000000000000E+000 0.0000000000000000E+000 0.0000000000000000E+000 -9.8999999999999986E+001 0.0000000000000000E+000 0.0000000000000000E+000 -6.2932113558544436E-011
101 2.7362631916735481E+003 9.9999972978467233E-001 1.8873458774777645E+000 1.2568511422869557E+000 3.6050403164522766E+000 5.6680978169005156E+000 -2.7287814497163567E+000 1.1063045014005674E+001 6.9999999999999996E-001 2.9797635251138618E-005 2.7997020236474884E-001 4.1193902129486445E-003 1.2067031330276047E-003 1.1203876416666529E-002 2.5129237964844936E-003 9.5710644087274629E-004 0.0000000000000000E+000 0.0000000000000000E+000 0.0000000000000000E+000 0.0000000000000000E+000 0.0000000000000000E+000 0.0000000000000000E+000 0.0000000000000000E+000 0.0000000000000000E+000 0.0000000000000000E+000 0.0000000000000000E+000 -7.4121629964742608E+000 8.5000496627254141E-001 2.4485326128724598E+001 0.0000000000000000E+000 7.6879463437160908E+005 1.6841558745787486E+004 1.2961462424604775E+008 -1.7399108665635961E+001 -9.8999999999999986E+001 -9.8999999999999986E+001 -1.7399108665635961E+001 -9.8999999999999986E+001 -9.8999999999999986E+001 -1.8796976378970378E+001 0.0000000000000000E+000 0.0000000000000000E+000 0.0000000000000000E+000 0.0000000000000000E+000 0.0000000000000000E+000 0.0000000000000000E+000 0.0000000000000000E+000 0.0000000000000000E+000 0.0000000000000000E+000 0.0000000000000000E+000 0.0000000000000000E+000 0.0000000000000000E+000 -9.8999999999999986E+001 0.0000000000000000E+000 0.0000000000000000E+000 -5.9258225266519649E-011
102 3.0070637334838575E+003 9.9999971468711613E-001 1.8686677178188316E+000 1.2455590623401784E+000 3.6060168165109321E+000 5.6786335474827094E+000 -2.6973630709366883E+000 1.1105008320261447E+001 6.9999999999999996E-001 2.9797635251138618E-005 2.7997020236474884E-001 4.1193902129486445E-003 1.2067031330276047E-003 1.1203876416666529E-002 2.5129237964844936E-003 9.5710644087274629E-004 0.0000000000000000E+000 0.0000000000000000E+000 0.0000000000000000E+000 0.0000000000000000E+000 0.0000000000000000E+000 0.0000000000000000E+000 0.0000000000000000E+000 0.0000000000000000E+000 0.0000000000000000E+000 0.0000000000000000E+000 -7.3760408789658998E+000 8.5000496627254141E-001 2.4424992992958053E+001 0.0000000000000000E+000 7.3938770907161850E+005 1.8044818202803846E+004 1.3531070545119447E+008 -1.7217559696392204E+001 -9.8999999999999986E+001 -9.8999999999999986E+001 -1.7217559696392204E+001 -9.8999999999999986E+001 -9.8999999999999986E+001 -1.8615427381598899E+001 0.0000000000000000E+000 0.0000000000000000E+000 0.0000000000000000E+000 0.0000000000000000E+000 0.0000000000000000E+000 0.0000000000000000E+000 0.0000000000000000E+000 0.0000000000000000E+000 0.0000000000000000E+000 0.0000000000000000E+000 0.0000000000000000E+000 0.0000000000000000E+000 -9.8999999999999986E+001 0.0000000000000000E+000 0.0000000000000000E+000 -5.5751573407259206E-011
103 3.3320243836562281E+003 9.9999969777812592E-001 1.8486568791191194E+000 1.2329872363063124E+000 3.6073000198529366E+000 5.6903753123088414E+000 -2.6623292835369288E+000 1.1151792526492345E+001 6.9999999999999996E-001 2.9797635251138618E-005 2.7997020236474884E-001 4.1193902129486445E-003 1.2067031330276047E-003 1.1203876416666529E-002 2.5129237964844936E-003 9.5710644087274629E-004 0.0000000000000000E+000 0.0000000000000000E+000 0.0000000000000000E+000 0.0000000000000000E+000 0.0000000000000000E+000 0.0000000000000000E+000 0.0000000000000000E+000 0.0000000000000000E+000 0.0000000000000000E+000 0.0000000000000000E+000 -7.3371286808831320E+000 8.5000496627254141E-001 2.4361544850019886E+001 0.0000000000000000E+000 7.0796940759761538E+005 1.9450696664981719E+004 1.4169123628713536E+008 -1.7016668485511602E+001 -9.8999999999999986E+001 -9.8999999999999986E+001 -1.7016668485511602E+001 -9.8999999999999986E+001 -9.8999999999999986E+001 -1.8414536137293329E+001 0.0000000000000000E+000 0.0000000000000000E+000 0.0000000000000000E+000 0.0000000000000000E+000 0.0000000000000000E+000 0.0000000000000000E+000 0.0000000000000000E+000 0.0000000000000000E+000 0.0000000000000000E+000 0.0000000000000000E+000 0.0000000000000000E+000 0.0000000000000000E+000 -9.8999999999999986E+001 0.0000000000000000E+000 0.0000000000000000E+000 -5.2033961992855628E-011
104 3.6264250041599685E+003 9.9999968356652658E-001 1.8307602252997872E+000 1.2223238867436796E+000 3.6081575311794198E+000 5.7003451959799323E+000 -2.6325704371054890E+000 1.1191529715455578E+001 6.9999999999999996E-001 2.9797635251138618E-005 2.7997020236474884E-001 4.1193902129486445E-003 1.2067031330276047E-003 1.1203876416666529E-002 2.5129237964844936E-003 9.5710644087274640E-004 0.0000000000000000E+000 0.0000000000000000E+000 0.0000000000000000E+000 0.0000000000000000E+000 0.0000000000000000E+000 0.0000000000000000E+000 0.0000000000000000E+000 0.0000000000000000E+000 0.0000000000000000E+000 0.0000000000000000E+000 -7.3029783048889847E+000 8.5000496627254163E-001 2.4308037321652552E+001 0.0000000000000000E+000 6.8236928550157836E+005 2.0772805373302890E+004 1.4765210310186258E+008 -1.6847277163040395E+001 -9.8999999999999986E+001 -9.8999999999999986E+001 -1.6847277163040395E+001 -9.8999999999999986E+001 -9.8999999999999986E+001 -1.8245144784612165E+001 0.0000000000000000E+000 0.0000000000000000E+000 0.0000000000000000E+000 0.0000000000000000E+000 0.0000000000000000E+000 0.0000000000000000E+000 0.0000000000000000E+000 0.0000000000000000E+000 0.0000000000000000E+000 0.0000000000000000E+000 0.0000000000000000E+000 0.0000000000000000E+000 -9.8999999999999986E+001 0.0000000000000000E+000 0.0000000000000000E+000 -4.8272994269996238E-011
105 3.9797057487644579E+003 9.9999966759802339E-001 1.8136055281552950E+000 1.2103558915160160E+000 3.6098528545071291E+000 5.7115446908502392E+000 -2.5991300873974255E+000 1.1236179097635546E+001 6.9999999999999996E-001 2.9797635251138618E-005 2.7997020236474884E-001 4.1193902129486445E-003 1.2067031330276047E-003 1.1203876416666529E-002 2.5129237964844936E-003 9.5710644087274629E-004 0.0000000000000000E+000 0.0000000000000000E+000 0.0000000000000000E+000 0.0000000000000000E+000 0.0000000000000000E+000 0.0000000000000000E+000 0.0000000000000000E+000 0.0000000000000000E+000 0.0000000000000000E+000 0.0000000000000000E+000 -7.2635361402145273E+000 8.5000496627254163E-001 2.4246668336841630E+001 0.0000000000000000E+000 6.5473789976328437E+005 2.2213542883589205E+004 1.5360110057230440E+008 -1.6658288022680154E+001 -9.8999999999999986E+001 -9.8999999999999986E+001 -1.6658288022680154E+001 -9.8999999999999986E+001 -9.8999999999999986E+001 -1.8056155608184334E+001 0.0000000000000000E+000 0.0000000000000000E+000 0.0000000000000000E+000 0.0000000000000000E+000 0.0000000000000000E+000 0.0000000000000000E+000 0.0000000000000000E+000 0.0000000000000000E+000 0.0000000000000000E+000 0.0000000000000000E+000 0.0000000000000000E+000 0.0000000000000000E+000 -9.8999999999999986E+001 0.0000000000000000E+000 0.0000000000000000E+000 -4.5200604272686832E-011
106 4.4036426422898448E+003 9.9999964967865207E-001 1.7923120635603897E+000 1.1970940040269755E+000 3.6111604321029231E+000 5.7239702668627466E+000 -2.5620130829931527E+000 1.1285732027109807E+001 6.9999999999999996E-001 2.9797635251138618E-005 2.7997020236474884E-001 4.1193902129486445E-003 1.2067031330276047E-003 1.1203876416666529E-002 2.5129237964844936E-003 9.5710644087274640E-004 0.0000000000000000E+000 0.0000000000000000E+000 0.0000000000000000E+000 0.0000000000000000E+000 0.0000000000000000E+000 0.0000000000000000E+000 0.0000000000000000E+000 0.0000000000000000E+000 0.0000000000000000E+000 0.0000000000000000E+000 -7.2212958143501966E+000 8.5000496627254141E-001 2.4178870252199740E+001 0.0000000000000000E+000 6.2542415954331448E+005 2.4053216875735012E+004 1.6131984063238239E+008 -1.6450197749582976E+001 -9.8999999999999986E+001 -9.8999999999999986E+001 -1.6450197749582976E+001 -9.8999999999999986E+001 -9.8999999999999986E+001 -1.7848065292250762E+001 0.0000000000000000E+000 0.0000000000000000E+000 0.0000000000000000E+000 0.0000000000000000E+000 0.0000000000000000E+000 0.0000000000000000E+000 0.0000000000000000E+000 0.0000000000000000E+000 0.0000000000000000E+000 0.0000000000000000E+000 0.0000000000000000E+000 0.0000000000000000E+000 -9.8999999999999986E+001 0.0000000000000000E+000 0.0000000000000000E+000 -4.2268959311859608E-011
107 4.7765782640509215E+003 9.9999963512070700E-001 1.7736992701202994E+000 1.1861958771027044E+000 3.6119562972050359E+000 5.7341939391458414E+000 -2.5314661604884003E+000 1.1326513665936574E+001 6.9999999999999996E-001 2.9797635251138621E-005 2.7997020236474884E-001 4.1193902129486445E-003 1.2067031330276047E-003 1.1203876416666529E-002 2.5129237964844936E-003 9.5710644087274629E-004 0.0000000000000000E+000 0.0000000000000000E+000 0.0000000000000000E+000 0.0000000000000000E+000 0.0000000000000000E+000 0.0000000000000000E+000 0.0000000000000000E+000 0.0000000000000000E+000 0.0000000000000000E+000 0.0000000000000000E+000 -7.1873135090647819E+000 8.5000496627254163E-001 2.4122461702575844E+001 0.0000000000000000E+000 6.0232025277230667E+005 2.5744477076251569E+004 1.6838390281645736E+008 -1.6280224256207276E+001 -9.8999999999999986E+001 -9.8999999999999986E+001 -1.6280224256207276E+001 -9.8999999999999986E+001 -3.2210209536045987E+001 -1.7678091761255708E+001 0.0000000000000000E+000 0.0000000000000000E+000 0.0000000000000000E+000 0.0000000000000000E+000 0.0000000000000000E+000 0.0000000000000000E+000 0.0000000000000000E+000 0.0000000000000000E+000 0.0000000000000000E+000 0.0000000000000000E+000 0.0000000000000000E+000 0.0000000000000000E+000 -9.8999999999999986E+001 0.0000000000000000E+000 0.0000000000000000E+000 -3.9036081050789104E-011
108 5.1392996986209810E+003 9.9999962189166125E-001 1.7566335708644500E+000 1.1762355846917389E+000 3.6126700185965559E+000 5.7435474942119145E+000 -2.5035114317635707E+000 1.1363829747647022E+001 6.9999999999999996E-001 2.9797635251138618E-005 2.7997020236474884E-001 4.1193902129486445E-003 1.2067031330276047E-003 1.1203876416666529E-002 2.5129237964844936E-003 9.5710644087274618E-004 0.0000000000000000E+000 0.0000000000000000E+000 0.0000000000000000E+000 0.0000000000000000E+000 0.0000000000000000E+000 0.0000000000000000E+000 0.0000000000000000E+000 0.0000000000000000E+000 0.0000000000000000E+000 0.0000000000000000E+000 -7.1550135540833129E+000 8.5000496627254141E-001 2.4068556127323276E+001 0.0000000000000000E+000 5.8195181987209467E+005 2.7397444447551054E+004 1.7513230550667283E+008 -1.6125692708184868E+001 -9.8999999999999986E+001 -9.8999999999999986E+001 -1.6125692708184868E+001 -9.8999999999999986E+001 -9.8999999999999986E+001 -1.7523560176823782E+001 0.0000000000000000E+000 0.0000000000000000E+000 0.0000000000000000E+000 0.0000000000000000E+000 0.0000000000000000E+000 0.0000000000000000E+000 0.0000000000000000E+000 0.0000000000000000E+000 0.0000000000000000E+000 0.0000000000000000E+000 0.0000000000000000E+000 0.0000000000000000E+000 -9.8999999999999986E+001 0.0000000000000000E+000 0.0000000000000000E+000 -3.6471640384976217E-011
109 5.5745654201050520E+003 9.9999960697458268E-001 1.7402194021403397E+000 1.1650167226894632E+000 3.6141759074166666E+000 5.7540915173834462E+000 -2.4719915871313853E+000 1.1405900940106045E+001 6.9999999999999996E-001 2.9797635251138621E-005 2.7997020236474884E-001 4.1193902129486445E-003 1.2067031330276047E-003 1.1203876416666529E-002 2.5129237964844936E-003 9.5710644087274618E-004 0.0000000000000000E+000 0.0000000000000000E+000 0.0000000000000000E+000 0.0000000000000000E+000 0.0000000000000000E+000 0.0000000000000000E+000 0.0000000000000000E+000 0.0000000000000000E+000 0.0000000000000000E+000 0.0000000000000000E+000 -7.1174511793263351E+000 8.5000496627254163E-001 2.4006942318046388E+001 0.0000000000000000E+000 5.5983331712272170E+005 2.9197325584197140E+004 1.8187810774606001E+008 -1.5952605407263333E+001 -9.8999999999999986E+001 -9.8999999999999986E+001 -1.5952605407263333E+001 -9.8999999999999986E+001 -9.8999999999999986E+001 -1.7350472832440317E+001 0.0000000000000000E+000 0.0000000000000000E+000 0.0000000000000000E+000 0.0000000000000000E+000 0.0000000000000000E+000 0.0000000000000000E+000 0.0000000000000000E+000 0.0000000000000000E+000 0.0000000000000000E+000 0.0000000000000000E+000 0.0000000000000000E+000 0.0000000000000000E+000 -9.8999999999999986E+001 0.0000000000000000E+000 0.0000000000000000E+000 -3.4271199972700813E-011
110 6.0968842858859371E+003 9.9999959017757201E-001 1.7195133833309477E+000 1.1525454425710462E+000 3.6152350427735267E+000 5.7658266540272907E+000 -2.4369044114494289E+000 1.1452734131308919E+001 6.9999999999999996E-001 2.9797635251138618E-005 2.7997020236474884E-001 4.1193902129486445E-003 1.2067031330276047E-003 1.1203876416666529E-002 2.5129237964844936E-003 9.5710644087274618E-004 0.0000000000000000E+000 0.0000000000000000E+000 0.0000000000000000E+000 0.0000000000000000E+000 0.0000000000000000E+000 0.0000000000000000E+000 0.0000000000000000E+000 0.0000000000000000E+000 0.0000000000000000E+000 0.0000000000000000E+000 -7.0773765680979661E+000 8.5000496627254163E-001 2.3941706236897584E+001 0.0000000000000000E+000 5.3623088519868418E+005 3.1515221011538022E+004 1.9075961563082403E+008 -1.5761336404294280E+001 -9.8999999999999986E+001 -9.8999999999999986E+001 -1.5761336404294280E+001 -9.8999999999999986E+001 -9.8999999999999986E+001 -1.7159203777892333E+001 0.0000000000000000E+000 0.0000000000000000E+000 0.0000000000000000E+000 0.0000000000000000E+000 0.0000000000000000E+000 0.0000000000000000E+000 0.0000000000000000E+000 0.0000000000000000E+000 0.0000000000000000E+000 0.0000000000000000E+000 0.0000000000000000E+000 0.0000000000000000E+000 -9.8999999999999986E+001 0.0000000000000000E+000 0.0000000000000000E+000 -3.2158537284143646E-011
111 6.5700568245697723E+003 9.9999957608018808E-001 1.7015440374729822E+000 1.1419676029891184E+000 3.6160316260999994E+000 5.7757910505402332E+000 -2.4071019750070373E+000 1.1492507957913734E+001 6.9999999999999996E-001 2.9797635251138618E-005 2.7997020236474884E-001 4.1193902129486445E-003 1.2067031330276047E-003 1.1203876416666529E-002 2.5129237964844936E-003 9.5710644087274629E-004 0.0000000000000000E+000 0.0000000000000000E+000 0.0000000000000000E+000 0.0000000000000000E+000 0.0000000000000000E+000 0.0000000000000000E+000 0.0000000000000000E+000 0.0000000000000000E+000 0.0000000000000000E+000 0.0000000000000000E+000 -7.0442001382905142E+000 8.5000496627254141E-001 2.3887703321644192E+001 0.0000000000000000E+000 5.1699348233783926E+005 3.3656389906956116E+004 1.9881803557149634E+008 -1.5600054397509192E+001 -9.8999999999999986E+001 -9.8999999999999986E+001 -1.5600054397509192E+001 -9.8999999999999986E+001 -9.8999999999999986E+001 -1.6997921724488659E+001 0.0000000000000000E+000 0.0000000000000000E+000 0.0000000000000000E+000 0.0000000000000000E+000 0.0000000000000000E+000 0.0000000000000000E+000 0.0000000000000000E+000 0.0000000000000000E+000 0.0000000000000000E+000 0.0000000000000000E+000 0.0000000000000000E+000 0.0000000000000000E+000 -9.8999999999999986E+001 0.0000000000000000E+000 0.0000000000000000E+000 -2.9793326446337936E-011
112 7.1378638709903744E+003 9.9999956023955283E-001 1.6836183009483368E+000 1.1301120187424696E+000 3.6174779840921625E+000 5.7869692885652979E+000 -2.3736645068478155E+000 1.1537132310340997E+001 6.9999999999999996E-001 2.9797635251138618E-005 2.7997020236474884E-001 4.1193902129486445E-003 1.2067031330276047E-003 1.1203876416666529E-002 2.5129237964844936E-003 9.5710644087274640E-004 0.0000000000000000E+000 0.0000000000000000E+000 0.0000000000000000E+000 0.0000000000000000E+000 0.0000000000000000E+000 0.0000000000000000E+000 0.0000000000000000E+000 0.0000000000000000E+000 0.0000000000000000E+000 0.0000000000000000E+000 -7.0054589850867011E+000 8.5000496627254163E-001 2.3825694674197791E+001 0.0000000000000000E+000 4.9625134301244555E+005 3.6045316008123540E+004 2.0719606733464101E+008 -1.5420343213190522E+001 -9.8999999999999986E+001 -9.8999999999999986E+001 -1.5420343213190522E+001 -9.8999999999999986E+001 -9.8999999999999986E+001 -1.6818210484587862E+001 0.0000000000000000E+000 0.0000000000000000E+000 0.0000000000000000E+000 0.0000000000000000E+000 0.0000000000000000E+000 0.0000000000000000E+000 0.0000000000000000E+000 0.0000000000000000E+000 0.0000000000000000E+000 0.0000000000000000E+000 0.0000000000000000E+000 0.0000000000000000E+000 -9.8999999999999986E+001 0.0000000000000000E+000 0.0000000000000000E+000 -2.7897919443657571E-011
113 7.8192323266950971E+003 9.9999954249060841E-001 1.6616661006559297E+000 1.1169892587507784E+000 3.6185513140149066E+000 5.7993581031178518E+000 -2.3365979258342642E+000 1.1586596929287234E+001 6.9999999999999996E-001 2.9797635251138614E-005 2.7997020236474884E-001 4.1193902129486445E-003 1.2067031330276047E-003 1.1203876416666529E-002 2.5129237964844936E-003 9.5710644087274629E-004 0.0000000000000000E+000 0.0000000000000000E+000 0.0000000000000000E+000 0.0000000000000000E+000 0.0000000000000000E+000 0.0000000000000000E+000 0.0000000000000000E+000 0.0000000000000000E+000 0.0000000000000000E+000 0.0000000000000000E+000 -6.9620932834613685E+000 8.5000496627254163E-001 2.3757998996594822E+001 0.0000000000000000E+000 4.7426115974394546E+005 3.9077231001766151E+004 2.1793837112559116E+008 -1.5222655450633919E+001 -9.8999999999999986E+001 -9.8999999999999986E+001 -1.5222655450633919E+001 -9.8999999999999986E+001 -9.8999999999999986E+001 -1.6620522656102946E+001 0.0000000000000000E+000 0.0000000000000000E+000 0.0000000000000000E+000 0.0000000000000000E+000 0.0000000000000000E+000 0.0000000000000000E+000 0.0000000000000000E+000 0.0000000000000000E+000 0.0000000000000000E+000 0.0000000000000000E+000 0.0000000000000000E+000 0.0000000000000000E+000 -9.8999999999999986E+001 0.0000000000000000E+000 0.0000000000000000E+000 -2.6048966786794644E-011
114 8.4193582810823682E+003 9.9999952807085102E-001 1.6438950328958657E+000 1.1061678060985605E+000 3.6195192734009991E+000 5.8095846274041758E+000 -2.3059933290299797E+000 1.1627435981172310E+001 6.9999999999999996E-001 2.9797635251138614E-005 2.7997020236474884E-001 4.1193902129486445E-003 1.2067031330276047E-003 1.1203876416666529E-002 2.5129237964844936E-003 9.5710644087274618E-004 0.0000000000000000E+000 0.0000000000000000E+000 0.0000000000000000E+000 0.0000000000000000E+000 0.0000000000000000E+000 0.0000000000000000E+000 0.0000000000000000E+000 0.0000000000000000E+000 0.0000000000000000E+000 0.0000000000000000E+000 -6.9275990942056573E+000 8.5000496627254141E-001 2.3704883179570075E+001 0.0000000000000000E+000 4.5686236449905805E+005 4.1736525324537768E+004 2.2704124632638079E+008 -1.5060639171628889E+001 -9.8999999999999986E+001 -9.8999999999999986E+001 -1.5060639171628889E+001 -9.8999999999999986E+001 -9.8999999999999986E+001 -1.6458506319012777E+001 0.0000000000000000E+000 0.0000000000000000E+000 0.0000000000000000E+000 0.0000000000000000E+000 0.0000000000000000E+000 0.0000000000000000E+000 0.0000000000000000E+000 0.0000000000000000E+000 0.0000000000000000E+000 0.0000000000000000E+000 0.0000000000000000E+000 0.0000000000000000E+000 -9.8999999999999986E+001 0.0000000000000000E+000 0.0000000000000000E+000 -2.4027885261558827E-011
115 9.0032618216189276E+003 9.9999951493482075E-001 1.6258537024077349E+000 1.0962954617310328E+000 3.6199451129627302E+000 5.8189235088343416E+000 -2.2780394745213211E+000 1.1664736161663614E+001 6.9999999999999996E-001 2.9797635251138614E-005 2.7997020236474884E-001 4.1193902129486445E-003 1.2067031330276047E-003 1.1203876416666529E-002 2.5129237964844936E-003 9.5710644087274629E-004 0.0000000000000000E+000 0.0000000000000000E+000 0.0000000000000000E+000 0.0000000000000000E+000 0.0000000000000000E+000 0.0000000000000000E+000 0.0000000000000000E+000 0.0000000000000000E+000 0.0000000000000000E+000 0.0000000000000000E+000 -6.8960385516263232E+000 8.5000496627254141E-001 2.3656077575246570E+001 0.0000000000000000E+000 4.4154692989199160E+005 4.4507167242239520E+004 2.3667156737180215E+008 -1.4913602198278564E+001 -9.8999999999999986E+001 -9.8999999999999986E+001 -1.4913602198278564E+001 -9.8999999999999986E+001 -9.8999999999999986E+001 -1.6311469289538991E+001 0.0000000000000000E+000 0.0000000000000000E+000 0.0000000000000000E+000 0.0000000000000000E+000 0.0000000000000000E+000 0.0000000000000000E+000 0.0000000000000000E+000 0.0000000000000000E+000 0.0000000000000000E+000 0.0000000000000000E+000 0.0000000000000000E+000 0.0000000000000000E+000 -9.8999999999999986E+001 0.0000000000000000E+000 0.0000000000000000E+000 -2.2496918514644662E-011
116 9.7039460702627966E+003 9.9999950015287098E-001 1.6097310233768900E+000 1.0851651089493661E+000 3.6214796195958523E+000 5.8294593927700555E+000 -2.2464977415465395E+000 1.1706822107287721E+001 6.9999999999999996E-001 2.9797635251138618E-005 2.7997020236474884E-001 4.1193902129486445E-003 1.2067031330276047E-003 1.1203876416666529E-002 2.5129237964844936E-003 9.5710644087274629E-004 0.0000000000000000E+000 0.0000000000000000E+000 0.0000000000000000E+000 0.0000000000000000E+000 0.0000000000000000E+000 0.0000000000000000E+000 0.0000000000000000E+000 0.0000000000000000E+000 0.0000000000000000E+000 0.0000000000000000E+000 -6.8588479984249391E+000 8.5000496627254163E-001 2.3597503297994638E+001 0.0000000000000000E+000 4.2489472895444650E+005 4.7389592309066582E+004 2.4562284620922825E+008 -1.4748761034915423E+001 -9.8999999999999986E+001 -9.8999999999999986E+001 -1.4748761034915423E+001 -9.8999999999999986E+001 -9.8999999999999986E+001 -1.6146628059123628E+001 0.0000000000000000E+000 0.0000000000000000E+000 0.0000000000000000E+000 0.0000000000000000E+000 0.0000000000000000E+000 0.0000000000000000E+000 0.0000000000000000E+000 0.0000000000000000E+000 0.0000000000000000E+000 0.0000000000000000E+000 0.0000000000000000E+000 0.0000000000000000E+000 -9.8999999999999986E+001 0.0000000000000000E+000 0.0000000000000000E+000 -2.1096449294697700E-011
117 1.0544767168635441E+004 9.9999948349344836E-001 1.5892670588825972E+000 1.0727816741721883E+000 3.6225553458608686E+000 5.8411952406987959E+000 -2.2113605531546043E+000 1.1753706186800487E+001 6.9999999999999996E-001 2.9797635251138618E-005 2.7997020236474884E-001 4.1193902129486445E-003 1.2067031330276047E-003 1.1203876416666529E-002 2.5129237964844936E-003 9.5710644087274640E-004 0.0000000000000000E+000 0.0000000000000000E+000 0.0000000000000000E+000 0.0000000000000000E+000 0.0000000000000000E+000 0.0000000000000000E+000 0.0000000000000000E+000 0.0000000000000000E+000 0.0000000000000000E+000 0.0000000000000000E+000 -6.8173234221974752E+000 8.5000496627254163E-001 2.3530522925974747E+001 0.0000000000000000E+000 4.0710477368607756E+005 5.1112880582509715E+004 2.5747360677772620E+008 -1.4566436752682788E+001 -9.8999999999999986E+001 -9.8999999999999986E+001 -1.4566436752682788E+001 -9.8999999999999986E+001 -9.8999999999999986E+001 -1.5964303697249202E+001 0.0000000000000000E+000 0.0000000000000000E+000 0.0000000000000000E+000 0.0000000000000000E+000 0.0000000000000000E+000 0.0000000000000000E+000 0.0000000000000000E+000 0.0000000000000000E+000 0.0000000000000000E+000 0.0000000000000000E+000 0.0000000000000000E+000 0.0000000000000000E+000 -9.8999999999999986E+001 0.0000000000000000E+000 0.0000000000000000E+000 -1.9813278345453930E-011
118 1.1306608753871287E+004 9.9999946949842511E-001 1.5724869155014762E+000 1.0622449809679204E+000 3.6236286566177216E+000 5.8511902790360137E+000 -2.1814280284411485E+000 1.1793640740375581E+001 6.9999999999999996E-001 2.9797635251138618E-005 2.7997020236474884E-001 4.1193902129486445E-003 1.2067031330276047E-003 1.1203876416666529E-002 2.5129237964844936E-003 9.5710644087274629E-004 0.0000000000000000E+000 0.0000000000000000E+000 0.0000000000000000E+000 0.0000000000000000E+000 0.0000000000000000E+000 0.0000000000000000E+000 0.0000000000000000E+000 0.0000000000000000E+000 0.0000000000000000E+000 0.0000000000000000E+000 -6.7837981368540765E+000 8.5000496627254163E-001 2.3475733815215364E+001 0.0000000000000000E+000 3.9255558281449496E+005 5.4431108854537910E+004 2.6761648002685317E+008 -1.4412221829469599E+001 -9.8999999999999986E+001 -9.8999999999999986E+001 -1.4412221829469599E+001 -9.8999999999999986E+001 -9.8999999999999986E+001 -1.5810088701822799E+001 0.0000000000000000E+000 0.0000000000000000E+000 0.0000000000000000E+000 0.0000000000000000E+000 0.0000000000000000E+000 0.0000000000000000E+000 0.0000000000000000E+000 0.0000000000000000E+000 0.0000000000000000E+000 0.0000000000000000E+000 0.0000000000000000E+000 0.0000000000000000E+000 -9.8999999999999986E+001 0.0000000000000000E+000 0.0000000000000000E+000 -1.8369991218537471E-011
119 1.2220818656154304E+004 9.9999945372819465E-001 1.5523153967643095E+000 1.0504966757133096E+000 3.6244599295607358E+000 5.8623460122481053E+000 -2.1480115359398670E+000 1.1838220333480951E+001 6.9999999999999996E-001 2.9797635251138621E-005 2.7997020236474884E-001 4.1193902129486445E-003 1.2067031330276047E-003 1.1203876416666529E-002 2.5129237964844936E-003 9.5710644087274618E-004 0.0000000000000000E+000 0.0000000000000000E+000 0.0000000000000000E+000 0.0000000000000000E+000 0.0000000000000000E+000 0.0000000000000000E+000 0.0000000000000000E+000 0.0000000000000000E+000 0.0000000000000000E+000 0.0000000000000000E+000 -6.7462705633619517E+000 8.5000496627254141E-001 2.3414524363892788E+001 0.0000000000000000E+000 3.7694562207882345E+005 5.8582377360184146E+004 2.8033954620130414E+008 -1.4241236518873672E+001 -9.8999999999999986E+001 -9.8999999999999986E+001 -1.4241236518873672E+001 -9.8999999999999986E+001 -9.8999999999999986E+001 -1.5639103305546808E+001 0.0000000000000000E+000 0.0000000000000000E+000 0.0000000000000000E+000 0.0000000000000000E+000 0.0000000000000000E+000 0.0000000000000000E+000 0.0000000000000000E+000 0.0000000000000000E+000 0.0000000000000000E+000 0.0000000000000000E+000 0.0000000000000000E+000 0.0000000000000000E+000 -9.8999999999999986E+001 0.0000000000000000E+000 0.0000000000000000E+000 -1.7250119905210094E-011
120 1.3317870538893923E+004 9.9999943614493159E-001 1.5288410659876595E+000 1.0375317366080119E+000 3.6250738164192224E+000 5.8746694008995402E+000 -2.1110932996225809E+000 1.1887474455184220E+001 6.9999999999999996E-001 2.9797635251138618E-005 2.7997020236474884E-001 4.1193902129486445E-003 1.2067031330276047E-003 1.1203876416666529E-002 2.5129237964844936E-003 9.5710644087274618E-004 0.0000000000000000E+000 0.0000000000000000E+000 0.0000000000000000E+000 0.0000000000000000E+000 0.0000000000000000E+000 0.0000000000000000E+000 0.0000000000000000E+000 0.0000000000000000E+000 0.0000000000000000E+000 0.0000000000000000E+000 -6.7026921665611470E+000 8.5000496627254141E-001 2.3344109960005635E+001 0.0000000000000000E+000 3.6043860390272894E+005 6.3709800718505736E+004 2.9590935076956898E+008 -1.4053733880130395E+001 -9.8999999999999986E+001 -9.8999999999999986E+001 -1.4053733880130395E+001 -9.8999999999999986E+001 -9.8999999999999986E+001 -1.5451600565515964E+001 0.0000000000000000E+000 0.0000000000000000E+000 0.0000000000000000E+000 0.0000000000000000E+000 0.0000000000000000E+000 0.0000000000000000E+000 0.0000000000000000E+000 0.0000000000000000E+000 0.0000000000000000E+000 0.0000000000000000E+000 0.0000000000000000E+000 0.0000000000000000E+000 -9.8999999999999986E+001 0.0000000000000000E+000 0.0000000000000000E+000 -1.6027740453993962E-011
121 1.4285882885304249E+004 9.9999942187854662E-001 1.5133957853166624E+000 1.0267596722000927E+000 3.6265985284554327E+000 5.8849166082658471E+000 -2.0803852574654491E+000 1.1928435269354082E+001 6.9999999999999996E-001 2.9797635251138618E-005 2.7997020236474884E-001 4.1193902129486445E-003 1.2067031330276047E-003 1.1203876416666529E-002 2.5129237964844936E-003 9.5710644087274629E-004 0.0000000000000000E+000 0.0000000000000000E+000 0.0000000000000000E+000 0.0000000000000000E+000 0.0000000000000000E+000 0.0000000000000000E+000 0.0000000000000000E+000 0.0000000000000000E+000 0.0000000000000000E+000 0.0000000000000000E+000 -6.6670915595563462E+000 8.5000496627254141E-001 2.3286521486027468E+001 0.0000000000000000E+000 3.4727474840125843E+005 6.7674269932811512E+004 3.0662245999210697E+008 -1.3898923944336994E+001 -9.8999999999999986E+001 -9.8999999999999986E+001 -1.3898923944336994E+001 -9.8999999999999986E+001 -9.8999999999999986E+001 -1.5296790539833026E+001 0.0000000000000000E+000 0.0000000000000000E+000 0.0000000000000000E+000 0.0000000000000000E+000 0.0000000000000000E+000 0.0000000000000000E+000 0.0000000000000000E+000 0.0000000000000000E+000 0.0000000000000000E+000 0.0000000000000000E+000 0.0000000000000000E+000 0.0000000000000000E+000 -9.8999999999999986E+001 0.0000000000000000E+000 0.0000000000000000E+000 -1.4737812901752414E-011
122 1.5228068715041973E+004 9.9999940880623872E-001 1.4968200653967199E+000 1.0168952995334664E+000 3.6273867848087598E+000 5.8943087291966201E+000 -2.0522348356487399E+000 1.1965985019616010E+001 6.9999999999999996E-001 2.9797635251138621E-005 2.7997020236474884E-001 4.1193902129486445E-003 1.2067031330276047E-003 1.1203876416666529E-002 2.5129237964844936E-003 9.5710644087274629E-004 0.0000000000000000E+000 0.0000000000000000E+000 0.0000000000000000E+000 0.0000000000000000E+000 0.0000000000000000E+000 0.0000000000000000E+000 0.0000000000000000E+000 0.0000000000000000E+000 0.0000000000000000E+000 0.0000000000000000E+000 -6.6357278480473862E+000 8.5000496627254163E-001 2.3235167224855836E+001 0.0000000000000000E+000 3.3564226965313521E+005 7.1922315454181473E+004 3.1855151717536044E+008 -1.3757900502877916E+001 -9.8999999999999986E+001 -9.8999999999999986E+001 -1.3757900502877916E+001 -9.8999999999999986E+001 -9.8999999999999986E+001 -1.5155767011163618E+001 0.0000000000000000E+000 0.0000000000000000E+000 0.0000000000000000E+000 0.0000000000000000E+000 0.0000000000000000E+000 0.0000000000000000E+000 0.0000000000000000E+000 0.0000000000000000E+000 0.0000000000000000E+000 0.0000000000000000E+000 0.0000000000000000E+000 0.0000000000000000E+000 -9.8999999999999986E+001 0.0000000000000000E+000 0.0000000000000000E+000 -1.3874447563810283E-011
123 1.6358691710727240E+004 9.9999939404599836E-001 1.4779966182209556E+000 1.0058440560543085E+000 3.6282065447543976E+000 5.9048378462580207E+000 -2.0206685043595569E+000 1.2008090653215715E+001 6.9999999999999996E-001 2.9797635251138621E-005 2.7997020236474884E-001 4.1193902129486445E-003 1.2067031330276047E-003 1.1203876416666529E-002 2.5129237964844936E-003 9.5710644087274640E-004 0.0000000000000000E+000 0.0000000000000000E+000 0.0000000000000000E+000 0.0000000000000000E+000 0.0000000000000000E+000 0.0000000000000000E+000 0.0000000000000000E+000 0.0000000000000000E+000 0.0000000000000000E+000 0.0000000000000000E+000 -6.6001161769967389E+000 8.5000496627254163E-001 2.3176849853903860E+001 0.0000000000000000E+000 3.2307234736220451E+005 7.7043914105263771E+004 3.3266194209085774E+008 -1.3600782825934889E+001 -9.8999999999999986E+001 -9.8999999999999986E+001 -1.3600782825934889E+001 -9.8999999999999986E+001 -9.8999999999999986E+001 -1.4998649230639192E+001 0.0000000000000000E+000 0.0000000000000000E+000 0.0000000000000000E+000 0.0000000000000000E+000 0.0000000000000000E+000 0.0000000000000000E+000 0.0000000000000000E+000 0.0000000000000000E+000 0.0000000000000000E+000 0.0000000000000000E+000 0.0000000000000000E+000 0.0000000000000000E+000 -9.8999999999999986E+001 0.0000000000000000E+000 0.0000000000000000E+000 -1.3054962029496076E-011
124 1.7715439305549564E+004 9.9999937751115842E-001 1.4565481696780094E+000 9.9357179709919741E-001 3.6289805620962166E+000 5.9165406033703558E+000 -1.9855791684457869E+000 1.2054896959848652E+001 6.9999999999999996E-001 2.9797635251138618E-005 2.7997020236474884E-001 4.1193902129486445E-003 1.2067031330276047E-003 1.1203876416666529E-002 2.5129237964844936E-003 9.5710644087274629E-004 0.0000000000000000E+000 0.0000000000000000E+000 0.0000000000000000E+000 0.0000000000000000E+000 0.0000000000000000E+000 0.0000000000000000E+000 0.0000000000000000E+000 0.0000000000000000E+000 0.0000000000000000E+000 0.0000000000000000E+000 -6.5586645287970065E+000 8.5000496627254141E-001 2.3110230788938640E+001 0.0000000000000000E+000 3.0966448696588393E+005 8.3264337618958220E+004 3.4950352475495875E+008 -1.3427358963286698E+001 -9.8999999999999986E+001 -9.8999999999999986E+001 -1.3427358963286698E+001 -9.8999999999999986E+001 -9.8999999999999986E+001 -1.4825225245215677E+001 0.0000000000000000E+000 0.0000000000000000E+000 0.0000000000000000E+000 0.0000000000000000E+000 0.0000000000000000E+000 0.0000000000000000E+000 0.0000000000000000E+000 0.0000000000000000E+000 0.0000000000000000E+000 0.0000000000000000E+000 0.0000000000000000E+000 0.0000000000000000E+000 -9.8999999999999986E+001 0.0000000000000000E+000 0.0000000000000000E+000 -1.2187115547970260E-011
125 1.8945811068164301E+004 9.9999936363668263E-001 1.4407054478721932E+000 9.8309500836658248E-001 3.6302582760110704E+000 5.9265392008246200E+000 -1.9555932771585367E+000 1.2094890811589227E+001 6.9999999999999996E-001 2.9797635251138621E-005 2.7997020236474884E-001 4.1193902129486445E-003 1.2067031330276047E-003 1.1203876416666529E-002 2.5129237964844936E-003 9.5710644087274629E-004 0.0000000000000000E+000 0.0000000000000000E+000 0.0000000000000000E+000 0.0000000000000000E+000 0.0000000000000000E+000 0.0000000000000000E+000 0.0000000000000000E+000 0.0000000000000000E+000 0.0000000000000000E+000 0.0000000000000000E+000 -6.5236252659832408E+000 8.5000496627254141E-001 2.3055242079516361E+001 0.0000000000000000E+000 2.9865942335688084E+005 8.8466435709221041E+004 3.6248853563017929E+008 -1.3280187770670167E+001 -9.8999999999999986E+001 -9.8999999999999986E+001 -1.3280187770670167E+001 -9.8999999999999986E+001 -9.8999999999999986E+001 -1.4678053940922558E+001 0.0000000000000000E+000 0.0000000000000000E+000 0.0000000000000000E+000 0.0000000000000000E+000 0.0000000000000000E+000 0.0000000000000000E+000 0.0000000000000000E+000 0.0000000000000000E+000 0.0000000000000000E+000 0.0000000000000000E+000 0.0000000000000000E+000 0.0000000000000000E+000 -9.8999999999999986E+001 0.0000000000000000E+000 0.0000000000000000E+000 -1.1276653304327457E-011
126 2.0422257183301987E+004 9.9999934796634604E-001 1.4202935089926900E+000 9.7141745844699878E-001 3.6309940662509863E+000 5.9376943118290688E+000 -1.9221283055084382E+000 1.2139516292384853E+001 6.9999999999999996E-001 2.9797635251138625E-005 2.7997020236474884E-001 4.1193902129486445E-003 1.2067031330276047E-003 1.1203876416666529E-002 2.5129237964844936E-003 9.5710644087274618E-004 0.0000000000000000E+000 0.0000000000000000E+000 0.0000000000000000E+000 0.0000000000000000E+000 0.0000000000000000E+000 0.0000000000000000E+000 0.0000000000000000E+000 0.0000000000000000E+000 0.0000000000000000E+000 0.0000000000000000E+000 -6.4858083680141840E+000 8.5000496627254163E-001 2.2997090791437913E+001 0.0000000000000000E+000 2.8685333324374148E+005 9.5250662538225908E+004 3.7993229221361113E+008 -1.3117075193024990E+001 -9.8999999999999986E+001 -9.8999999999999986E+001 -1.3117075193024990E+001 -9.8999999999999986E+001 -2.8898879583742193E+001 -1.4514941230811450E+001 0.0000000000000000E+000 0.0000000000000000E+000 0.0000000000000000E+000 0.0000000000000000E+000 0.0000000000000000E+000 0.0000000000000000E+000 0.0000000000000000E+000 0.0000000000000000E+000 0.0000000000000000E+000 0.0000000000000000E+000 0.0000000000000000E+000 0.0000000000000000E+000 -9.8999999999999986E+001 0.0000000000000000E+000 0.0000000000000000E+000 -1.0613551313430406E-011
127 2.2193992521467211E+004 9.9999933050128564E-001 1.3983467823211415E+000 9.5848400701663017E-001 3.6319741102982834E+000 5.9500580240089249E+000 -1.8850309653328949E+000 1.2188989019533924E+001 6.9999999999999996E-001 2.9797635251138631E-005 2.7997020236474884E-001 4.1193902129486445E-003 1.2067031330276047E-003 1.1203876416666529E-002 2.5129237964844936E-003 9.5710644087274618E-004 0.0000000000000000E+000 0.0000000000000000E+000 0.0000000000000000E+000 0.0000000000000000E+000 0.0000000000000000E+000 0.0000000000000000E+000 0.0000000000000000E+000 0.0000000000000000E+000 0.0000000000000000E+000 0.0000000000000000E+000 -6.4425820934274451E+000 8.5000496627254141E-001 2.2930256927020441E+001 0.0000000000000000E+000 2.7432142455414991E+005 1.0321627178696815E+005 3.9962525547570372E+008 -1.2937603951535893E+001 -9.8999999999999986E+001 -9.8999999999999986E+001 -1.2937603951535893E+001 -9.8999999999999986E+001 -2.8597849588078212E+001 -1.4335469832127655E+001 0.0000000000000000E+000 0.0000000000000000E+000 0.0000000000000000E+000 0.0000000000000000E+000 0.0000000000000000E+000 0.0000000000000000E+000 0.0000000000000000E+000 0.0000000000000000E+000 0.0000000000000000E+000 0.0000000000000000E+000 0.0000000000000000E+000 0.0000000000000000E+000 -9.8999999999999986E+001 0.0000000000000000E+000 0.0000000000000000E+000 -9.8576011460889545E-012
128 2.3756075626534930E+004 9.9999931629124872E-001 1.3806694325792692E+000 9.4780159457280488E-001 3.6328959790847284E+000 5.9602785027504952E+000 -1.8543569814360170E+000 1.2229891305827932E+001 6.9999999999999996E-001 2.9797635251138638E-005 2.7997020236474884E-001 4.1193902129486445E-003 1.2067031330276047E-003 1.1203876416666529E-002 2.5129237964844936E-003 9.5710644087274640E-004 0.0000000000000000E+000 0.0000000000000000E+000 0.0000000000000000E+000 0.0000000000000000E+000 0.0000000000000000E+000 0.0000000000000000E+000 0.0000000000000000E+000 0.0000000000000000E+000 0.0000000000000000E+000 0.0000000000000000E+000 -6.4059662508732220E+000 8.5000496627254141E-001 2.2872087492894522E+001 0.0000000000000000E+000 2.6438457398733724E+005 1.1018130653957362E+005 4.1622702078839737E+008 -1.2790285570967171E+001 -9.8999999999999986E+001 -9.8999999999999986E+001 -1.2790285570967171E+001 -9.8999999999999986E+001 -9.8999999999999986E+001 -1.4188151312829760E+001 0.0000000000000000E+000 0.0000000000000000E+000 0.0000000000000000E+000 0.0000000000000000E+000 0.0000000000000000E+000 0.0000000000000000E+000 0.0000000000000000E+000 0.0000000000000000E+000 0.0000000000000000E+000 0.0000000000000000E+000 0.0000000000000000E+000 0.0000000000000000E+000 -9.8999999999999986E+001 0.0000000000000000E+000 0.0000000000000000E+000 -9.0968507924967263E-012
129 2.5276538919040457E+004 9.9999930333416531E-001 1.3634904471026521E+000 9.3802868274044693E-001 3.6334876886317526E+000 5.9696371038104568E+000 -1.8262701858621881E+000 1.2267345672221808E+001 6.9999999999999996E-001 2.9797635251138648E-005 2.7997020236474884E-001 4.1193902129486445E-003 1.2067031330276047E-003 1.1203876416666529E-002 2.5129237964844936E-003 9.5710644087274629E-004 0.0000000000000000E+000 0.0000000000000000E+000 0.0000000000000000E+000 0.0000000000000000E+000 0.0000000000000000E+000 0.0000000000000000E+000 0.0000000000000000E+000 0.0000000000000000E+000 0.0000000000000000E+000 0.0000000000000000E+000 -6.3737166258644518E+000 8.5000496627254163E-001 2.2819844171681751E+001 0.0000000000000000E+000 2.5560935644329121E+005 1.1723567924831546E+005 4.3302129086031526E+008 -1.2656209225102687E+001 -9.8999999999999986E+001 -9.8999999999999986E+001 -1.2656209225102687E+001 -9.8999999999999986E+001 -9.8999999999999986E+001 -1.4054074832528794E+001 0.0000000000000000E+000 0.0000000000000000E+000 0.0000000000000000E+000 0.0000000000000000E+000 0.0000000000000000E+000 0.0000000000000000E+000 0.0000000000000000E+000 0.0000000000000000E+000 0.0000000000000000E+000 0.0000000000000000E+000 0.0000000000000000E+000 0.0000000000000000E+000 -9.8999999999999986E+001 0.0000000000000000E+000 0.0000000000000000E+000 -8.5217995679164978E-012
130 2.7101094870047087E+004 9.9999928872125865E-001 1.3436763581708333E+000 9.2710087572284317E-001 3.6339980699076002E+000 5.9801081224504076E+000 -1.7948423979943928E+000 1.2309259131192043E+001 6.9999999999999996E-001 2.9797635251138665E-005 2.7997020236474884E-001 4.1193902129486445E-003 1.2067031330276047E-003 1.1203876416666529E-002 2.5129237964844936E-003 9.5710644087274629E-004 0.0000000000000000E+000 0.0000000000000000E+000 0.0000000000000000E+000 0.0000000000000000E+000 0.0000000000000000E+000 0.0000000000000000E+000 0.0000000000000000E+000 0.0000000000000000E+000 0.0000000000000000E+000 0.0000000000000000E+000 -6.3386973141983027E+000 8.5000496627254163E-001 2.2762763250394077E+001 0.0000000000000000E+000 2.4614161145728923E+005 1.2583506775097355E+005 4.5323488841173321E+008 -1.2507106151377405E+001 -9.8999999999999986E+001 -9.8999999999999986E+001 -1.2507106151377405E+001 -9.8999999999999986E+001 -9.8999999999999986E+001 -1.3904971599481899E+001 0.0000000000000000E+000 0.0000000000000000E+000 0.0000000000000000E+000 0.0000000000000000E+000 0.0000000000000000E+000 0.0000000000000000E+000 0.0000000000000000E+000 0.0000000000000000E+000 0.0000000000000000E+000 0.0000000000000000E+000 0.0000000000000000E+000 0.0000000000000000E+000 -9.8999999999999986E+001 0.0000000000000000E+000 0.0000000000000000E+000 -8.0090208400352365E-012
131 2.9290562011255042E+004 9.9999927238412112E-001 1.3248163574869649E+000 9.1488984125288586E-001 3.6353885869716120E+000 5.9918155327666947E+000 -1.7596905230078861E+000 1.2356130913333333E+001 6.9999999999999996E-001 2.9797635251138692E-005 2.7997020236474884E-001 4.1193902129486445E-003 1.2067031330276047E-003 1.1203876416666529E-002 2.5129237964844936E-003 9.5710644087274640E-004 0.0000000000000000E+000 0.0000000000000000E+000 0.0000000000000000E+000 0.0000000000000000E+000 0.0000000000000000E+000 0.0000000000000000E+000 0.0000000000000000E+000 0.0000000000000000E+000 0.0000000000000000E+000 0.0000000000000000E+000 -6.2982662488726868E+000 8.5000496627254163E-001 2.2697505506536473E+001 0.0000000000000000E+000 2.3597635654936702E+005 1.3516763286644034E+005 4.7335103004905391E+008 -1.2341540292455857E+001 -9.8999999999999986E+001 -9.8999999999999986E+001 -1.2341540292455857E+001 -9.8999999999999986E+001 -9.8999999999999986E+001 -1.3739405550573361E+001 0.0000000000000000E+000 0.0000000000000000E+000 0.0000000000000000E+000 0.0000000000000000E+000 0.0000000000000000E+000 0.0000000000000000E+000 0.0000000000000000E+000 0.0000000000000000E+000 0.0000000000000000E+000 0.0000000000000000E+000 0.0000000000000000E+000 0.0000000000000000E+000 -9.8999999999999986E+001 0.0000000000000000E+000 0.0000000000000000E+000 -7.4616957049914493E-012
132 3.1278639311579489E+004 9.9999925857392713E-001 1.3068784755450285E+000 9.0450264778686396E-001 3.6360977132191388E+000 6.0017841741909166E+000 -1.7297579748749321E+000 1.2396043537678615E+001 6.9999999999999996E-001 2.9797635251138730E-005 2.7997020236474884E-001 4.1193902129486445E-003 1.2067031330276047E-003 1.1203876416666529E-002 2.5129237964844936E-003 9.5710644087274629E-004 0.0000000000000000E+000 0.0000000000000000E+000 0.0000000000000000E+000 0.0000000000000000E+000 0.0000000000000000E+000 0.0000000000000000E+000 0.0000000000000000E+000 0.0000000000000000E+000 0.0000000000000000E+000 0.0000000000000000E+000 -6.2626156482236137E+000 8.5000496627254141E-001 2.2640785985562651E+001 0.0000000000000000E+000 2.2766050987989700E+005 1.4427722203203311E+005 4.9331145760043770E+008 -1.2201513065944052E+001 -3.9986347781130007E+001 -9.8999999999999986E+001 -1.2201513065944052E+001 -9.8999999999999986E+001 -9.8999999999999986E+001 -1.3599378151800209E+001 0.0000000000000000E+000 0.0000000000000000E+000 0.0000000000000000E+000 0.0000000000000000E+000 0.0000000000000000E+000 0.0000000000000000E+000 0.0000000000000000E+000 0.0000000000000000E+000 0.0000000000000000E+000 0.0000000000000000E+000 0.0000000000000000E+000 0.0000000000000000E+000 -9.8999999999999986E+001 0.0000000000000000E+000 0.0000000000000000E+000 -6.9465074539173741E-012
133 3.3664332071968827E+004 9.9999924304805698E-001 1.2868756335156946E+000 8.9291046718296008E-001 3.6368930930137569E+000 6.0129174231251978E+000 -1.6963225070636962E+000 1.2440622979275329E+001 6.9999999999999996E-001 2.9797635251138791E-005 2.7997020236474884E-001 4.1193902129486445E-003 1.2067031330276047E-003 1.1203876416666529E-002 2.5129237964844936E-003 9.5710644087274629E-004 0.0000000000000000E+000 0.0000000000000000E+000 0.0000000000000000E+000 0.0000000000000000E+000 0.0000000000000000E+000 0.0000000000000000E+000 0.0000000000000000E+000 0.0000000000000000E+000 0.0000000000000000E+000 0.0000000000000000E+000 -6.2237183939498362E+000 8.5000496627254163E-001 2.2579171553021119E+001 0.0000000000000000E+000 2.1872550939790357E+005 1.5516464809668096E+005 5.1656388270437676E+008 -1.2046145146905308E+001 -3.8563490057189668E+001 -9.8999999999999986E+001 -1.2046145146905308E+001 -9.8999999999999986E+001 -9.8999999999999986E+001 -1.3444010028224529E+001 0.0000000000000000E+000 0.0000000000000000E+000 0.0000000000000000E+000 0.0000000000000000E+000 0.0000000000000000E+000 0.0000000000000000E+000 0.0000000000000000E+000 0.0000000000000000E+000 0.0000000000000000E+000 0.0000000000000000E+000 0.0000000000000000E+000 0.0000000000000000E+000 -9.8999999999999986E+001 0.0000000000000000E+000 0.0000000000000000E+000 -6.5079084767769696E-012
134 3.6527163384436026E+004 9.9999922572429623E-001 1.2646542470031790E+000 8.8007600389018326E-001 3.6377549780320164E+000 6.0252512555323650E+000 -1.6592750286447735E+000 1.2490018987472423E+001 6.9999999999999996E-001 2.9797635251138899E-005 2.7997020236474884E-001 4.1193902129486445E-003 1.2067031330276047E-003 1.1203876416666529E-002 2.5129237964844936E-003 9.5710644087274618E-004 0.0000000000000000E+000 0.0000000000000000E+000 0.0000000000000000E+000 0.0000000000000000E+000 0.0000000000000000E+000 0.0000000000000000E+000 0.0000000000000000E+000 0.0000000000000000E+000 0.0000000000000000E+000 0.0000000000000000E+000 -6.1821376171784816E+000 8.5000496627254163E-001 2.2512231974242685E+001 0.0000000000000000E+000 2.0924146182052654E+005 1.6820876242523280E+005 5.4368257828644764E+008 -1.1875267901426351E+001 -3.7702790689594053E+001 -9.8999999999999986E+001 -1.1875267901426351E+001 -9.8999999999999986E+001 -2.7217638346366606E+001 -1.3273132540144076E+001 0.0000000000000000E+000 0.0000000000000000E+000 0.0000000000000000E+000 0.0000000000000000E+000 0.0000000000000000E+000 0.0000000000000000E+000 0.0000000000000000E+000 0.0000000000000000E+000 0.0000000000000000E+000 0.0000000000000000E+000 0.0000000000000000E+000 0.0000000000000000E+000 -9.8999999999999986E+001 0.0000000000000000E+000 0.0000000000000000E+000 -6.0512684635816221E-012
135 3.9053996481309077E+004 9.9999921161948968E-001 1.2456012205200171E+000 8.6949507826722838E-001 3.6382821842227036E+000 6.0354268640017432E+000 -1.6287044852157533E+000 1.2530776327638925E+001 6.9999999999999996E-001 2.9797635251139031E-005 2.7997020236474884E-001 4.1193902129486445E-003 1.2067031330276047E-003 1.1203876416666529E-002 2.5129237964844936E-003 9.5710644087274618E-004 0.0000000000000000E+000 0.0000000000000000E+000 0.0000000000000000E+000 0.0000000000000000E+000 0.0000000000000000E+000 0.0000000000000000E+000 0.0000000000000000E+000 0.0000000000000000E+000 0.0000000000000000E+000 0.0000000000000000E+000 -6.1467946979770716E+000 8.5000496627254141E-001 2.2454917358089340E+001 0.0000000000000000E+000 2.0173272736848058E+005 1.8008707962685337E+005 5.6806552978748333E+008 -1.1735270370431344E+001 -3.7182593117439545E+001 -9.8999999999999986E+001 -1.1735270370431344E+001 -9.8999999999999986E+001 -9.8999999999999986E+001 -1.3133134795486194E+001 0.0000000000000000E+000 0.0000000000000000E+000 0.0000000000000000E+000 0.0000000000000000E+000 0.0000000000000000E+000 0.0000000000000000E+000 0.0000000000000000E+000 0.0000000000000000E+000 0.0000000000000000E+000 0.0000000000000000E+000 0.0000000000000000E+000 0.0000000000000000E+000 -9.8999999999999986E+001 0.0000000000000000E+000 0.0000000000000000E+000 -5.5820095926423570E-012
136 4.1517027032425722E+004 9.9999919877767418E-001 1.2285127048614424E+000 8.5979766934830482E-001 3.6388587597675213E+000 6.0447611275199202E+000 -1.6006622862517679E+000 1.2568162453505201E+001 6.9999999999999996E-001 2.9797635251139204E-005 2.7997020236474884E-001 4.1193902129486445E-003 1.2067031330276047E-003 1.1203876416666529E-002 2.5129237964844936E-003 9.5710644087274629E-004 0.0000000000000000E+000 0.0000000000000000E+000 0.0000000000000000E+000 0.0000000000000000E+000 0.0000000000000000E+000 0.0000000000000000E+000 0.0000000000000000E+000 0.0000000000000000E+000 0.0000000000000000E+000 0.0000000000000000E+000 -6.1138926350408100E+000 8.5000496627254141E-001 2.2402022603196166E+001 0.0000000000000000E+000 1.9508786211713863E+005 1.9154396309367986E+005 5.9086320676816165E+008 -1.1607625291385117E+001 -3.6728496233776397E+001 -9.8999999999999986E+001 -1.1607625291385117E+001 -9.8999999999999986E+001 -9.8999999999999986E+001 -1.3005489509042068E+001 0.0000000000000000E+000 0.0000000000000000E+000 0.0000000000000000E+000 0.0000000000000000E+000 0.0000000000000000E+000 0.0000000000000000E+000 0.0000000000000000E+000 0.0000000000000000E+000 0.0000000000000000E+000 0.0000000000000000E+000 0.0000000000000000E+000 0.0000000000000000E+000 -9.8999999999999986E+001 0.0000000000000000E+000 0.0000000000000000E+000 -5.2138271891912065E-012
137 4.4472663693765702E+004 9.9999918428922985E-001 1.2110617626857678E+000 8.4889397909404563E-001 3.6399478693507326E+000 6.0552648646921643E+000 -1.5691110700159516E+000 1.2610231222159046E+001 6.9999999999999996E-001 2.9797635251139489E-005 2.7997020236474884E-001 4.1193902129486445E-003 1.2067031330276047E-003 1.1203876416666529E-002 2.5129237964844936E-003 9.5710644087274629E-004 0.0000000000000000E+000 0.0000000000000000E+000 0.0000000000000000E+000 0.0000000000000000E+000 0.0000000000000000E+000 0.0000000000000000E+000 0.0000000000000000E+000 0.0000000000000000E+000 0.0000000000000000E+000 0.0000000000000000E+000 -6.0782120881434736E+000 8.5000496627254163E-001 2.2345003314372867E+001 0.0000000000000000E+000 1.8787747606959788E+005 2.0446693585238527E+005 6.1508889053036666E+008 -1.1464867658772430E+001 -3.6231224805895565E+001 -9.8999999999999986E+001 -1.1464867658772430E+001 -9.8999999999999986E+001 -2.7393729605422287E+001 -1.2862731629215514E+001 0.0000000000000000E+000 0.0000000000000000E+000 0.0000000000000000E+000 0.0000000000000000E+000 0.0000000000000000E+000 0.0000000000000000E+000 0.0000000000000000E+000 0.0000000000000000E+000 0.0000000000000000E+000 0.0000000000000000E+000 0.0000000000000000E+000 0.0000000000000000E+000 -9.8999999999999986E+001 0.0000000000000000E+000 0.0000000000000000E+000 -4.9019707275429786E-012
138 4.8019427687373674E+004 9.9999916800195676E-001 1.1895720453692189E+000 8.3678141237116510E-001 3.6406317233830352E+000 6.0669429373972124E+000 -1.5340291841710343E+000 1.2657002547643046E+001 6.9999999999999996E-001 2.9797635251139983E-005 2.7997020236474884E-001 4.1193902129486445E-003 1.2067031330276047E-003 1.1203876416666529E-002 2.5129237964844936E-003 9.5710644087274640E-004 0.0000000000000000E+000 0.0000000000000000E+000 0.0000000000000000E+000 0.0000000000000000E+000 0.0000000000000000E+000 0.0000000000000000E+000 0.0000000000000000E+000 0.0000000000000000E+000 0.0000000000000000E+000 0.0000000000000000E+000 -6.0392801903917306E+000 8.5000496627254141E-001 2.2282378296218415E+001 0.0000000000000000E+000 1.8017970466566720E+005 2.2091507801235720E+005 6.4629023383406389E+008 -1.1307240372017848E+001 -3.5687510568020613E+001 -9.8999999999999986E+001 -1.1307240372017848E+001 -9.8999999999999986E+001 -9.8999999999999986E+001 -1.2705104049319257E+001 0.0000000000000000E+000 0.0000000000000000E+000 0.0000000000000000E+000 0.0000000000000000E+000 0.0000000000000000E+000 0.0000000000000000E+000 0.0000000000000000E+000 0.0000000000000000E+000 0.0000000000000000E+000 0.0000000000000000E+000 0.0000000000000000E+000 0.0000000000000000E+000 -9.8999999999999986E+001 0.0000000000000000E+000 0.0000000000000000E+000 -4.5921502300832883E-012
139 5.1239463979015018E+004 9.9999915431601838E-001 1.1706082318476250E+000 8.2649977234981420E-001 3.6410315900133128E+000 6.0768621286052218E+000 -1.5042346970145775E+000 1.2696730231562551E+001 6.9999999999999996E-001 2.9797635251140603E-005 2.7997020236474884E-001 4.1193902129486445E-003 1.2067031330276047E-003 1.1203876416666529E-002 2.5129237964844936E-003 9.5710644087274629E-004 0.0000000000000000E+000 0.0000000000000000E+000 0.0000000000000000E+000 0.0000000000000000E+000 0.0000000000000000E+000 0.0000000000000000E+000 0.0000000000000000E+000 0.0000000000000000E+000 0.0000000000000000E+000 0.0000000000000000E+000 -6.0049631230669398E+000 8.5000496627254141E-001 2.2227056491395903E+001 0.0000000000000000E+000 1.7389352600270815E+005 2.3630385150484068E+005 6.7513620918689871E+008 -1.1174244292567813E+001 -3.5230403279141008E+001 -9.8999999999999986E+001 -1.1174244292567813E+001 -9.8999999999999986E+001 -2.6791669614094324E+001 -1.2572107704780937E+001 0.0000000000000000E+000 0.0000000000000000E+000 0.0000000000000000E+000 0.0000000000000000E+000 0.0000000000000000E+000 0.0000000000000000E+000 0.0000000000000000E+000 0.0000000000000000E+000 0.0000000000000000E+000 0.0000000000000000E+000 0.0000000000000000E+000 0.0000000000000000E+000 -9.8999999999999986E+001 0.0000000000000000E+000 0.0000000000000000E+000 -4.2502434857506918E-012
140 5.5103507528984635E+004 9.9999913896241299E-001 1.1496125618316970E+000 8.1504817966146803E-001 3.6415084688535040E+000 6.0879154649550395E+000 -1.4710346866200117E+000 1.2741003776692695E+001 6.9999999999999996E-001 2.9797635251141637E-005 2.7997020236474884E-001 4.1193902129486445E-003 1.2067031330276047E-003 1.1203876416666529E-002 2.5129237964844936E-003 9.5710644087274629E-004 0.0000000000000000E+000 0.0000000000000000E+000 0.0000000000000000E+000 0.0000000000000000E+000 0.0000000000000000E+000 0.0000000000000000E+000 0.0000000000000000E+000 0.0000000000000000E+000 0.0000000000000000E+000 0.0000000000000000E+000 -5.9655572947123403E+000 8.5000496627254163E-001 2.2164184957318277E+001 0.0000000000000000E+000 1.6714986415366689E+005 2.5463497167527420E+005 7.0857702112260306E+008 -1.1026992298479650E+001 -3.4725270215264707E+001 -9.8999999999999986E+001 -1.1026992298479650E+001 -9.8999999999999986E+001 -9.8999999999999986E+001 -1.2424855396726501E+001 0.0000000000000000E+000 0.0000000000000000E+000 0.0000000000000000E+000 0.0000000000000000E+000 0.0000000000000000E+000 0.0000000000000000E+000 0.0000000000000000E+000 0.0000000000000000E+000 0.0000000000000000E+000 0.0000000000000000E+000 0.0000000000000000E+000 0.0000000000000000E+000 -9.8999999999999986E+001 0.0000000000000000E+000 0.0000000000000000E+000 -3.9734555843943369E-012
141 5.9740359788948175E+004 9.9999912186445028E-001 1.1286014875901091E+000 8.0233111729478057E-001 3.6426142314764500E+000 6.1001998409474929E+000 -1.4341335198354501E+000 1.2790207730124790E+001 6.9999999999999996E-001 2.9797635251143439E-005 2.7997020236474884E-001 4.1193902129486445E-003 1.2067031330276047E-003 1.1203876416666529E-002 2.5129237964844936E-003 9.5710644087274629E-004 0.0000000000000000E+000 0.0000000000000000E+000 0.0000000000000000E+000 0.0000000000000000E+000 0.0000000000000000E+000 0.0000000000000000E+000 0.0000000000000000E+000 0.0000000000000000E+000 0.0000000000000000E+000 0.0000000000000000E+000 -5.9235400977763533E+000 8.5000496627254163E-001 2.2096109056253624E+001 0.0000000000000000E+000 1.5996701397855263E+005 2.7519856904465053E+005 7.4370059858585477E+008 -1.0864516858284123E+001 -3.4168829551558389E+001 -9.8999999999999986E+001 -1.0864516858284123E+001 -9.8999999999999986E+001 -9.8999999999999986E+001 -1.2262379583099394E+001 0.0000000000000000E+000 0.0000000000000000E+000 0.0000000000000000E+000 0.0000000000000000E+000 0.0000000000000000E+000 0.0000000000000000E+000 0.0000000000000000E+000 0.0000000000000000E+000 0.0000000000000000E+000 0.0000000000000000E+000 0.0000000000000000E+000 0.0000000000000000E+000 -9.8999999999999986E+001 0.0000000000000000E+000 0.0000000000000000E+000 -3.6874072629623911E-012
142 6.3844498307604816E+004 9.9999910786164703E-001 1.1096133513993467E+000 7.9181491317737740E-001 3.6431252994874614E+000 6.1103686887831552E+000 -1.4035854104386312E+000 1.2830933961456152E+001 6.9999999999999996E-001 2.9797635251145601E-005 2.7997020236474884E-001 4.1193902129486445E-003 1.2067031330276047E-003 1.1203876416666529E-002 2.5129237964844936E-003 9.5710644087274640E-004 0.0000000000000000E+000 0.0000000000000000E+000 0.0000000000000000E+000 0.0000000000000000E+000 0.0000000000000000E+000 0.0000000000000000E+000 0.0000000000000000E+000 0.0000000000000000E+000 0.0000000000000000E+000 0.0000000000000000E+000 -5.8894578771280681E+000 8.5000496627254163E-001 2.2039946998223769E+001 0.0000000000000000E+000 1.5426099738474833E+005 2.9454421643561573E+005 7.7693781727507758E+008 -1.0730957560448999E+001 -3.3711989635357725E+001 -9.8999999999999986E+001 -1.0730957560448999E+001 -9.8999999999999986E+001 -9.8999999999999986E+001 -1.2128819955338917E+001 0.0000000000000000E+000 0.0000000000000000E+000 0.0000000000000000E+000 0.0000000000000000E+000 0.0000000000000000E+000 0.0000000000000000E+000 0.0000000000000000E+000 0.0000000000000000E+000 0.0000000000000000E+000 0.0000000000000000E+000 0.0000000000000000E+000 0.0000000000000000E+000 -9.8999999999999986E+001 0.0000000000000000E+000 0.0000000000000000E+000 -3.4118739467473965E-012
143 6.7846884508559873E+004 9.9999909510291130E-001 1.0921549424210775E+000 7.8217905839212931E-001 3.6435786246355177E+000 6.1196925919069898E+000 -1.3755790782053978E+000 1.2868275360003164E+001 6.9999999999999996E-001 2.9797635251148403E-005 2.7997020236474884E-001 4.1193902129486445E-003 1.2067031330276047E-003 1.1203876416666529E-002 2.5129237964844936E-003 9.5710644087274629E-004 0.0000000000000000E+000 0.0000000000000000E+000 0.0000000000000000E+000 0.0000000000000000E+000 0.0000000000000000E+000 0.0000000000000000E+000 0.0000000000000000E+000 0.0000000000000000E+000 0.0000000000000000E+000 0.0000000000000000E+000 -5.8568952291504859E+000 8.5000496627254141E-001 2.1986679198437262E+001 0.0000000000000000E+000 1.4921152037412117E+005 3.1350520250572357E+005 8.0880655916318202E+008 -1.0609227799152894E+001 -3.3296046341302365E+001 -9.8999999999999986E+001 -1.0609227799152894E+001 -9.8999999999999986E+001 -9.8999999999999986E+001 -1.2007089873906798E+001 0.0000000000000000E+000 0.0000000000000000E+000 0.0000000000000000E+000 0.0000000000000000E+000 0.0000000000000000E+000 0.0000000000000000E+000 0.0000000000000000E+000 0.0000000000000000E+000 0.0000000000000000E+000 0.0000000000000000E+000 0.0000000000000000E+000 0.0000000000000000E+000 -9.8999999999999986E+001 0.0000000000000000E+000 0.0000000000000000E+000 -3.1877822152485067E-012
144 7.2649747949705939E+004 9.9999908071841637E-001 1.0732583820689376E+000 7.7137828897095051E-001 3.6442548692580723E+000 6.1301488376287967E+000 -1.3441745953320732E+000 1.2910153158268443E+001 6.9999999999999996E-001 2.9797635251152990E-005 2.7997020236474884E-001 4.1193902129486445E-003 1.2067031330276047E-003 1.1203876416666529E-002 2.5129237964844936E-003 9.5710644087274640E-004 0.0000000000000000E+000 0.0000000000000000E+000 0.0000000000000000E+000 0.0000000000000000E+000 0.0000000000000000E+000 0.0000000000000000E+000 0.0000000000000000E+000 0.0000000000000000E+000 0.0000000000000000E+000 0.0000000000000000E+000 -5.8198249475920125E+000 8.5000496627254141E-001 2.1927969186617776E+001 0.0000000000000000E+000 1.4374779929264230E+005 3.3569283319458872E+005 8.4477532228192794E+008 -1.0473533883688050E+001 -3.2832891937425785E+001 -9.8999999999999986E+001 -1.0473533883688050E+001 -9.8999999999999986E+001 -9.8999999999999986E+001 -1.1871395578156136E+001 0.0000000000000000E+000 0.0000000000000000E+000 0.0000000000000000E+000 0.0000000000000000E+000 0.0000000000000000E+000 0.0000000000000000E+000 0.0000000000000000E+000 0.0000000000000000E+000 0.0000000000000000E+000 0.0000000000000000E+000 0.0000000000000000E+000 0.0000000000000000E+000 -9.8999999999999986E+001 0.0000000000000000E+000 0.0000000000000000E+000 -2.9949831622360034E-012
145 7.8413184079081228E+004 9.9999906459791499E-001 1.0509375362965101E+000 7.5939936379273865E-001 3.6446641204040717E+000 6.1417541293304518E+000 -1.3093175270339941E+000 1.2956628713042882E+001 6.9999999999999996E-001 2.9797635251160756E-005 2.7997020236474884E-001 4.1193902129486445E-003 1.2067031330276047E-003 1.1203876416666529E-002 2.5129237964844936E-003 9.5710644087274640E-004 0.0000000000000000E+000 0.0000000000000000E+000 0.0000000000000000E+000 0.0000000000000000E+000 0.0000000000000000E+000 0.0000000000000000E+000 0.0000000000000000E+000 0.0000000000000000E+000 0.0000000000000000E+000 0.0000000000000000E+000 -5.7802954515743075E+000 8.5000496627254174E-001 2.1867055716019674E+001 0.0000000000000000E+000 1.3792176947232182E+005 3.6328028233113588E+005 8.8932818718711472E+008 -1.0323947921161091E+001 -3.2322915540020311E+001 -9.8999999999999986E+001 -1.0323947921161091E+001 -9.8999999999999986E+001 -9.8999999999999986E+001 -1.1721809165617223E+001 0.0000000000000000E+000 0.0000000000000000E+000 0.0000000000000000E+000 0.0000000000000000E+000 0.0000000000000000E+000 0.0000000000000000E+000 0.0000000000000000E+000 0.0000000000000000E+000 0.0000000000000000E+000 0.0000000000000000E+000 0.0000000000000000E+000 0.0000000000000000E+000 -9.8999999999999986E+001 0.0000000000000000E+000 0.0000000000000000E+000 -2.7970295949914731E-012
146 8.3659814852966549E+004 9.9999905103734965E-001 1.0321015277580454E+000 7.4919935997219966E-001 3.6450551201797250E+000 6.1516438305933088E+000 -1.2796158513602500E+000 1.2996229172154647E+001 6.9999999999999996E-001 2.9797635251170222E-005 2.7997020236474884E-001 4.1193902129486445E-003 1.2067031330276047E-003 1.1203876416666529E-002 2.5129237964844936E-003 9.5710644087274640E-004 0.0000000000000000E+000 0.0000000000000000E+000 0.0000000000000000E+000 0.0000000000000000E+000 0.0000000000000000E+000 0.0000000000000000E+000 0.0000000000000000E+000 0.0000000000000000E+000 0.0000000000000000E+000 0.0000000000000000E+000 -5.7468883071390389E+000 8.5000496627254174E-001 2.1814660184983499E+001 0.0000000000000000E+000 1.3314743900896193E+005 3.8839875309862517E+005 9.2874836048748410E+008 -1.0197315023272726E+001 -3.1891677055364266E+001 -9.8999999999999986E+001 -1.0197315023272726E+001 -9.8999999999999986E+001 -9.8999999999999986E+001 -1.1595175859566996E+001 0.0000000000000000E+000 0.0000000000000000E+000 0.0000000000000000E+000 0.0000000000000000E+000 0.0000000000000000E+000 0.0000000000000000E+000 0.0000000000000000E+000 0.0000000000000000E+000 0.0000000000000000E+000 0.0000000000000000E+000 0.0000000000000000E+000 0.0000000000000000E+000 -9.8999999999999986E+001 0.0000000000000000E+000 0.0000000000000000E+000 -2.5846235532257544E-012
147 8.9955771781628922E+004 9.9999903581705574E-001 1.0131920031949067E+000 7.3778385245965949E-001 3.6460354927952103E+000 6.1627180768621992E+000 -1.2463606295293239E+000 1.3040575391979619E+001 6.9999999999999996E-001 2.9797635251185933E-005 2.7997020236474884E-001 4.1193902129486445E-003 1.2067031330276047E-003 1.1203876416666529E-002 2.5129237964844936E-003 9.5710644087274629E-004 0.0000000000000000E+000 0.0000000000000000E+000 0.0000000000000000E+000 0.0000000000000000E+000 0.0000000000000000E+000 0.0000000000000000E+000 0.0000000000000000E+000 0.0000000000000000E+000 0.0000000000000000E+000 0.0000000000000000E+000 -5.7078845185722562E+000 8.5000496627254174E-001 2.1751632183503094E+001 0.0000000000000000E+000 1.2799987913543379E+005 4.1648833850180166E+005 9.7008006069983304E+008 -1.0056408368624961E+001 -3.1412397428933076E+001 -9.8999999999999986E+001 -1.0056408368624961E+001 -9.8999999999999986E+001 -9.8999999999999986E+001 -1.1454268719086768E+001 0.0000000000000000E+000 0.0000000000000000E+000 0.0000000000000000E+000 0.0000000000000000E+000 0.0000000000000000E+000 0.0000000000000000E+000 0.0000000000000000E+000 0.0000000000000000E+000 0.0000000000000000E+000 0.0000000000000000E+000 0.0000000000000000E+000 0.0000000000000000E+000 -9.8999999999999986E+001 0.0000000000000000E+000 0.0000000000000000E+000 -2.4174711013156263E-012
148 9.7510920096023779E+004 9.9999901878452169E-001 9.8992839283784073E-001 7.2517004215451730E-001 3.6465264953585148E+000 6.1749610656757348E+000 -1.2095919887924509E+000 1.3089606989313898E+001 6.9999999999999996E-001 2.9797635251212855E-005 2.7997020236474884E-001 4.1193902129486445E-003 1.2067031330276047E-003 1.1203876416666529E-002 2.5129237964844936E-003 9.5710644087274629E-004 0.0000000000000000E+000 0.0000000000000000E+000 0.0000000000000000E+000 0.0000000000000000E+000 0.0000000000000000E+000 0.0000000000000000E+000 0.0000000000000000E+000 0.0000000000000000E+000 0.0000000000000000E+000 0.0000000000000000E+000 -5.6643277779489871E+000 8.5000496627254174E-001 2.1681015454934116E+001 0.0000000000000000E+000 1.2254309583106724E+005 4.5235589229282155E+005 1.0234607241242247E+009 -9.9017227218722006E+000 -3.0886944610047482E+001 -9.8999999999999986E+001 -9.9017227218722006E+000 -9.8999999999999986E+001 -9.8999999999999986E+001 -1.1299582497443664E+001 0.0000000000000000E+000 0.0000000000000000E+000 0.0000000000000000E+000 0.0000000000000000E+000 0.0000000000000000E+000 0.0000000000000000E+000 0.0000000000000000E+000 0.0000000000000000E+000 0.0000000000000000E+000 0.0000000000000000E+000 0.0000000000000000E+000 0.0000000000000000E+000 -9.8999999999999986E+001 0.0000000000000000E+000 0.0000000000000000E+000 -2.2544274600569373E-012
149 1.0420056127276100E+005 9.9999900489901683E-001 9.7068784279744103E-001 7.1473834514790391E-001 3.6469322063517216E+000 6.1850926636649755E+000 -1.1791658590496874E+000 1.3130180361891632E+001 6.9999999999999996E-001 2.9797635251244802E-005 2.7997020236474884E-001 4.1193902129486445E-003 1.2067031330276047E-003 1.1203876416666529E-002 2.5129237964844936E-003 9.5710644087274629E-004 0.0000000000000000E+000 0.0000000000000000E+000 0.0000000000000000E+000 0.0000000000000000E+000 0.0000000000000000E+000 0.0000000000000000E+000 0.0000000000000000E+000 0.0000000000000000E+000 0.0000000000000000E+000 0.0000000000000000E+000 -5.6295153382323209E+000 8.5000496627254174E-001 2.1627088231062565E+001 0.0000000000000000E+000 1.1820648554679756E+005 4.8434239694124029E+005 1.0698224938530092E+009 -9.7745834095490380E+000 -3.0455584445249812E+001 -9.8999999999999986E+001 -9.7745834095490380E+000 -9.8999999999999986E+001 -9.8999999999999986E+001 -1.1172442677405671E+001 0.0000000000000000E+000 0.0000000000000000E+000 0.0000000000000000E+000 0.0000000000000000E+000 0.0000000000000000E+000 0.0000000000000000E+000 0.0000000000000000E+000 0.0000000000000000E+000 0.0000000000000000E+000 0.0000000000000000E+000 0.0000000000000000E+000 0.0000000000000000E+000 -9.8999999999999986E+001 0.0000000000000000E+000 0.0000000000000000E+000 -2.0756726000853342E-012
150 1.1073524027571104E+005 9.9999899223093469E-001 9.5273827032090552E-001 7.0517311979348718E-001 3.6472274259097963E+000 6.1943888338378228E+000 -1.1512532913490658E+000 1.3167403833937277E+001 6.9999999999999996E-001 2.9797635251285561E-005 2.7997020236474884E-001 4.1193902129486445E-003 1.2067031330276047E-003 1.1203876416666529E-002 2.5129237964844936E-003 9.5710644087274629E-004 0.0000000000000000E+000 0.0000000000000000E+000 0.0000000000000000E+000 0.0000000000000000E+000 0.0000000000000000E+000 0.0000000000000000E+000 0.0000000000000000E+000 0.0000000000000000E+000 0.0000000000000000E+000 0.0000000000000000E+000 -5.5977672289288636E+000 8.5000496627254174E-001 2.1579207416947114E+001 0.0000000000000000E+000 1.1436508840593962E+005 5.1602087819831935E+005 1.1149651473691168E+009 -9.6586154505538691E+000 -3.0062539867787731E+001 -9.8999999999999986E+001 -9.6586154505538691E+000 -9.8999999999999986E+001 -9.8999999999999986E+001 -1.1056474225496313E+001 0.0000000000000000E+000 0.0000000000000000E+000 0.0000000000000000E+000 0.0000000000000000E+000 0.0000000000000000E+000 0.0000000000000000E+000 0.0000000000000000E+000 0.0000000000000000E+000 0.0000000000000000E+000 0.0000000000000000E+000 0.0000000000000000E+000 0.0000000000000000E+000 -9.8999999999999986E+001 0.0000000000000000E+000 0.0000000000000000E+000 -1.9385928715126847E-012
151 1.1857685507925108E+005 9.9999897796246728E-001 9.3235125654128015E-001 6.9448629627807767E-001 3.6474740842225946E+000 6.2047822081225457E+000 -1.1200442954985619E+000 1.3209017844531889E+001 6.9999999999999984E-001 2.9797635251351372E-005 2.7997020236474884E-001 4.1193902129486445E-003 1.2067031330276047E-003 1.1203876416666529E-002 2.5129237964844936E-003 9.5710644087274618E-004 0.0000000000000000E+000 0.0000000000000000E+000 0.0000000000000000E+000 0.0000000000000000E+000 0.0000000000000000E+000 0.0000000000000000E+000 0.0000000000000000E+000 0.0000000000000000E+000 0.0000000000000000E+000 0.0000000000000000E+000 -5.5610075544419582E+000 8.5000496627254174E-001 2.1522378999549311E+001 0.0000000000000000E+000 1.1022071852617017E+005 5.5429517531764240E+005 1.1685526902703111E+009 -9.5297330300148868E+000 -2.9626197531510645E+001 -9.8999999999999986E+001 -9.5297330300148868E+000 -9.8999999999999986E+001 -9.8999999999999986E+001 -1.0927591221335623E+001 0.0000000000000000E+000 0.0000000000000000E+000 0.0000000000000000E+000 0.0000000000000000E+000 0.0000000000000000E+000 0.0000000000000000E+000 0.0000000000000000E+000 0.0000000000000000E+000 0.0000000000000000E+000 0.0000000000000000E+000 0.0000000000000000E+000 0.0000000000000000E+000 -9.8999999999999986E+001 0.0000000000000000E+000 0.0000000000000000E+000 -1.8195827840635947E-012
152 1.2798679284349913E+005 9.9999896202259864E-001 9.1199824594907986E-001 6.8257867207296974E-001 3.6483396436770987E+000 6.2163693118879246E+000 -1.0852497459348902E+000 1.3255412182902369E+001 6.9999999999999973E-001 2.9797635251461066E-005 2.7997020236474884E-001 4.1193902129486445E-003 1.2067031330276047E-003 1.1203876416666529E-002 2.5129237964844936E-003 9.5710644087274629E-004 0.0000000000000000E+000 0.0000000000000000E+000 0.0000000000000000E+000 0.0000000000000000E+000 0.0000000000000000E+000 0.0000000000000000E+000 0.0000000000000000E+000 0.0000000000000000E+000 0.0000000000000000E+000 0.0000000000000000E+000 -5.5199949567580235E+000 8.5000496627254163E-001 2.1456598732507690E+001 0.0000000000000000E+000 1.0577957188831699E+005 5.9703765027028206E+005 1.2246198741889374E+009 -9.3869961540049776E+000 -2.9143549595798145E+001 -9.8999999999999986E+001 -9.3869961540049776E+000 -9.8999999999999986E+001 -2.4985489640110437E+001 -1.0784853651586317E+001 0.0000000000000000E+000 0.0000000000000000E+000 0.0000000000000000E+000 0.0000000000000000E+000 0.0000000000000000E+000 0.0000000000000000E+000 0.0000000000000000E+000 0.0000000000000000E+000 0.0000000000000000E+000 0.0000000000000000E+000 0.0000000000000000E+000 0.0000000000000000E+000 -9.8999999999999986E+001 0.0000000000000000E+000 0.0000000000000000E+000 -1.6939398620088767E-012
153 1.3656923235089073E+005 9.9999894852526094E-001 8.9274345047936454E-001 6.7242921829448754E-001 3.6486006716989103E+000 6.2262489130304646E+000 -1.0555816943787857E+000 1.3294972707482197E+001 6.9999999999999962E-001 2.9797635251593237E-005 2.7997020236474884E-001 4.1193902129486445E-003 1.2067031330276047E-003 1.1203876416666529E-002 2.5129237964844936E-003 9.5710644087274618E-004 0.0000000000000000E+000 0.0000000000000000E+000 0.0000000000000000E+000 0.0000000000000000E+000 0.0000000000000000E+000 0.0000000000000000E+000 0.0000000000000000E+000 0.0000000000000000E+000 0.0000000000000000E+000 0.0000000000000000E+000 -5.4861720088828534E+000 8.5000496627254163E-001 2.1401350215471126E+001 0.0000000000000000E+000 1.0213571353061881E+005 6.3886038212575729E+005 1.2801359466048970E+009 -9.2660716604556139E+000 -2.8735170847549323E+001 -9.8999999999999986E+001 -9.2660716604556139E+000 -9.8999999999999986E+001 -9.8999999999999986E+001 -1.0663928528352974E+001 0.0000000000000000E+000 0.0000000000000000E+000 0.0000000000000000E+000 0.0000000000000000E+000 0.0000000000000000E+000 0.0000000000000000E+000 0.0000000000000000E+000 0.0000000000000000E+000 0.0000000000000000E+000 0.0000000000000000E+000 0.0000000000000000E+000 0.0000000000000000E+000 -9.8999999999999986E+001 0.0000000000000000E+000 0.0000000000000000E+000 -1.5726691229574044E-012
154 1.4686815975976063E+005 9.9999893338877321E-001 8.7126101800585121E-001 6.6113440404697976E-001 3.6488774707042859E+000 6.2372488918940121E+000 -1.0225486059597513E+000 1.3339019371122308E+001 6.9999999999999940E-001 2.9797635251809065E-005 2.7997020236474884E-001 4.1193902129486445E-003 1.2067031330276047E-003 1.1203876416666529E-002 2.5129237964844936E-003 9.5710644087274629E-004 0.0000000000000000E+000 0.0000000000000000E+000 0.0000000000000000E+000 0.0000000000000000E+000 0.0000000000000000E+000 0.0000000000000000E+000 0.0000000000000000E+000 0.0000000000000000E+000 0.0000000000000000E+000 0.0000000000000000E+000 -5.4480567049190700E+000 8.5000496627254163E-001 2.1339016020752357E+001 0.0000000000000000E+000 9.8228024343481142E+004 6.8894283919740852E+005 1.3450502786017563E+009 -9.1322771381177699E+000 -2.8283865240542436E+001 -9.8999999999999986E+001 -9.1322771381177699E+000 -9.8999999999999986E+001 -9.8999999999999986E+001 -1.0530133260902607E+001 0.0000000000000000E+000 0.0000000000000000E+000 0.0000000000000000E+000 0.0000000000000000E+000 0.0000000000000000E+000 0.0000000000000000E+000 0.0000000000000000E+000 0.0000000000000000E+000 0.0000000000000000E+000 0.0000000000000000E+000 0.0000000000000000E+000 0.0000000000000000E+000 -9.8999999999999986E+001 0.0000000000000000E+000 0.0000000000000000E+000 -1.4697149665559445E-012
155 1.5922687265040452E+005 9.9999891654539808E-001 8.4768184902754118E-001 6.4865910853665554E-001 3.6492203262148708E+000 6.2494085060266871E+000 -9.8604144137507599E-001 1.3387703587516258E+001 6.9999999999999907E-001 2.9797635252172283E-005 2.7997020236474884E-001 4.1193902129486445E-003 1.2067031330276047E-003 1.1203876416666529E-002 2.5129237964844936E-003 9.5710644087274640E-004 0.0000000000000000E+000 0.0000000000000000E+000 0.0000000000000000E+000 0.0000000000000000E+000 0.0000000000000000E+000 0.0000000000000000E+000 0.0000000000000000E+000 0.0000000000000000E+000 0.0000000000000000E+000 0.0000000000000000E+000 -5.4044296422908040E+000 8.5000496627254141E-001 2.1268415377111239E+001 0.0000000000000000E+000 9.4085450681683476E+004 7.4857900124464196E+005 1.4200959224692886E+009 -8.9854070395130687E+000 -2.7789095739754860E+001 -9.8999999999999986E+001 -8.9854070395130687E+000 -9.8999999999999986E+001 -9.8999999999999986E+001 -1.0383262281093653E+001 0.0000000000000000E+000 0.0000000000000000E+000 0.0000000000000000E+000 0.0000000000000000E+000 0.0000000000000000E+000 0.0000000000000000E+000 0.0000000000000000E+000 0.0000000000000000E+000 0.0000000000000000E+000 0.0000000000000000E+000 0.0000000000000000E+000 0.0000000000000000E+000 -9.8999999999999986E+001 0.0000000000000000E+000 0.0000000000000000E+000 -1.3628745340199744E-012
156 1.7020694107611151E+005 9.9999890277309844E-001 8.2925383732052016E-001 6.3828625474717215E-001 3.6497997501828570E+000 6.2595251460320283E+000 -9.5567250768254608E-001 1.3428205243952439E+001 6.9999999999999862E-001 2.9797635252599031E-005 2.7997020236474884E-001 4.1193902129486445E-003 1.2067031330276047E-003 1.1203876416666529E-002 2.5129237964844936E-003 9.5710644087274629E-004 0.0000000000000000E+000 0.0000000000000000E+000 0.0000000000000000E+000 0.0000000000000000E+000 0.0000000000000000E+000 0.0000000000000000E+000 0.0000000000000000E+000 0.0000000000000000E+000 0.0000000000000000E+000 0.0000000000000000E+000 -5.3688256108488215E+000 8.5000496627254130E-001 2.1211224207023875E+001 0.0000000000000000E+000 9.0774359218283062E+004 7.9990515179916495E+005 1.4816502074364023E+009 -8.8640255605346372E+000 -2.7380713802403843E+001 -9.8999999999999986E+001 -8.8640255605346372E+000 -9.8999999999999986E+001 -9.8999999999999986E+001 -1.0261880019817353E+001 0.0000000000000000E+000 0.0000000000000000E+000 0.0000000000000000E+000 0.0000000000000000E+000 0.0000000000000000E+000 0.0000000000000000E+000 0.0000000000000000E+000 0.0000000000000000E+000 0.0000000000000000E+000 0.0000000000000000E+000 0.0000000000000000E+000 0.0000000000000000E+000 -9.8999999999999986E+001 0.0000000000000000E+000 0.0000000000000000E+000 -1.2542999917997054E-012
157 1.8094585977477609E+005 9.9999889016756827E-001 8.1107257250539055E-001 6.2876759989681752E-001 3.6500137614042520E+000 6.2688115260272763E+000 -9.2779454040884024E-001 1.3465384169291143E+001 6.9999999999999807E-001 2.9797635253137677E-005 2.7997020236474884E-001 4.1193902129486445E-003 1.2067031330276047E-003 1.1203876416666529E-002 2.5129237964844936E-003 9.5710644087274640E-004 0.0000000000000000E+000 0.0000000000000000E+000 0.0000000000000000E+000 0.0000000000000000E+000 0.0000000000000000E+000 0.0000000000000000E+000 0.0000000000000000E+000 0.0000000000000000E+000 0.0000000000000000E+000 0.0000000000000000E+000 -5.3376241752454439E+000 8.5000496627254107E-001 2.1161008665011419E+001 0.0000000000000000E+000 8.7838560987079909E+004 8.5258640364909614E+005 1.5449945276568403E+009 -8.7532477556895962E+000 -2.7008434233407716E+001 -9.8999999999999986E+001 -8.7532477556895962E+000 -9.8999999999999986E+001 -9.8999999999999986E+001 -1.0151101455040457E+001 0.0000000000000000E+000 0.0000000000000000E+000 0.0000000000000000E+000 0.0000000000000000E+000 0.0000000000000000E+000 0.0000000000000000E+000 0.0000000000000000E+000 0.0000000000000000E+000 0.0000000000000000E+000 0.0000000000000000E+000 0.0000000000000000E+000 0.0000000000000000E+000 -9.8999999999999986E+001 0.0000000000000000E+000 0.0000000000000000E+000 -1.1738174458300235E-012
158 1.9383256221317363E+005 9.9999887597560588E-001 7.9045289778446326E-001 6.1813777974388184E-001 3.6501737528004878E+000 6.2791862889678418E+000 -8.9664578841192299E-001 1.3506921577828313E+001 6.9999999999999718E-001 2.9797635253995745E-005 2.7997020236474884E-001 4.1193902129486445E-003 1.2067031330276047E-003 1.1203876416666529E-002 2.5129237964844936E-003 9.5710644087274629E-004 0.0000000000000000E+000 0.0000000000000000E+000 0.0000000000000000E+000 0.0000000000000000E+000 0.0000000000000000E+000 0.0000000000000000E+000 0.0000000000000000E+000 0.0000000000000000E+000 0.0000000000000000E+000 0.0000000000000000E+000 -5.3026252297741907E+000 8.5000496627254074E-001 2.1104528541261882E+001 0.0000000000000000E+000 8.4672130046733990E+004 9.1619493205316900E+005 1.6201178764154127E+009 -8.6302106280674185E+000 -2.6595432386321569E+001 -9.8999999999999986E+001 -8.6302106280674185E+000 -9.8999999999999986E+001 -9.8999999999999986E+001 -1.0028063428215249E+001 0.0000000000000000E+000 0.0000000000000000E+000 0.0000000000000000E+000 0.0000000000000000E+000 0.0000000000000000E+000 0.0000000000000000E+000 0.0000000000000000E+000 0.0000000000000000E+000 0.0000000000000000E+000 0.0000000000000000E+000 0.0000000000000000E+000 0.0000000000000000E+000 -9.8999999999999986E+001 0.0000000000000000E+000 0.0000000000000000E+000 -1.1012873373731810E-012
159 2.0929660513925066E+005 9.9999886012761552E-001 7.6733554445586094E-001 6.0636592872092787E-001 3.6502803399798149E+000 6.2906827347298782E+000 -8.6212895564607384E-001 1.3552948286542335E+001 6.9999999999999574E-001 2.9797635255402290E-005 2.7997020236474884E-001 4.1193902129486445E-003 1.2067031330276047E-003 1.1203876416666529E-002 2.5129237964844936E-003 9.5710644087274629E-004 0.0000000000000000E+000 0.0000000000000000E+000 0.0000000000000000E+000 0.0000000000000000E+000 0.0000000000000000E+000 0.0000000000000000E+000 0.0000000000000000E+000 0.0000000000000000E+000 0.0000000000000000E+000 0.0000000000000000E+000 -5.2616270787958390E+000 8.5000496627254041E-001 2.1038987402897337E+001 0.0000000000000000E+000 8.1298533582869059E+004 9.9283499305590324E+005 1.7086926861993537E+009 -8.4947576944391106E+000 -2.6141331802332438E+001 -9.8999999999999986E+001 -8.4947576944391106E+000 -9.8999999999999986E+001 -9.8999999999999986E+001 -9.8926094324076921E+000 0.0000000000000000E+000 0.0000000000000000E+000 0.0000000000000000E+000 0.0000000000000000E+000 0.0000000000000000E+000 0.0000000000000000E+000 0.0000000000000000E+000 0.0000000000000000E+000 0.0000000000000000E+000 0.0000000000000000E+000 0.0000000000000000E+000 0.0000000000000000E+000 -9.8999999999999986E+001 0.0000000000000000E+000 0.0000000000000000E+000 -1.0248284117067660E-012
160 2.2343480849532105E+005 9.9999884675685291E-001 7.4941019000785836E-001 5.9627517903379634E-001 3.6508443762113796E+000 6.3005423898660720E+000 -8.3252829817014584E-001 1.3592420077910200E+001 6.9999999999999407E-001 2.9797635257079758E-005 2.7997020236474884E-001 4.1193902129486445E-003 1.2067031330276047E-003 1.1203876416666529E-002 2.5129237964844936E-003 9.5710644087274640E-004 0.0000000000000000E+000 0.0000000000000000E+000 0.0000000000000000E+000 0.0000000000000000E+000 0.0000000000000000E+000 0.0000000000000000E+000 0.0000000000000000E+000 0.0000000000000000E+000 0.0000000000000000E+000 0.0000000000000000E+000 -5.2265839320789675E+000 8.5000496627253963E-001 2.0984344432823338E+001 0.0000000000000000E+000 7.8513907229427772E+004 1.0589931922453702E+006 1.7806940565233173E+009 -8.3793278881041307E+000 -2.5754838326188377E+001 -9.8999999999999986E+001 -8.3793278881041307E+000 -9.8999999999999986E+001 -9.8999999999999986E+001 -9.7771786565230574E+000 0.0000000000000000E+000 0.0000000000000000E+000 0.0000000000000000E+000 0.0000000000000000E+000 0.0000000000000000E+000 0.0000000000000000E+000 0.0000000000000000E+000 0.0000000000000000E+000 0.0000000000000000E+000 0.0000000000000000E+000 0.0000000000000000E+000 0.0000000000000000E+000 -9.8999999999999986E+001 0.0000000000000000E+000 0.0000000000000000E+000 -9.4571866293656837E-013
161 2.4040065252260549E+005 9.9999883171430748E-001 7.2739359678459736E-001 5.8505743472925176E-001 3.6509491000578369E+000 6.3115070604248285E+000 -7.9961607954757963E-001 1.3636315763018501E+001 6.9999999999999141E-001 2.9797635259780045E-005 2.7997020236474884E-001 4.1193902129486445E-003 1.2067031330276047E-003 1.1203876416666529E-002 2.5129237964844936E-003 9.5710644087274618E-004 0.0000000000000000E+000 0.0000000000000000E+000 0.0000000000000000E+000 0.0000000000000000E+000 0.0000000000000000E+000 0.0000000000000000E+000 0.0000000000000000E+000 0.0000000000000000E+000 0.0000000000000000E+000 0.0000000000000000E+000 -5.1889343349564765E+000 8.5000496627253896E-001 2.0927712357551009E+001 0.0000000000000000E+000 7.5530085668610162E+004 1.1432138906187466E+006 1.8732938003749726E+009 -8.2517518607049585E+000 -2.5328201351312099E+001 -9.8999999999999986E+001 -8.2517518607049585E+000 -9.8999999999999986E+001 -9.8999999999999986E+001 -9.6496014831605432E+000 0.0000000000000000E+000 0.0000000000000000E+000 0.0000000000000000E+000 0.0000000000000000E+000 0.0000000000000000E+000 0.0000000000000000E+000 0.0000000000000000E+000 0.0000000000000000E+000 0.0000000000000000E+000 0.0000000000000000E+000 0.0000000000000000E+000 0.0000000000000000E+000 -9.8999999999999986E+001 0.0000000000000000E+000 0.0000000000000000E+000 -8.8663702134311786E-013
162 2.6075966535534683E+005 9.9999881499307652E-001 7.0290898202583429E-001 5.7269005001025586E-001 3.6510116387276437E+000 6.3235995085586465E+000 -7.6331546903125325E-001 1.3684727918435403E+001 6.9999999999998697E-001 2.9797635264250335E-005 2.7997020236474884E-001 4.1193902129486445E-003 1.2067031330276047E-003 1.1203876416666529E-002 2.5129237964844936E-003 9.5710644087274629E-004 0.0000000000000000E+000 0.0000000000000000E+000 0.0000000000000000E+000 0.0000000000000000E+000 0.0000000000000000E+000 0.0000000000000000E+000 0.0000000000000000E+000 0.0000000000000000E+000 0.0000000000000000E+000 0.0000000000000000E+000 -5.1465655432378847E+000 8.5000496627253741E-001 2.0864128287310319E+001 0.0000000000000000E+000 7.2371721594241448E+004 1.2444558043365872E+006 1.9819400024667356E+009 -8.1120069844922238E+000 -2.4861522438726229E+001 -9.8999999999999986E+001 -8.1120069844922238E+000 -9.8999999999999986E+001 -9.8999999999999986E+001 -9.5098552549132176E+000 0.0000000000000000E+000 0.0000000000000000E+000 0.0000000000000000E+000 0.0000000000000000E+000 0.0000000000000000E+000 0.0000000000000000E+000 0.0000000000000000E+000 0.0000000000000000E+000 0.0000000000000000E+000 0.0000000000000000E+000 0.0000000000000000E+000 0.0000000000000000E+000 -9.8999999999999986E+001 0.0000000000000000E+000 0.0000000000000000E+000 -8.2131835798704509E-013
163 2.7888719515075203E+005 9.9999880131584606E-001 6.8229515881738645E-001 5.6243384622552961E-001 3.6509862848178956E+000 6.3336341889375891E+000 -7.3319469180061458E-001 1.3724898218087136E+001 6.9999999999998175E-001 2.9797635269439781E-005 2.7997020236474884E-001 4.1193902129486445E-003 1.2067031330276047E-003 1.1203876416666529E-002 2.5129237964844936E-003 9.5710644087274640E-004 0.0000000000000000E+000 0.0000000000000000E+000 0.0000000000000000E+000 0.0000000000000000E+000 0.0000000000000000E+000 0.0000000000000000E+000 0.0000000000000000E+000 0.0000000000000000E+000 0.0000000000000000E+000 0.0000000000000000E+000 -5.1104639053135603E+000 8.5000496627253563E-001 2.0807497399279985E+001 0.0000000000000000E+000 6.9852925770141941E+004 1.3361323920201268E+006 2.0782812553800907E+009 -7.9968024398399571E+000 -2.4477298383227854E+001 -9.8999999999999986E+001 -7.9968024398399571E+000 -9.8999999999999986E+001 -9.8999999999999986E+001 -9.3946495134587895E+000 0.0000000000000000E+000 0.0000000000000000E+000 0.0000000000000000E+000 0.0000000000000000E+000 0.0000000000000000E+000 0.0000000000000000E+000 0.0000000000000000E+000 0.0000000000000000E+000 0.0000000000000000E+000 0.0000000000000000E+000 0.0000000000000000E+000 0.0000000000000000E+000 -9.8999999999999986E+001 0.0000000000000000E+000 0.0000000000000000E+000 -7.5450051058359908E-013
164 2.9666757287427178E+005 9.9999878882101179E-001 6.6491164804486347E-001 5.5297702567168616E-001 3.6513688174016856E+000 6.3428919288239891E+000 -7.0540989327371051E-001 1.3761955730695986E+001 6.9999999999997531E-001 2.9797635275932156E-005 2.7997020236474884E-001 4.1193902129486445E-003 1.2067031330276047E-003 1.1203876416666529E-002 2.5129237964844936E-003 9.5710644087274629E-004 0.0000000000000000E+000 0.0000000000000000E+000 0.0000000000000000E+000 0.0000000000000000E+000 0.0000000000000000E+000 0.0000000000000000E+000 0.0000000000000000E+000 0.0000000000000000E+000 0.0000000000000000E+000 0.0000000000000000E+000 -5.0780386642838913E+000 8.5000496627253364E-001 2.0754362580710023E+001 0.0000000000000000E+000 6.7608199934218777E+004 1.4213132779586490E+006 2.1631559274156508E+009 -7.8911226748654544E+000 -2.4125247121314480E+001 -9.8999999999999986E+001 -7.8911226748654544E+000 -9.8999999999999986E+001 -2.3304248402734849E+001 -9.2889685802695485E+000 0.0000000000000000E+000 0.0000000000000000E+000 0.0000000000000000E+000 0.0000000000000000E+000 0.0000000000000000E+000 0.0000000000000000E+000 0.0000000000000000E+000 0.0000000000000000E+000 0.0000000000000000E+000 0.0000000000000000E+000 0.0000000000000000E+000 0.0000000000000000E+000 -9.8999999999999986E+001 0.0000000000000000E+000 0.0000000000000000E+000 -7.0273165483917422E-013
165 3.1800402614249557E+005 9.9999877472580612E-001 6.4355180309391791E-001 5.4243250924972297E-001 3.6513011143749314E+000 6.3532182229495788E+000 -6.7441383604060612E-001 1.3803292034449662E+001 6.9999999999996498E-001 2.9797635286136457E-005 2.7997020236474884E-001 4.1193902129486445E-003 1.2067031330276047E-003 1.1203876416666529E-002 2.5129237964844936E-003 9.5710644087274618E-004 0.0000000000000000E+000 0.0000000000000000E+000 0.0000000000000000E+000 0.0000000000000000E+000 0.0000000000000000E+000 0.0000000000000000E+000 0.0000000000000000E+000 0.0000000000000000E+000 0.0000000000000000E+000 0.0000000000000000E+000 -5.0434440564462841E+000 8.5000496627253019E-001 2.0695989640076284E+001 0.0000000000000000E+000 6.5190243231952903E+004 1.5296573660238916E+006 2.2722058036423359E+009 -7.7739227139153000E+000 -2.3735283437158845E+001 -9.8999999999999986E+001 -7.7739227139153000E+000 -9.8999999999999986E+001 -9.8999999999999986E+001 -9.1717672392425538E+000 0.0000000000000000E+000 0.0000000000000000E+000 0.0000000000000000E+000 0.0000000000000000E+000 0.0000000000000000E+000 0.0000000000000000E+000 0.0000000000000000E+000 0.0000000000000000E+000 0.0000000000000000E+000 0.0000000000000000E+000 0.0000000000000000E+000 0.0000000000000000E+000 -9.8999999999999986E+001 0.0000000000000000E+000 0.0000000000000000E+000 -6.6061615673156509E-013
166 3.4360777006436413E+005 9.9999875900957846E-001 6.1932599616958406E-001 5.3078156507523622E-001 3.6510701347310914E+000 6.3646311464071141E+000 -6.4015465645113856E-001 1.3848981005350982E+001 6.9999999999994855E-001 2.9797635302605763E-005 2.7997020236474884E-001 4.1193902129486445E-003 1.2067031330276047E-003 1.1203876416666529E-002 2.5129237964844936E-003 9.5710644087274629E-004 0.0000000000000000E+000 0.0000000000000000E+000 0.0000000000000000E+000 0.0000000000000000E+000 0.0000000000000000E+000 0.0000000000000000E+000 0.0000000000000000E+000 0.0000000000000000E+000 0.0000000000000000E+000 0.0000000000000000E+000 -5.0048088902750214E+000 8.5000496627252453E-001 2.0631471540375514E+001 0.0000000000000000E+000 6.2619008761412915E+004 1.6613873517432108E+006 2.4025556993810492E+009 -7.6452113815540192E+000 -2.3307589120312997E+001 -9.8999999999999986E+001 -7.6452113815540192E+000 -9.8999999999999986E+001 -2.3480339661790531E+001 -9.0430542811193995E+000 0.0000000000000000E+000 0.0000000000000000E+000 0.0000000000000000E+000 0.0000000000000000E+000 0.0000000000000000E+000 0.0000000000000000E+000 0.0000000000000000E+000 0.0000000000000000E+000 0.0000000000000000E+000 0.0000000000000000E+000 0.0000000000000000E+000 0.0000000000000000E+000 -9.8999999999999986E+001 0.0000000000000000E+000 0.0000000000000000E+000 -6.1382537215024523E-013
167 3.6708649525029754E+005 9.9999874574044378E-001 6.0110622750393161E-001 5.2076972369841801E-001 3.6515211132530867E+000 6.3744424322133622E+000 -6.1070340628026765E-001 1.3888256529930795E+001 6.9999999999992912E-001 2.9797635322059657E-005 2.7997020236474884E-001 4.1193902129486445E-003 1.2067031330276047E-003 1.1203876416666529E-002 2.5129237964844936E-003 9.5710644087274629E-004 0.0000000000000000E+000 0.0000000000000000E+000 0.0000000000000000E+000 0.0000000000000000E+000 0.0000000000000000E+000 0.0000000000000000E+000 0.0000000000000000E+000 0.0000000000000000E+000 0.0000000000000000E+000 0.0000000000000000E+000 -4.9699785935578493E+000 8.5000496627251798E-001 2.0575756109151286E+001 0.0000000000000000E+000 6.0490674818245432E+004 1.7729745366889455E+006 2.5054931964733653E+009 -7.5352508227314106E+000 -2.2942673482528640E+001 -9.8999999999999986E+001 -7.5352508227314106E+000 -9.8999999999999986E+001 -2.2878279670462568E+001 -8.9330922351635831E+000 0.0000000000000000E+000 0.0000000000000000E+000 0.0000000000000000E+000 0.0000000000000000E+000 0.0000000000000000E+000 0.0000000000000000E+000 0.0000000000000000E+000 0.0000000000000000E+000 0.0000000000000000E+000 0.0000000000000000E+000 0.0000000000000000E+000 0.0000000000000000E+000 -9.8999999999999986E+001 0.0000000000000000E+000 0.0000000000000000E+000 -5.6515567319092764E-013
168 3.9526096547341760E+005 9.9999873081963908E-001 5.7842151803872810E-001 5.0965424597162901E-001 3.6514076747501809E+000 6.3853396686955275E+000 -5.7799628028695627E-001 1.3931877327159931E+001 6.9999999999989826E-001 2.9797635352932639E-005 2.7997020236474884E-001 4.1193902129486445E-003 1.2067031330276047E-003 1.1203876416666529E-002 2.5129237964844936E-003 9.5710644087274640E-004 0.0000000000000000E+000 0.0000000000000000E+000 0.0000000000000000E+000 0.0000000000000000E+000 0.0000000000000000E+000 0.0000000000000000E+000 0.0000000000000000E+000 0.0000000000000000E+000 0.0000000000000000E+000 0.0000000000000000E+000 -4.9318346726325695E+000 8.5000496627250766E-001 2.0516118907944897E+001 0.0000000000000000E+000 5.8212361285612147E+004 1.9164728563579945E+006 2.6398419789539471E+009 -7.4138593487276649E+000 -2.2540332703917972E+001 -9.8999999999999986E+001 -7.4138593487276649E+000 -9.8999999999999986E+001 -9.8999999999999986E+001 -8.8116990060532565E+000 0.0000000000000000E+000 0.0000000000000000E+000 0.0000000000000000E+000 0.0000000000000000E+000 0.0000000000000000E+000 0.0000000000000000E+000 0.0000000000000000E+000 0.0000000000000000E+000 0.0000000000000000E+000 0.0000000000000000E+000 0.0000000000000000E+000 0.0000000000000000E+000 -9.8999999999999986E+001 0.0000000000000000E+000 0.0000000000000000E+000 -5.2958598971186993E-013
169 4.2907032974116167E+005 9.9999871425533071E-001 5.5318807927039626E-001 4.9741808278511385E-001 3.6512173966513557E+000 6.3973393145924460E+000 -5.4197813618186863E-001 1.3979914570178416E+001 6.9999999999984797E-001 2.9797635403229801E-005 2.7997020236474884E-001 4.1193902129486445E-003 1.2067031330276047E-003 1.1203876416666529E-002 2.5129237964844936E-003 9.5710644087274640E-004 0.0000000000000000E+000 0.0000000000000000E+000 0.0000000000000000E+000 0.0000000000000000E+000 0.0000000000000000E+000 0.0000000000000000E+000 0.0000000000000000E+000 0.0000000000000000E+000 0.0000000000000000E+000 0.0000000000000000E+000 -4.8913999232629770E+000 8.5000496627249078E-001 2.0452763368946329E+001 0.0000000000000000E+000 5.5803440392590514E+004 2.0891626847129690E+006 2.7977658341418228E+009 -7.2810751466665451E+000 -2.2100864994591138E+001 -9.8999999999999986E+001 -7.2810751466665442E+000 -9.8999999999999986E+001 -9.8999999999999986E+001 -8.6789127367799690E+000 0.0000000000000000E+000 0.0000000000000000E+000 0.0000000000000000E+000 0.0000000000000000E+000 0.0000000000000000E+000 0.0000000000000000E+000 0.0000000000000000E+000 0.0000000000000000E+000 0.0000000000000000E+000 0.0000000000000000E+000 0.0000000000000000E+000 0.0000000000000000E+000 -9.8999999999999986E+001 0.0000000000000000E+000 0.0000000000000000E+000 -4.8993256420072694E-013
170 4.5927851799127855E+005 9.9999870067871921E-001 5.3321696090391790E-001 4.8721897817204302E-001 3.6513241693662710E+000 6.4073454295283891E+000 -5.1194227737823117E-001 1.4019970487184231E+001 6.9999999999979001E-001 2.9797635461125282E-005 2.7997020236474884E-001 4.1193902129486445E-003 1.2067031330276047E-003 1.1203876416666529E-002 2.5129237964844936E-003 9.5710644087274629E-004 0.0000000000000000E+000 0.0000000000000000E+000 0.0000000000000000E+000 0.0000000000000000E+000 0.0000000000000000E+000 0.0000000000000000E+000 0.0000000000000000E+000 0.0000000000000000E+000 0.0000000000000000E+000 0.0000000000000000E+000 -4.8567137737366162E+000 8.5000496627247180E-001 2.0397852413058725E+001 0.0000000000000000E+000 5.3871903476088592E+004 2.2394556768054320E+006 2.9294256155498772E+009 -7.1710614629168132E+000 -2.1737252409724324E+001 -9.8999999999999986E+001 -7.1710614629168123E+000 -9.8999999999999986E+001 -9.8999999999999986E+001 -8.5688972143636501E+000 0.0000000000000000E+000 0.0000000000000000E+000 0.0000000000000000E+000 0.0000000000000000E+000 0.0000000000000000E+000 0.0000000000000000E+000 0.0000000000000000E+000 0.0000000000000000E+000 0.0000000000000000E+000 0.0000000000000000E+000 0.0000000000000000E+000 0.0000000000000000E+000 -9.8999999999999986E+001 0.0000000000000000E+000 0.0000000000000000E+000 -4.4943481522723633E-013
171 4.8896073241823935E+005 9.9999868823377946E-001 5.1377174161539407E-001 4.7784009590613569E-001 3.6511523056770936E+000 6.4165506380691468E+000 -4.8431493631087874E-001 1.4056816370946695E+001 6.9999999999971840E-001 2.9797635532848119E-005 2.7997020236474884E-001 4.1193902129486445E-003 1.2067031330276047E-003 1.1203876416666529E-002 2.5129237964844936E-003 9.5710644087274629E-004 0.0000000000000000E+000 0.0000000000000000E+000 0.0000000000000000E+000 0.0000000000000000E+000 0.0000000000000000E+000 0.0000000000000000E+000 0.0000000000000000E+000 0.0000000000000000E+000 0.0000000000000000E+000 0.0000000000000000E+000 -4.8239104265507251E+000 8.5000496627244782E-001 2.0345219227635457E+001 0.0000000000000000E+000 5.2154765878979575E+004 2.3931314933467074E+006 3.0635691580621834E+009 -7.0704199321347261E+000 -2.1405008271511562E+001 -9.8999999999999986E+001 -7.0704199321347234E+000 -9.8999999999999986E+001 -9.8999999999999986E+001 -8.4682538942073737E+000 0.0000000000000000E+000 0.0000000000000000E+000 0.0000000000000000E+000 0.0000000000000000E+000 0.0000000000000000E+000 0.0000000000000000E+000 0.0000000000000000E+000 0.0000000000000000E+000 0.0000000000000000E+000 0.0000000000000000E+000 0.0000000000000000E+000 0.0000000000000000E+000 -9.8999999999999986E+001 0.0000000000000000E+000 0.0000000000000000E+000 -4.1927261260885203E-013
172 5.2457938973059237E+005 9.9999867425883970E-001 4.9197902431147705E-001 4.6738984552682716E-001 3.6509292515407683E+000 6.4268103615767957E+000 -4.5352375973895481E-001 1.4097883164337196E+001 6.9999999999960716E-001 2.9797635644118490E-005 2.7997020236474884E-001 4.1193902129486445E-003 1.2067031330276047E-003 1.1203876416666529E-002 2.5129237964844936E-003 9.5710644087274629E-004 0.0000000000000000E+000 0.0000000000000000E+000 0.0000000000000000E+000 0.0000000000000000E+000 0.0000000000000000E+000 0.0000000000000000E+000 0.0000000000000000E+000 0.0000000000000000E+000 0.0000000000000000E+000 0.0000000000000000E+000 -4.7881338080884177E+000 8.5000496627241107E-001 2.0287003757697402E+001 0.0000000000000000E+000 5.0305865771709592E+004 2.5775643570138086E+006 3.2212200967023320E+009 -6.9588787427061725E+000 -2.1037235224731642E+001 -9.8999999999999986E+001 -6.9588787427061689E+000 -9.8999999999999986E+001 -9.8999999999999986E+001 -8.3567105930642036E+000 0.0000000000000000E+000 0.0000000000000000E+000 0.0000000000000000E+000 0.0000000000000000E+000 0.0000000000000000E+000 0.0000000000000000E+000 0.0000000000000000E+000 0.0000000000000000E+000 0.0000000000000000E+000 0.0000000000000000E+000 0.0000000000000000E+000 0.0000000000000000E+000 -9.8999999999999986E+001 0.0000000000000000E+000 0.0000000000000000E+000 -3.9234886313654430E-013
173 5.6732177850541589E+005 9.9999865868885363E-001 4.6794510766952208E-001 4.5583642896360638E-001 3.6506974806618904E+000 6.4381558359528466E+000 -4.1946973944881488E-001 1.4143301742725486E+001 6.9999999999942997E-001 2.9797635821187136E-005 2.7997020236474879E-001 4.1193902129486436E-003 1.2067031330276045E-003 1.1203876416666527E-002 2.5129237964844932E-003 9.5710644087274607E-004 0.0000000000000000E+000 0.0000000000000000E+000 0.0000000000000000E+000 0.0000000000000000E+000 0.0000000000000000E+000 0.0000000000000000E+000 0.0000000000000000E+000 0.0000000000000000E+000 0.0000000000000000E+000 0.0000000000000000E+000 -4.7497470134212918E+000 8.5000496627235167E-001 2.0223984311130678E+001 0.0000000000000000E+000 4.8337980949424891E+004 2.7976722640642966E+006 3.4045076141107354E+009 -6.8362974766931481E+000 -2.0633626916276988E+001 -9.8999999999999986E+001 -6.8362974766931410E+000 -9.8999999999999986E+001 -2.2577249674798587E+001 -8.2341268383057677E+000 0.0000000000000000E+000 0.0000000000000000E+000 0.0000000000000000E+000 0.0000000000000000E+000 0.0000000000000000E+000 0.0000000000000000E+000 0.0000000000000000E+000 0.0000000000000000E+000 0.0000000000000000E+000 0.0000000000000000E+000 0.0000000000000000E+000 0.0000000000000000E+000 -9.8999999999999986E+001 0.0000000000000000E+000 0.0000000000000000E+000 -3.6427505876786580E-013
174 6.0663832841707603E+005 9.9999864549360695E-001 4.4806396575343632E-001 4.4591473914587260E-001 3.6506880400917359E+000 6.4479012803063114E+000 -3.9021609008067532E-001 1.4182318820508353E+001 6.9999999999922269E-001 2.9797636028446923E-005 2.7997020236474879E-001 4.1193902129486436E-003 1.2067031330276045E-003 1.1203876416666527E-002 2.5129237964844932E-003 9.5710644087274597E-004 0.0000000000000000E+000 0.0000000000000000E+000 0.0000000000000000E+000 0.0000000000000000E+000 0.0000000000000000E+000 0.0000000000000000E+000 0.0000000000000000E+000 0.0000000000000000E+000 0.0000000000000000E+000 0.0000000000000000E+000 -4.7160669824581936E+000 8.5000496627228272E-001 2.0168406848810704E+001 0.0000000000000000E+000 4.6709581301849423E+004 2.9963990973814577E+006 3.5639815407607040E+009 -6.7316406128021349E+000 -2.0289509920893565E+001 -9.8999999999999986E+001 -6.7316406128021233E+000 -9.8999999999999986E+001 -9.8999999999999986E+001 -8.1294676997576243E+000 0.0000000000000000E+000 0.0000000000000000E+000 0.0000000000000000E+000 0.0000000000000000E+000 0.0000000000000000E+000 0.0000000000000000E+000 0.0000000000000000E+000 0.0000000000000000E+000 0.0000000000000000E+000 0.0000000000000000E+000 0.0000000000000000E+000 0.0000000000000000E+000 -9.8999999999999986E+001 0.0000000000000000E+000 0.0000000000000000E+000 -3.3561557766090155E-013
175 6.5381818831106822E+005 9.9999863070947159E-001 4.2462993286703471E-001 4.3491530951112461E-001 3.6503292466875097E+000 6.4587082677514767E+000 -3.5777408216329043E-001 1.4225585653366043E+001 6.9999999999889839E-001 2.9797636352835216E-005 2.7997020236474884E-001 4.1193902129486445E-003 1.2067031330276047E-003 1.1203876416666529E-002 2.5129237964844936E-003 9.5710644087274629E-004 0.0000000000000000E+000 0.0000000000000000E+000 0.0000000000000000E+000 0.0000000000000000E+000 0.0000000000000000E+000 0.0000000000000000E+000 0.0000000000000000E+000 0.0000000000000000E+000 0.0000000000000000E+000 0.0000000000000000E+000 -4.6776123316400282E+000 8.5000496627217448E-001 2.0105188288390295E+001 0.0000000000000000E+000 4.4968337635572942E+004 3.2436434343718435E+006 3.7615728091477885E+009 -6.6162714273364633E+000 -1.9910664202493201E+001 -9.8999999999999986E+001 -6.6162714273364411E+000 -9.8999999999999986E+001 -2.1975189683470624E+001 -8.0140958346742366E+000 0.0000000000000000E+000 0.0000000000000000E+000 0.0000000000000000E+000 0.0000000000000000E+000 0.0000000000000000E+000 0.0000000000000000E+000 0.0000000000000000E+000 0.0000000000000000E+000 0.0000000000000000E+000 0.0000000000000000E+000 0.0000000000000000E+000 0.0000000000000000E+000 -9.8999999999999986E+001 0.0000000000000000E+000 0.0000000000000000E+000 -3.1335691612000759E-013
176 7.1043402018385881E+005 9.9999861432080128E-001 3.9837169727892380E-001 4.2283001029693934E-001 3.6498073373975748E+000 6.4705870445579281E+000 -3.2211694302845079E-001 1.4273141092440898E+001 6.9999999999837814E-001 2.9797636873105813E-005 2.7997020236474884E-001 4.1193902129486445E-003 1.2067031330276047E-003 1.1203876416666529E-002 2.5129237964844936E-003 9.5710644087274618E-004 0.0000000000000000E+000 0.0000000000000000E+000 0.0000000000000000E+000 0.0000000000000000E+000 0.0000000000000000E+000 0.0000000000000000E+000 0.0000000000000000E+000 0.0000000000000000E+000 0.0000000000000000E+000 0.0000000000000000E+000 -4.6368178263191924E+000 8.5000496627200117E-001 2.0039771333283785E+001 0.0000000000000000E+000 4.3129943363263192E+004 3.5430446696391115E+006 3.9960204392022357E+009 -6.4902883143251993E+000 -1.9497554625873313E+001 -9.8999999999999986E+001 -6.4902883143251566E+000 -9.8999999999999986E+001 -9.8999999999999986E+001 -7.8881095728794826E+000 0.0000000000000000E+000 0.0000000000000000E+000 0.0000000000000000E+000 0.0000000000000000E+000 0.0000000000000000E+000 0.0000000000000000E+000 0.0000000000000000E+000 0.0000000000000000E+000 0.0000000000000000E+000 0.0000000000000000E+000 0.0000000000000000E+000 0.0000000000000000E+000 -9.8999999999999986E+001 0.0000000000000000E+000 0.0000000000000000E+000 -2.8947151119913110E-013
177 7.6125313354946102E+005 9.9999860085322678E-001 3.7599971979360525E-001 4.1276267207006845E-001 3.6492480121396800E+000 6.4804861401188134E+000 -2.9240192795212355E-001 1.4312770025358658E+001 6.9999999999778439E-001 2.9797637466918000E-005 2.7997020236474884E-001 4.1193902129486445E-003 1.2067031330276047E-003 1.1203876416666529E-002 2.5129237964844936E-003 9.5710644087274618E-004 0.0000000000000000E+000 0.0000000000000000E+000 0.0000000000000000E+000 0.0000000000000000E+000 0.0000000000000000E+000 0.0000000000000000E+000 0.0000000000000000E+000 0.0000000000000000E+000 0.0000000000000000E+000 0.0000000000000000E+000 -4.6039792571564977E+000 8.5000496627180322E-001 1.9989013538764436E+001 0.0000000000000000E+000 4.1656030574587101E+004 3.8178242470290903E+006 4.2072631117827568E+009 -6.3859576578592492E+000 -1.9155927286487223E+001 -9.8999999999999986E+001 -6.3859576578591755E+000 -9.8999999999999986E+001 -2.1799098424414943E+001 -7.7837761187681060E+000 0.0000000000000000E+000 0.0000000000000000E+000 0.0000000000000000E+000 0.0000000000000000E+000 0.0000000000000000E+000 0.0000000000000000E+000 0.0000000000000000E+000 0.0000000000000000E+000 0.0000000000000000E+000 0.0000000000000000E+000 0.0000000000000000E+000 0.0000000000000000E+000 -9.8999999999999986E+001 0.0000000000000000E+000 0.0000000000000000E+000 -2.6501002355309194E-013
178 8.2223606958818377E+005 9.9999858585529688E-001 3.5357925469510665E-001 4.0158134882809671E-001 3.6492335574860415E+000 6.4914837667574252E+000 -2.5938925940182833E-001 1.4356797566563522E+001 6.9999999999685525E-001 2.9797638395984035E-005 2.7997020236474884E-001 4.1193902129486445E-003 1.2067031330276047E-003 1.1203876416666529E-002 2.5129237964844936E-003 9.5710644087274607E-004 0.0000000000000000E+000 0.0000000000000000E+000 0.0000000000000000E+000 0.0000000000000000E+000 0.0000000000000000E+000 0.0000000000000000E+000 0.0000000000000000E+000 0.0000000000000000E+000 0.0000000000000000E+000 0.0000000000000000E+000 -4.5662615139440224E+000 8.5000496627149358E-001 1.9930956979436136E+001 0.0000000000000000E+000 4.0077987162216014E+004 4.1249406773996642E+006 4.4301673408216400E+009 -6.2707412519425469E+000 -1.8779171504782006E+001 -9.8999999999999986E+001 -6.2707412519424128E+000 -9.8999999999999986E+001 -9.8999999999999986E+001 -7.6685564072845711E+000 0.0000000000000000E+000 0.0000000000000000E+000 0.0000000000000000E+000 0.0000000000000000E+000 0.0000000000000000E+000 0.0000000000000000E+000 0.0000000000000000E+000 0.0000000000000000E+000 0.0000000000000000E+000 0.0000000000000000E+000 0.0000000000000000E+000 0.0000000000000000E+000 -9.8999999999999986E+001 0.0000000000000000E+000 0.0000000000000000E+000 -2.4593650151289230E-013
179 8.9541559283465112E+005 9.9999856919776020E-001 3.2691880272978746E-001 3.8931358367952928E-001 3.6487023270689956E+000 6.5035515466289997E+000 -2.2316079396715804E-001 1.4405114146122516E+001 6.9999999999536633E-001 2.9797639884765213E-005 2.7997020236474884E-001 4.1193902129486445E-003 1.2067031330276047E-003 1.1203876416666529E-002 2.5129237964844936E-003 9.5710644087274597E-004 0.0000000000000000E+000 0.0000000000000000E+000 0.0000000000000000E+000 0.0000000000000000E+000 0.0000000000000000E+000 0.0000000000000000E+000 0.0000000000000000E+000 0.0000000000000000E+000 0.0000000000000000E+000 0.0000000000000000E+000 -4.5238365143024968E+000 8.5000496627099709E-001 1.9863302669838433E+001 0.0000000000000000E+000 3.8415302530377558E+004 4.5117591710240021E+006 4.7106471625540714E+009 -6.1451380535725164E+000 -1.8369081935639290E+001 -9.8999999999999986E+001 -6.1451380535722571E+000 -9.8999999999999986E+001 -2.1276219679134606E+001 -7.5429493261329750E+000 0.0000000000000000E+000 0.0000000000000000E+000 0.0000000000000000E+000 0.0000000000000000E+000 0.0000000000000000E+000 0.0000000000000000E+000 0.0000000000000000E+000 0.0000000000000000E+000 0.0000000000000000E+000 0.0000000000000000E+000 0.0000000000000000E+000 0.0000000000000000E+000 -9.8999999999999986E+001 0.0000000000000000E+000 0.0000000000000000E+000 -2.2762565526520920E-013
180 9.6055852823194803E+005 9.9999855564086237E-001 3.0580966220453265E-001 3.7915226521071577E-001 3.6485057011720889E+000 6.5135498497453632E+000 -1.9314314916262015E-001 1.4445148620396356E+001 6.9999999999368478E-001 2.9797641566365835E-005 2.7997020236474884E-001 4.1193902129486445E-003 1.2067031330276047E-003 1.1203876416666529E-002 2.5129237964844936E-003 9.5710644087274607E-004 0.0000000000000000E+000 0.0000000000000000E+000 0.0000000000000000E+000 0.0000000000000000E+000 0.0000000000000000E+000 0.0000000000000000E+000 0.0000000000000000E+000 0.0000000000000000E+000 0.0000000000000000E+000 0.0000000000000000E+000 -4.4898304133010241E+000 8.5000496627043676E-001 1.9806928282114388E+001 0.0000000000000000E+000 3.7090465417042164E+004 4.8485999984804839E+006 4.9452666122804108E+009 -6.0417238826106603E+000 -1.8031934227735920E+001 -9.8999999999999986E+001 -6.0417238826102162E+000 -9.8999999999999986E+001 -9.8999999999999986E+001 -7.4395317217335242E+000 0.0000000000000000E+000 0.0000000000000000E+000 0.0000000000000000E+000 0.0000000000000000E+000 0.0000000000000000E+000 0.0000000000000000E+000 0.0000000000000000E+000 0.0000000000000000E+000 0.0000000000000000E+000 0.0000000000000000E+000 0.0000000000000000E+000 0.0000000000000000E+000 -9.8999999999999986E+001 0.0000000000000000E+000 0.0000000000000000E+000 -2.0811002391548753E-013
181 1.0387300507087045E+006 9.9999854050277137E-001 2.8089430772523466E-001 3.6793194879194968E-001 3.6478870207616474E+000 6.5245925857068654E+000 -1.5998653043746172E-001 1.4489369182704291E+001 6.9999999999106388E-001 2.9797644187222296E-005 2.7997020236474884E-001 4.1193902129486445E-003 1.2067031330276047E-003 1.1203876416666529E-002 2.5129237964844936E-003 9.5710644087274607E-004 0.0000000000000000E+000 0.0000000000000000E+000 0.0000000000000000E+000 0.0000000000000000E+000 0.0000000000000000E+000 0.0000000000000000E+000 0.0000000000000000E+000 0.0000000000000000E+000 0.0000000000000000E+000 0.0000000000000000E+000 -4.4531010605588577E+000 8.5000496626956323E-001 1.9744717023997264E+001 0.0000000000000000E+000 3.5680572297848586E+004 5.2692889535799455E+006 5.2372711397237463E+009 -5.9281846470430795E+000 -1.7662301025960467E+001 -9.8999999999999986E+001 -5.9281846470422783E+000 -9.8999999999999986E+001 -9.8999999999999986E+001 -7.3259884504598478E+000 0.0000000000000000E+000 0.0000000000000000E+000 0.0000000000000000E+000 0.0000000000000000E+000 0.0000000000000000E+000 0.0000000000000000E+000 0.0000000000000000E+000 0.0000000000000000E+000 0.0000000000000000E+000 0.0000000000000000E+000 0.0000000000000000E+000 0.0000000000000000E+000 -9.8999999999999986E+001 0.0000000000000000E+000 0.0000000000000000E+000 -1.9365224942206394E-013
182 1.1325358776808120E+006 9.9999852378737408E-001 2.5330605689012126E-001 3.5564822332979273E-001 3.6471318207839469E+000 6.5366845129854223E+000 -1.2367353977690167E-001 1.4537794899173264E+001 6.9999999998688434E-001 2.9797648366856880E-005 2.7997020236474884E-001 4.1193902129486445E-003 1.2067031330276047E-003 1.1203876416666529E-002 2.5129237964844936E-003 9.5710644087274607E-004 0.0000000000000000E+000 0.0000000000000000E+000 0.0000000000000000E+000 0.0000000000000000E+000 0.0000000000000000E+000 0.0000000000000000E+000 0.0000000000000000E+000 0.0000000000000000E+000 0.0000000000000000E+000 0.0000000000000000E+000 -4.4113611914054838E+000 8.5000496626816990E-001 1.9674729959176990E+001 0.0000000000000000E+000 3.4198434596040977E+004 5.7759573343465338E+006 5.5807594329080057E+009 -5.8046707997200357E+000 -1.7260817624082634E+001 -9.8999999999999986E+001 -5.8046707997185161E+000 -9.8999999999999986E+001 -9.8999999999999986E+001 -7.2024698709794048E+000 0.0000000000000000E+000 0.0000000000000000E+000 0.0000000000000000E+000 0.0000000000000000E+000 0.0000000000000000E+000 0.0000000000000000E+000 0.0000000000000000E+000 0.0000000000000000E+000 0.0000000000000000E+000 0.0000000000000000E+000 0.0000000000000000E+000 0.0000000000000000E+000 -9.8999999999999986E+001 0.0000000000000000E+000 0.0000000000000000E+000 -1.7819145814765605E-013
183 1.2159128828141396E+006 9.9999851023357000E-001 2.3072444611595630E-001 3.4552186603504953E-001 3.6465495967377777E+000 6.5466561178889577E+000 -9.3731046658755021E-002 1.4577727549963194E+001 6.9999999998219431E-001 2.9797653056852627E-005 2.7997020236474884E-001 4.1193902129486445E-003 1.2067031330276047E-003 1.1203876416666529E-002 2.5129237964844936E-003 9.5710644087274607E-004 0.0000000000000000E+000 0.0000000000000000E+000 0.0000000000000000E+000 0.0000000000000000E+000 0.0000000000000000E+000 0.0000000000000000E+000 0.0000000000000000E+000 0.0000000000000000E+000 0.0000000000000000E+000 0.0000000000000000E+000 -4.3761593303313067E+000 8.5000496626660638E-001 1.9617314634358063E+001 0.0000000000000000E+000 3.3023012889858117E+004 6.2277609332708055E+006 5.8786134895644035E+009 -5.7034532768778607E+000 -1.6932287298674872E+001 -9.8999999999999986E+001 -5.7034532768752966E+000 -9.8999999999999986E+001 -9.8999999999999986E+001 -7.1012481833049668E+000 0.0000000000000000E+000 0.0000000000000000E+000 0.0000000000000000E+000 0.0000000000000000E+000 0.0000000000000000E+000 0.0000000000000000E+000 0.0000000000000000E+000 0.0000000000000000E+000 0.0000000000000000E+000 0.0000000000000000E+000 0.0000000000000000E+000 0.0000000000000000E+000 -9.8999999999999986E+001 0.0000000000000000E+000 0.0000000000000000E+000 -1.6256045742608685E-013
184 1.3159652889741329E+006 9.9999849514894601E-001 2.0585857512792100E-001 3.3433737244310541E-001 3.6459253757867409E+000 6.5576733114979708E+000 -6.0651572637874719E-002 1.4621846039419818E+001 6.9999999997492457E-001 2.9797660326636052E-005 2.7997020236474884E-001 4.1193902129486445E-003 1.2067031330276047E-003 1.1203876416666529E-002 2.5129237964844936E-003 9.5710644087274607E-004 0.0000000000000000E+000 0.0000000000000000E+000 0.0000000000000000E+000 0.0000000000000000E+000 0.0000000000000000E+000 0.0000000000000000E+000 0.0000000000000000E+000 0.0000000000000000E+000 0.0000000000000000E+000 0.0000000000000000E+000 -4.3389095619966218E+000 8.5000496626418331E-001 1.9557119594040810E+001 0.0000000000000000E+000 3.1771663700487818E+004 6.7667835413414603E+006 6.2250202900255432E+009 -5.5922854989189927E+000 -1.6571965711318459E+001 -9.8999999999999986E+001 -5.5922854989144417E+000 -9.8999999999999986E+001 -9.8999999999999986E+001 -6.9900755092377640E+000 0.0000000000000000E+000 0.0000000000000000E+000 0.0000000000000000E+000 0.0000000000000000E+000 0.0000000000000000E+000 0.0000000000000000E+000 0.0000000000000000E+000 0.0000000000000000E+000 0.0000000000000000E+000 0.0000000000000000E+000 0.0000000000000000E+000 0.0000000000000000E+000 -9.8999999999999986E+001 0.0000000000000000E+000 0.0000000000000000E+000 -1.5076722817064563E-013
185 1.4360281763661243E+006 9.9999847848931500E-001 1.7870192160393167E-001 3.2208034983532713E-001 3.6452647237096327E+000 6.5697487672452448E+000 -2.4392883981611217E-002 1.4670208660186633E+001 6.9999999996339624E-001 2.9797671854968272E-005 2.7997020236474884E-001 4.1193902129486445E-003 1.2067031330276047E-003 1.1203876416666529E-002 2.5129237964844936E-003 9.5710644087274607E-004 0.0000000000000000E+000 0.0000000000000000E+000 0.0000000000000000E+000 0.0000000000000000E+000 0.0000000000000000E+000 0.0000000000000000E+000 0.0000000000000000E+000 0.0000000000000000E+000 0.0000000000000000E+000 0.0000000000000000E+000 -4.2985687305196905E+000 8.5000496626034039E-001 1.9491569900030800E+001 0.0000000000000000E+000 3.0454707075114311E+004 7.4096201719768746E+006 6.6267016432816229E+009 -5.4712218227719394E+000 -1.6180198355127608E+001 -9.8999999999999986E+001 -5.4712218227634510E+000 -9.8999999999999986E+001 -2.1072099696478681E+001 -6.8690060863060820E+000 0.0000000000000000E+000 0.0000000000000000E+000 0.0000000000000000E+000 0.0000000000000000E+000 0.0000000000000000E+000 0.0000000000000000E+000 0.0000000000000000E+000 0.0000000000000000E+000 0.0000000000000000E+000 0.0000000000000000E+000 0.0000000000000000E+000 0.0000000000000000E+000 -9.8999999999999986E+001 0.0000000000000000E+000 0.0000000000000000E+000 -1.3875754022847373E-013
186 1.5428412871071037E+006 9.9999846495402744E-001 1.5558151466266043E-001 3.1197926738045761E-001 3.6445351632017498E+000 6.5797005559006321E+000 5.4974083911572460E-003 1.4710072221482516E+001 6.9999999995050943E-001 2.9797684741733586E-005 2.7997020236474884E-001 4.1193902129486445E-003 1.2067031330276047E-003 1.1203876416666529E-002 2.5129237964844936E-003 9.5710644087274607E-004 0.0000000000000000E+000 0.0000000000000000E+000 0.0000000000000000E+000 0.0000000000000000E+000 0.0000000000000000E+000 0.0000000000000000E+000 0.0000000000000000E+000 0.0000000000000000E+000 0.0000000000000000E+000 0.0000000000000000E+000 -4.2638549576144111E+000 8.5000496625604482E-001 1.9435165265826665E+001 0.0000000000000000E+000 2.9410526953481003E+004 7.9986634448759621E+006 6.9890447090851011E+009 -5.3720604327160650E+000 -1.5859802167442336E+001 -8.6825102358834457E+001 -5.3720604327019386E+000 -8.6825102358834457E+001 -9.8999999999999986E+001 -6.7698396406066914E+000 0.0000000000000000E+000 0.0000000000000000E+000 0.0000000000000000E+000 0.0000000000000000E+000 0.0000000000000000E+000 0.0000000000000000E+000 0.0000000000000000E+000 0.0000000000000000E+000 0.0000000000000000E+000 0.0000000000000000E+000 0.0000000000000000E+000 0.0000000000000000E+000 -9.8999999999999986E+001 0.0000000000000000E+000 0.0000000000000000E+000 -1.2671934620396322E-013
187 1.6710170199962789E+006 9.9999844990781295E-001 1.2981266606280517E-001 3.0084504806747625E-001 3.6436600607082763E+000 6.5906517546079577E+000 3.8482156570115396E-002 1.4754025868728405E+001 6.9999999993064799E-001 2.9797704603145709E-005 2.7997020236474884E-001 4.1193902129486445E-003 1.2067031330276047E-003 1.1203876416666529E-002 2.5129237964844936E-003 9.5710644087274597E-004 0.0000000000000000E+000 0.0000000000000000E+000 0.0000000000000000E+000 0.0000000000000000E+000 0.0000000000000000E+000 0.0000000000000000E+000 0.0000000000000000E+000 0.0000000000000000E+000 0.0000000000000000E+000 0.0000000000000000E+000 -4.2254325217830973E+000 8.5000496624942423E-001 1.9373463210088680E+001 0.0000000000000000E+000 2.8300980375800958E+004 8.7080412666893695E+006 7.4162892658245649E+009 -5.2633756269020884E+000 -1.5509133338199250E+001 -8.5663125049466259E+001 -5.2633756268774263E+000 -8.5663125049466259E+001 -9.8999999999999986E+001 -6.6611489038506644E+000 0.0000000000000000E+000 0.0000000000000000E+000 0.0000000000000000E+000 0.0000000000000000E+000 0.0000000000000000E+000 0.0000000000000000E+000 0.0000000000000000E+000 0.0000000000000000E+000 0.0000000000000000E+000 0.0000000000000000E+000 0.0000000000000000E+000 0.0000000000000000E+000 -9.8999999999999986E+001 0.0000000000000000E+000 0.0000000000000000E+000 -1.1738738822737077E-013
188 1.8248278994632892E+006 9.9999843332319638E-001 1.0133133481990947E-001 2.8867919559555372E-001 3.6426226541335134E+000 6.6021351829420007E+000 7.5084682944936740E-002 1.4802133267261997E+001 6.9999999952921121E-001 2.9798106039879089E-005 2.7997020236474884E-001 4.1193902129486436E-003 1.2067031330276054E-003 1.1203876416666529E-002 2.5129237964844936E-003 9.5710644087274597E-004 0.0000000000000000E+000 0.0000000000000000E+000 0.0000000000000000E+000 0.0000000000000000E+000 0.0000000000000000E+000 0.0000000000000000E+000 0.0000000000000000E+000 0.0000000000000000E+000 0.0000000000000000E+000 0.0000000000000000E+000 -4.1819498618843980E+000 8.5000496611561205E-001 1.9304925531101976E+001 0.0000000000000000E+000 2.7136429543711234E+004 9.5624163215396367E+006 7.9189570005662241E+009 -5.1453782150749330E+000 -1.5130678038860573E+001 -8.4651923793636641E+001 -5.1453782150300089E+000 -8.4651923793636641E+001 -2.1072099696478681E+001 -6.5431445473066212E+000 0.0000000000000000E+000 0.0000000000000000E+000 0.0000000000000000E+000 0.0000000000000000E+000 0.0000000000000000E+000 0.0000000000000000E+000 0.0000000000000000E+000 0.0000000000000000E+000 0.0000000000000000E+000 0.0000000000000000E+000 0.0000000000000000E+000 0.0000000000000000E+000 -9.8999999999999986E+001 0.0000000000000000E+000 0.0000000000000000E+000 -1.0782472983538757E-013
189 1.9636028535867126E+006 9.9999841969675984E-001 7.7415327906249401E-002 2.7853751600600690E-001 3.6417144921998719E+000 6.6114092420899420E+000 1.0604666865612661E-001 1.4842384026122357E+001 6.9999999908303845E-001 2.9798552212621833E-005 2.7997020236474884E-001 4.1193902129486428E-003 1.2067031330276065E-003 1.1203876416666529E-002 2.5129237964844936E-003 9.5710644087274607E-004 0.0000000000000000E+000 0.0000000000000000E+000 0.0000000000000000E+000 0.0000000000000000E+000 0.0000000000000000E+000 0.0000000000000000E+000 0.0000000000000000E+000 0.0000000000000000E+000 0.0000000000000000E+000 0.0000000000000000E+000 -4.1436234588262764E+000 8.5000496596688790E-001 1.9244821615183451E+001 0.0000000000000000E+000 2.6202346694013300E+004 1.0342495067285471E+007 8.3672739013232212E+009 -5.0476710113466403E+000 -1.4821305586766771E+001 -8.3853226485756409E+001 -5.0476710112735006E+000 -8.3853226485756409E+001 -9.8999999999999986E+001 -6.4454311450640995E+000 0.0000000000000000E+000 0.0000000000000000E+000 0.0000000000000000E+000 0.0000000000000000E+000 0.0000000000000000E+000 0.0000000000000000E+000 0.0000000000000000E+000 0.0000000000000000E+000 0.0000000000000000E+000 0.0000000000000000E+000 0.0000000000000000E+000 0.0000000000000000E+000 -9.8999999999999986E+001 0.0000000000000000E+000 0.0000000000000000E+000 -9.8190891280185300E-014
190 2.1301327985348208E+006 9.9999840457835887E-001 5.0988568134770887E-002 2.6739206894629053E-001 3.6406805257868609E+000 6.6212760070724110E+000 1.4068248171484121E-001 1.4886891630672556E+001 6.9999999841278271E-001 2.9799222468377410E-005 2.7997020236474884E-001 4.1193902129486402E-003 1.2067031330276093E-003 1.1203876416666529E-002 2.5129237964844936E-003 9.5710644087274607E-004 0.0000000000000000E+000 0.0000000000000000E+000 0.0000000000000000E+000 0.0000000000000000E+000 0.0000000000000000E+000 0.0000000000000000E+000 0.0000000000000000E+000 0.0000000000000000E+000 0.0000000000000000E+000 0.0000000000000000E+000 -4.0977311128464455E+000 8.5000496574346929E-001 1.9171274944272803E+001 0.0000000000000000E+000 2.5212854720360327E+004 1.1277102195911132E+007 8.8922310577890320E+009 -4.9410215716744545E+000 -1.4489547866139517E+001 -8.3007424662748676E+001 -4.9410215715516381E+000 -8.3007424662748676E+001 -2.0470039705150718E+001 -6.3387744084178808E+000 0.0000000000000000E+000 0.0000000000000000E+000 0.0000000000000000E+000 0.0000000000000000E+000 0.0000000000000000E+000 0.0000000000000000E+000 0.0000000000000000E+000 0.0000000000000000E+000 0.0000000000000000E+000 0.0000000000000000E+000 0.0000000000000000E+000 0.0000000000000000E+000 -9.8999999999999986E+001 0.0000000000000000E+000 0.0000000000000000E+000 -9.0784879519033776E-014
191 2.3299687324725506E+006 9.9999838793983076E-001 2.2079203075220596E-002 2.5525593208977648E-001 3.6395212529502299E+000 6.6316821610900876E+000 1.7918692941868281E-001 1.4935802999494895E+001 6.9999999739008700E-001 2.9800245164050325E-005 2.7997020236474884E-001 4.1193902129486341E-003 1.2067031330276166E-003 1.1203876416666529E-002 2.5129237964844936E-003 9.5710644087274607E-004 0.0000000000000000E+000 0.0000000000000000E+000 0.0000000000000000E+000 0.0000000000000000E+000 0.0000000000000000E+000 0.0000000000000000E+000 0.0000000000000000E+000 0.0000000000000000E+000 0.0000000000000000E+000 0.0000000000000000E+000 -4.0461098157702269E+000 8.5000496540257064E-001 1.9085484286845301E+001 0.0000000000000000E+000 2.4177857839298056E+004 1.2394899323541081E+007 9.5042991378432770E+009 -4.8257636135688813E+000 -1.4138408986811251E+001 -8.2118463184750865E+001 -4.8257636133574646E+000 -8.2118463184750865E+001 -1.9992918450431056E+001 -6.2235078490315079E+000 0.0000000000000000E+000 0.0000000000000000E+000 0.0000000000000000E+000 0.0000000000000000E+000 0.0000000000000000E+000 0.0000000000000000E+000 0.0000000000000000E+000 0.0000000000000000E+000 0.0000000000000000E+000 0.0000000000000000E+000 0.0000000000000000E+000 0.0000000000000000E+000 -9.8999999999999986E+001 0.0000000000000000E+000 0.0000000000000000E+000 -8.3260942226348375E-014
192 2.5697718531978265E+006 9.9999836977419276E-001 -9.2424838879855004E-003 2.4216774614013245E-001 3.6382349241842502E+000 6.6425803820701264E+000 2.2173556774145617E-001 1.4989242582052643E+001 6.9999999580584749E-001 2.9801829403504364E-005 2.7997020236474884E-001 4.1193902129486176E-003 1.2067031330276357E-003 1.1203876416666529E-002 2.5129237964844936E-003 9.5710644087274618E-004 0.0000000000000000E+000 0.0000000000000000E+000 0.0000000000000000E+000 0.0000000000000000E+000 0.0000000000000000E+000 0.0000000000000000E+000 0.0000000000000000E+000 0.0000000000000000E+000 0.0000000000000000E+000 0.0000000000000000E+000 -3.9885867130465318E+000 8.5000496487449051E-001 1.8986994313905377E+001 0.0000000000000000E+000 2.3109233708484702E+004 1.3729441177710317E+007 1.0215080087140127E+010 -4.7024171017823129E+000 -1.3770742110392369E+001 -8.1190752125569560E+001 -4.7024171014112399E+000 -8.1190752125569560E+001 -9.8999999999999986E+001 -6.1001511743705965E+000 0.0000000000000000E+000 0.0000000000000000E+000 0.0000000000000000E+000 0.0000000000000000E+000 0.0000000000000000E+000 0.0000000000000000E+000 0.0000000000000000E+000 0.0000000000000000E+000 0.0000000000000000E+000 0.0000000000000000E+000 0.0000000000000000E+000 0.0000000000000000E+000 -9.8999999999999986E+001 0.0000000000000000E+000 0.0000000000000000E+000 -7.5752300545794201E-014
193 2.7917953481519269E+006 9.9999835459023811E-001 -3.5320255634007765E-002 2.3110581323121346E-001 3.6372464477022044E+000 6.6516110534487760E+000 2.5850374783465296E-001 1.5035041593470298E+001 6.9999999398902679E-001 2.9803646224318851E-005 2.7997020236474895E-001 4.1193902129485890E-003 1.2067031330276700E-003 1.1203876416666531E-002 2.5129237964844941E-003 9.5710644087274629E-004 0.0000000000000000E+000 0.0000000000000000E+000 0.0000000000000000E+000 0.0000000000000000E+000 0.0000000000000000E+000 0.0000000000000000E+000 0.0000000000000000E+000 0.0000000000000000E+000 0.0000000000000000E+000 0.0000000000000000E+000 -3.9354569805678303E+000 8.5000496426888417E-001 1.8897111103142493E+001 0.0000000000000000E+000 2.2242963472457497E+004 1.4955211255464870E+007 1.0847247288694637E+010 -4.5988098859616136E+000 -1.3467025928707104E+001 -8.0425024409261297E+001 -4.5988098853733552E+000 -8.0425024409261297E+001 -2.0169009709486737E+001 -5.9965345524472111E+000 0.0000000000000000E+000 0.0000000000000000E+000 0.0000000000000000E+000 0.0000000000000000E+000 0.0000000000000000E+000 0.0000000000000000E+000 0.0000000000000000E+000 0.0000000000000000E+000 0.0000000000000000E+000 0.0000000000000000E+000 0.0000000000000000E+000 0.0000000000000000E+000 -9.8999999999999986E+001 0.0000000000000000E+000 0.0000000000000000E+000 -6.8388954042761964E-014
194 3.0582235420968477E+006 9.9999833786291503E-001 -6.4308517045100266E-002 2.1912162093418552E-001 3.6359914784979450E+000 6.6612230406014046E+000 2.9940777783478212E-001 1.5085552186216114E+001 6.9999999124272549E-001 2.9806392525514482E-005 2.7997020236474901E-001 4.1193902129485187E-003 1.2067031330277517E-003 1.1203876416666531E-002 2.5129237964844941E-003 9.5710644087274629E-004 0.0000000000000000E+000 0.0000000000000000E+000 0.0000000000000000E+000 0.0000000000000000E+000 0.0000000000000000E+000 0.0000000000000000E+000 0.0000000000000000E+000 0.0000000000000000E+000 0.0000000000000000E+000 0.0000000000000000E+000 -3.8750257425681975E+000 8.5000496335345033E-001 1.8797936374334181E+001 0.0000000000000000E+000 2.1341078526404170E+004 1.6434821494170174E+007 1.1595989012757771E+010 -4.4870823642635838E+000 -1.3144948477805753E+001 -7.9612994279037210E+001 -4.4870823633087706E+000 -7.9612994279037210E+001 -9.8999999999999986E+001 -5.8847958328896466E+000 0.0000000000000000E+000 0.0000000000000000E+000 0.0000000000000000E+000 0.0000000000000000E+000 0.0000000000000000E+000 0.0000000000000000E+000 0.0000000000000000E+000 0.0000000000000000E+000 0.0000000000000000E+000 0.0000000000000000E+000 0.0000000000000000E+000 0.0000000000000000E+000 -9.8999999999999986E+001 0.0000000000000000E+000 0.0000000000000000E+000 -6.2783607094500373E-014
195 3.3779373748307526E+006 9.9999831959726027E-001 -9.5181575824721865E-002 2.0625895544207087E-001 3.6347045465490977E+000 6.6714101375519288E+000 3.4466989880450744E-001 1.5140991083153041E+001 6.9999998701995814E-001 2.9810615292676236E-005 2.7997020236474918E-001 4.1193902129483435E-003 1.2067031330279560E-003 1.1203876416666531E-002 2.5129237964844941E-003 9.5710644087274629E-004 0.0000000000000000E+000 0.0000000000000000E+000 0.0000000000000000E+000 0.0000000000000000E+000 0.0000000000000000E+000 0.0000000000000000E+000 0.0000000000000000E+000 0.0000000000000000E+000 0.0000000000000000E+000 0.0000000000000000E+000 -3.8088193274415305E+000 8.5000496194586128E-001 1.8690588919424755E+001 0.0000000000000000E+000 2.0413730152219861E+004 1.8176099848391112E+007 1.2450329522256525E+010 -4.3674714712311031E+000 -1.2805265613583313E+001 -7.8755868588645612E+001 -4.3674714696462456E+000 -7.8755868588645612E+001 -1.9566949718158774E+001 -5.7651715535848771E+000 0.0000000000000000E+000 0.0000000000000000E+000 0.0000000000000000E+000 0.0000000000000000E+000 0.0000000000000000E+000 0.0000000000000000E+000 0.0000000000000000E+000 0.0000000000000000E+000 0.0000000000000000E+000 0.0000000000000000E+000 0.0000000000000000E+000 0.0000000000000000E+000 -9.8999999999999986E+001 0.0000000000000000E+000 0.0000000000000000E+000 -5.7131261943149665E-014
196 3.7615939741114387E+006 9.9999829977830412E-001 -1.2787816573158758E-001 1.9259319659433555E-001 3.6333632784962484E+000 6.6821673202625345E+000 3.9448667556587308E-001 1.5201555787878741E+001 6.9999998041388500E-001 2.9817221365350481E-005 2.7997020236474957E-001 4.1193902129478873E-003 1.2067031330284879E-003 1.1203876416666531E-002 2.5129237964844941E-003 9.5710644087274629E-004 0.0000000000000000E+000 0.0000000000000000E+000 0.0000000000000000E+000 0.0000000000000000E+000 0.0000000000000000E+000 0.0000000000000000E+000 0.0000000000000000E+000 0.0000000000000000E+000 0.0000000000000000E+000 0.0000000000000000E+000 -3.7317694602766234E+000 8.5000495974383661E-001 1.8563758295036578E+001 0.0000000000000000E+000 1.9472590709346205E+004 2.0223812553898867E+007 1.3423860406953096E+010 -4.2403161841107639E+000 -1.2448781163083794E+001 -7.7854968363265698E+001 -4.2403161814234442E+000 -7.7854968363265698E+001 -1.9470039705150718E+001 -5.6380001862718112E+000 0.0000000000000000E+000 0.0000000000000000E+000 0.0000000000000000E+000 0.0000000000000000E+000 0.0000000000000000E+000 0.0000000000000000E+000 0.0000000000000000E+000 0.0000000000000000E+000 0.0000000000000000E+000 0.0000000000000000E+000 0.0000000000000000E+000 0.0000000000000000E+000 -9.8999999999999986E+001 0.0000000000000000E+000 0.0000000000000000E+000 -5.1658060995138723E-014
197 4.1198641875450588E+006 9.9999828314469597E-001 -1.5528767746175251E-001 1.8111732758192556E-001 3.6322488350699125E+000 6.6912242063368534E+000 4.3775229549538724E-001 1.5253871286818596E+001 6.9999997268601877E-001 2.9824949230790729E-005 2.7997020236475018E-001 4.1193902129470703E-003 1.2067031330294407E-003 1.1203876416666531E-002 2.5129237964844941E-003 9.5710644087274629E-004 0.0000000000000000E+000 0.0000000000000000E+000 0.0000000000000000E+000 0.0000000000000000E+000 0.0000000000000000E+000 0.0000000000000000E+000 0.0000000000000000E+000 0.0000000000000000E+000 0.0000000000000000E+000 0.0000000000000000E+000 -3.6661828123393030E+000 8.5000495716788105E-001 1.8452843016525954E+001 0.0000000000000000E+000 1.8715866369529547E+004 2.2118129557370052E+007 1.4298383192131083E+010 -4.1331176870154271E+000 -1.2150685832492547E+001 -7.7100272017847303E+001 -4.1331176828446585E+000 -7.7100272017847303E+001 -1.9390858459103093E+001 -5.5307864501601891E+000 0.0000000000000000E+000 0.0000000000000000E+000 0.0000000000000000E+000 0.0000000000000000E+000 0.0000000000000000E+000 0.0000000000000000E+000 0.0000000000000000E+000 0.0000000000000000E+000 0.0000000000000000E+000 0.0000000000000000E+000 0.0000000000000000E+000 0.0000000000000000E+000 -9.8999999999999986E+001 0.0000000000000000E+000 0.0000000000000000E+000 -4.6427549380743397E-014
198 4.5497884436654029E+006 9.9999826489387800E-001 -1.8398467023455342E-001 1.6884866115630134E-001 3.6312089200895241E+000 6.7010059875574592E+000 4.8581857572919701E-001 1.5311705699157413E+001 6.9999996083339411E-001 2.9836801853697143E-005 2.7997020236475156E-001 4.1193902129450909E-003 1.2067031330317498E-003 1.1203876416666531E-002 2.5129237964844941E-003 9.5710644087274629E-004 0.0000000000000000E+000 0.0000000000000000E+000 0.0000000000000000E+000 0.0000000000000000E+000 0.0000000000000000E+000 0.0000000000000000E+000 0.0000000000000000E+000 0.0000000000000000E+000 0.0000000000000000E+000 0.0000000000000000E+000 -3.5933441890301099E+000 8.5000495321700587E-001 1.8329370371945409E+001 0.0000000000000000E+000 1.7939359785459077E+004 2.4306030636134233E+007 1.5275094886307543E+010 -4.0175002403318851E+000 -1.1831224215755487E+001 -7.6289490492560574E+001 -4.0175002336628918E+000 -7.6289490492560574E+001 -1.9169009709486737E+001 -5.4151505240299969E+000 0.0000000000000000E+000 0.0000000000000000E+000 0.0000000000000000E+000 0.0000000000000000E+000 0.0000000000000000E+000 0.0000000000000000E+000 0.0000000000000000E+000 0.0000000000000000E+000 0.0000000000000000E+000 0.0000000000000000E+000 0.0000000000000000E+000 0.0000000000000000E+000 -9.8999999999999986E+001 0.0000000000000000E+000 0.0000000000000000E+000 -4.2451240642188384E-014
199 5.0656975510098152E+006 9.9999824496430789E-001 -2.1389057183897645E-001 1.5587327192046704E-001 3.6302201393063354E+000 6.7115561635298748E+000 5.3896481264664964E-001 1.5375397890466049E+001 6.9999994226684892E-001 2.9855368394832487E-005 2.7997020236475495E-001 4.1193902129400316E-003 1.2067031330376535E-003 1.1203876416666533E-002 2.5129237964844945E-003 9.5710644087274640E-004 0.0000000000000000E+000 0.0000000000000000E+000 0.0000000000000000E+000 0.0000000000000000E+000 0.0000000000000000E+000 0.0000000000000000E+000 0.0000000000000000E+000 0.0000000000000000E+000 0.0000000000000000E+000 0.0000000000000000E+000 -3.5084836205747671E+000 8.5000494702815665E-001 1.8188262273768110E+001 0.0000000000000000E+000 1.7153149014871389E+004 2.6828433459293138E+007 1.6364012766184204E+010 -3.8933819386252959E+000 -1.1489757500966684E+001 -7.5420392240462093E+001 -3.8933819276248895E+000 -7.5420392240462093E+001 -9.8999999999999986E+001 -5.2910096654311305E+000 0.0000000000000000E+000 0.0000000000000000E+000 0.0000000000000000E+000 0.0000000000000000E+000 0.0000000000000000E+000 0.0000000000000000E+000 0.0000000000000000E+000 0.0000000000000000E+000 0.0000000000000000E+000 0.0000000000000000E+000 0.0000000000000000E+000 0.0000000000000000E+000 -9.8999999999999986E+001 0.0000000000000000E+000 0.0000000000000000E+000 -3.8630002459663754E-014
200 5.6847884798231106E+006 9.9999822329735233E-001 -2.4417367141243157E-001 1.4229389416060725E-001 3.6294390532929017E+000 6.7229620395434431E+000 5.9753739498091896E-001 1.5445378539394808E+001 6.9999991251241978E-001 2.9885122813255414E-005 2.7997020236476339E-001 4.1193902129263169E-003 1.2067031330536535E-003 1.1203876416666533E-002 2.5129237964844945E-003 9.5710644087274640E-004 0.0000000000000000E+000 0.0000000000000000E+000 0.0000000000000000E+000 0.0000000000000000E+000 0.0000000000000000E+000 0.0000000000000000E+000 0.0000000000000000E+000 0.0000000000000000E+000 0.0000000000000000E+000 0.0000000000000000E+000 -3.4168211827280208E+000 8.5000493711001202E-001 1.8034810987053568E+001 0.0000000000000000E+000 1.6367215422085119E+004 2.9679581511895765E+007 1.7545788896211590E+010 -3.7604361457077484E+000 -1.1124594400244767E+001 -7.4487931404199898E+001 -3.7604361269307551E+000 -7.4487931404199898E+001 -9.8999999999999986E+001 -5.1580360962953842E+000 0.0000000000000000E+000 0.0000000000000000E+000 0.0000000000000000E+000 0.0000000000000000E+000 0.0000000000000000E+000 0.0000000000000000E+000 0.0000000000000000E+000 0.0000000000000000E+000 0.0000000000000000E+000 0.0000000000000000E+000 0.0000000000000000E+000 0.0000000000000000E+000 -9.8999999999999986E+001 0.0000000000000000E+000 0.0000000000000000E+000 -3.4998018276782513E-014
201 6.2447461683883369E+006 9.9999820558255437E-001 -2.6760247317982166E-001 1.3136345954989040E-001 3.6290470701564121E+000 6.7325162343259803E+000 6.4705094805463803E-001 1.5504455981921206E+001 6.9999987822260390E-001 2.9919412610915354E-005 2.7997020236477754E-001 4.1193902129018547E-003 1.2067031330821928E-003 1.1203876416666533E-002 2.5129237964844945E-003 9.5710644087274651E-004 0.0000000000000000E+000 0.0000000000000000E+000 0.0000000000000000E+000 0.0000000000000000E+000 0.0000000000000000E+000 0.0000000000000000E+000 0.0000000000000000E+000 0.0000000000000000E+000 0.0000000000000000E+000 0.0000000000000000E+000 -3.3375597693720831E+000 8.5000492568007036E-001 1.7900610902625168E+001 0.0000000000000000E+000 1.5760832388751451E+004 3.2123066295177903E+007 1.8518324663039181E+010 -3.6504500629079235E+000 -1.0822069381627403E+001 -7.3713099070714890E+001 -3.6504500336552894E+000 -7.3713099070714890E+001 -9.8999999999999986E+001 -5.0480238520450191E+000 0.0000000000000000E+000 0.0000000000000000E+000 0.0000000000000000E+000 0.0000000000000000E+000 0.0000000000000000E+000 0.0000000000000000E+000 0.0000000000000000E+000 0.0000000000000000E+000 0.0000000000000000E+000 0.0000000000000000E+000 0.0000000000000000E+000 0.0000000000000000E+000 -9.8999999999999986E+001 0.0000000000000000E+000 0.0000000000000000E+000 -3.1635957664207649E-014
202 6.9166953946666094E+006 9.9999818594179779E-001 -2.9107298747380583E-001 1.1980457538946238E-001 3.6289588836631306E+000 6.7431545257103851E+000 7.0239900422288615E-001 1.5570457241353598E+001 6.9999982437072872E-001 2.9973264441809246E-005 2.7997020236481129E-001 4.1193902128395937E-003 1.2067031331548291E-003 1.1203876416666531E-002 2.5129237964844941E-003 9.5710644087274618E-004 0.0000000000000000E+000 0.0000000000000000E+000 0.0000000000000000E+000 0.0000000000000000E+000 0.0000000000000000E+000 0.0000000000000000E+000 0.0000000000000000E+000 0.0000000000000000E+000 0.0000000000000000E+000 0.0000000000000000E+000 -3.2514822011158686E+000 8.5000490772943771E-001 1.7759323512541652E+001 0.0000000000000000E+000 1.5144007934766538E+004 3.4821411817135021E+007 1.9546643835280827E+010 -3.5298476142650679E+000 -1.0489251849266864E+001 -7.2857707153560199E+001 -3.5298475665802584E+000 -7.2857707153560199E+001 -1.8663859731166831E+001 -4.9273888449445797E+000 0.0000000000000000E+000 0.0000000000000000E+000 0.0000000000000000E+000 0.0000000000000000E+000 0.0000000000000000E+000 0.0000000000000000E+000 0.0000000000000000E+000 0.0000000000000000E+000 0.0000000000000000E+000 0.0000000000000000E+000 0.0000000000000000E+000 0.0000000000000000E+000 -9.8999999999999986E+001 0.0000000000000000E+000 0.0000000000000000E+000 -2.9229524944494045E-014
203 7.7230344662005352E+006 9.9999816419926812E-001 -3.1377783131871895E-001 1.0772754467709429E-001 3.6293211880580865E+000 6.7550522035542739E+000 7.6412768202072356E-001 1.5644120859609975E+001 6.9999973722258568E-001 3.0060412468995848E-005 2.7997020236489850E-001 4.1193902126674849E-003 1.2067031333556231E-003 1.1203876416666531E-002 2.5129237964844941E-003 9.5710644087274618E-004 0.0000000000000000E+000 0.0000000000000000E+000 0.0000000000000000E+000 0.0000000000000000E+000 0.0000000000000000E+000 0.0000000000000000E+000 0.0000000000000000E+000 0.0000000000000000E+000 0.0000000000000000E+000 0.0000000000000000E+000 -3.1540119699696896E+000 8.5000487868003771E-001 1.7599309142789046E+001 0.0000000000000000E+000 1.4525305894866349E+004 3.7724911625387155E+007 2.0595722613173138E+010 -3.3975170067496290E+000 -1.0122061737510732E+001 -7.1910620632252659E+001 -3.3975169248579946E+000 -7.1910620632252659E+001 -9.8999999999999986E+001 -4.7950172426085498E+000 0.0000000000000000E+000 0.0000000000000000E+000 0.0000000000000000E+000 0.0000000000000000E+000 0.0000000000000000E+000 0.0000000000000000E+000 0.0000000000000000E+000 0.0000000000000000E+000 0.0000000000000000E+000 0.0000000000000000E+000 0.0000000000000000E+000 0.0000000000000000E+000 -9.8999999999999986E+001 0.0000000000000000E+000 0.0000000000000000E+000 -2.6964499718099745E-014
204 8.4355856426903866E+006 9.9999814646445717E-001 -3.3012814133558777E-001 9.8258295117765418E-002 3.6299682353335334E+000 6.7650717050348383E+000 8.1569197792608550E-001 1.5705749024295541E+001 6.9999963837030821E-001 3.0159264549316204E-005 2.7997020236504472E-001 4.1193902123621709E-003 1.2067031337118232E-003 1.1203876416666531E-002 2.5129237964844941E-003 9.5710644087274618E-004 0.0000000000000000E+000 0.0000000000000000E+000 0.0000000000000000E+000 0.0000000000000000E+000 0.0000000000000000E+000 0.0000000000000000E+000 0.0000000000000000E+000 0.0000000000000000E+000 0.0000000000000000E+000 0.0000000000000000E+000 -3.0731798608658831E+000 8.5000484572924551E-001 1.7460873636747248E+001 0.0000000000000000E+000 1.4057931301557761E+004 4.0035732168535300E+007 2.1385890378627785E+010 -3.2881742732758337E+000 -9.8168366506295541E+000 -7.1121063660701793E+001 -3.2881741447110953E+000 -7.1121063660701793E+001 -1.8663859731166831E+001 -4.6856360098129093E+000 0.0000000000000000E+000 0.0000000000000000E+000 0.0000000000000000E+000 0.0000000000000000E+000 0.0000000000000000E+000 0.0000000000000000E+000 0.0000000000000000E+000 0.0000000000000000E+000 0.0000000000000000E+000 0.0000000000000000E+000 0.0000000000000000E+000 0.0000000000000000E+000 -9.8999999999999986E+001 0.0000000000000000E+000 0.0000000000000000E+000 -2.4889175037327262E-014
205 9.1274493803358823E+006 9.9999813023845541E-001 -3.4272629420077538E-001 9.0019600609522812E-002 3.6309380443713577E+000 6.7744555509984323E+000 8.6341939034560922E-001 1.5762905523412796E+001 6.9999951738215205E-001 3.0280252353069354E-005 2.7997020236530273E-001 4.1193902117958696E-003 1.2067031343725092E-003 1.1203876416666531E-002 2.5129237964844941E-003 9.5710644087274618E-004 0.0000000000000000E+000 0.0000000000000000E+000 0.0000000000000000E+000 0.0000000000000000E+000 0.0000000000000000E+000 0.0000000000000000E+000 0.0000000000000000E+000 0.0000000000000000E+000 0.0000000000000000E+000 0.0000000000000000E+000 -2.9993195216120134E+000 8.5000480539980128E-001 1.7333090322679272E+001 0.0000000000000000E+000 1.3663544590317535E+004 4.2003415704053618E+007 2.2015344317883293E+010 -3.1876428667470362E+000 -9.5344181452887362E+000 -7.0388591547456826E+001 -3.1876426713090700E+000 -7.0388591547456826E+001 -9.8999999999999986E+001 -4.5850650717791215E+000 0.0000000000000000E+000 0.0000000000000000E+000 0.0000000000000000E+000 0.0000000000000000E+000 0.0000000000000000E+000 0.0000000000000000E+000 0.0000000000000000E+000 0.0000000000000000E+000 0.0000000000000000E+000 0.0000000000000000E+000 0.0000000000000000E+000 0.0000000000000000E+000 -9.8999999999999986E+001 0.0000000000000000E+000 0.0000000000000000E+000 -2.3452597497340251E-014
206 9.9576858655104768E+006 9.9999811167939756E-001 -3.5392586850435870E-001 8.1251122603395121E-002 3.6325223897985257E+000 6.7853495089664335E+000 9.1789675075351052E-001 1.5828349689246711E+001 6.9999932806057119E-001 3.0469573078387543E-005 2.7997020236591985E-001 4.1193902103654695E-003 1.2067031360413110E-003 1.1203876416666529E-002 2.5129237964844941E-003 9.5710644087274618E-004 0.0000000000000000E+000 0.0000000000000000E+000 0.0000000000000000E+000 0.0000000000000000E+000 0.0000000000000000E+000 0.0000000000000000E+000 0.0000000000000000E+000 0.0000000000000000E+000 0.0000000000000000E+000 0.0000000000000000E+000 -2.9142164345157515E+000 8.5000474229246503E-001 1.7189380427715143E+001 0.0000000000000000E+000 1.3255944144177316E+004 4.3979738698145933E+007 2.2590458650213371E+010 -3.0732694268190563E+000 -9.2107059847104136E+000 -6.9546872108049143E+001 -3.0732691103380905E+000 -6.9546872108049143E+001 -1.8663859731166831E+001 -4.4706413483494654E+000 0.0000000000000000E+000 0.0000000000000000E+000 0.0000000000000000E+000 0.0000000000000000E+000 0.0000000000000000E+000 0.0000000000000000E+000 0.0000000000000000E+000 0.0000000000000000E+000 0.0000000000000000E+000 0.0000000000000000E+000 0.0000000000000000E+000 0.0000000000000000E+000 -9.8999999999999986E+001 0.0000000000000000E+000 0.0000000000000000E+000 -2.2353941485145943E-014
207 1.0953969647719990E+007 9.9999809040931742E-001 -3.6235358527908518E-001 7.2036798928018356E-002 3.6350226224425333E+000 6.7980800707745788E+000 9.8005216273214368E-001 1.5903341607803654E+001 6.9999901983394441E-001 3.0777797378176406E-005 2.7997020236757120E-001 4.1193902063114355E-003 1.2067031407710233E-003 1.1203876416666522E-002 2.5129237964844941E-003 9.5710644087274618E-004 0.0000000000000000E+000 0.0000000000000000E+000 0.0000000000000000E+000 0.0000000000000000E+000 0.0000000000000000E+000 0.0000000000000000E+000 0.0000000000000000E+000 0.0000000000000000E+000 0.0000000000000000E+000 0.0000000000000000E+000 -2.8215730567963431E+000 8.5000463954986849E-001 1.7036049814782601E+001 0.0000000000000000E+000 1.2840714339340075E+004 4.5803078294873722E+007 2.3033119243009708E+010 -2.9427083234776275E+000 -8.8379906989846528E+000 -6.8575284079160895E+001 -2.9427077707621074E+000 -6.8575284079160895E+001 -1.8362829735502849E+001 -4.3400153182066230E+000 0.0000000000000000E+000 0.0000000000000000E+000 0.0000000000000000E+000 0.0000000000000000E+000 0.0000000000000000E+000 0.0000000000000000E+000 0.0000000000000000E+000 0.0000000000000000E+000 0.0000000000000000E+000 0.0000000000000000E+000 0.0000000000000000E+000 0.0000000000000000E+000 -9.8999999999999986E+001 0.0000000000000000E+000 0.0000000000000000E+000 -2.1349419236962143E-014
208 1.1831115713115800E+007 9.9999807242822980E-001 -3.6633017648693866E-001 6.4861032587008080E-002 3.6376163578110745E+000 6.8091411536414341E+000 1.0327517746305097E+000 1.5967203819307324E+001 6.9999866766797036E-001 3.1129959198983851E-005 2.7997020237048043E-001 4.1193901988470600E-003 1.2067031494794741E-003 1.1203876416666508E-002 2.5129237964844941E-003 9.5710644087274618E-004 0.0000000000000000E+000 0.0000000000000000E+000 0.0000000000000000E+000 0.0000000000000000E+000 0.0000000000000000E+000 0.0000000000000000E+000 0.0000000000000000E+000 0.0000000000000000E+000 0.0000000000000000E+000 0.0000000000000000E+000 -2.7409895654677783E+000 8.5000452216051847E-001 1.6899132099137059E+001 0.0000000000000000E+000 1.2526378749317606E+004 4.6994497332384132E+007 2.3244988697599705E+010 -2.8317136344458018E+000 -8.5187294859796836E+000 -6.7741278502982084E+001 -2.8317127416173671E+000 -6.7741278502982084E+001 -9.8999999999999986E+001 -4.2289584862559497E+000 0.0000000000000000E+000 0.0000000000000000E+000 0.0000000000000000E+000 0.0000000000000000E+000 0.0000000000000000E+000 0.0000000000000000E+000 0.0000000000000000E+000 0.0000000000000000E+000 0.0000000000000000E+000 0.0000000000000000E+000 0.0000000000000000E+000 0.0000000000000000E+000 -9.8999999999999986E+001 0.0000000000000000E+000 0.0000000000000000E+000 -2.0499536153063359E-014
209 1.2662388412884012E+007 9.9999805581954659E-001 -3.6706512644252742E-001 5.8784377144914128E-002 3.6404709480432240E+000 6.8195597902634795E+000 1.0811771981898215E+000 1.6026166384614278E+001 6.9999824276108258E-001 3.1554858453394067E-005 2.7997020237577003E-001 4.1193901847844123E-003 1.2067031658859236E-003 1.1203876416666477E-002 2.5129237964844941E-003 9.5710644087274618E-004 0.0000000000000000E+000 0.0000000000000000E+000 0.0000000000000000E+000 0.0000000000000000E+000 0.0000000000000000E+000 0.0000000000000000E+000 0.0000000000000000E+000 0.0000000000000000E+000 0.0000000000000000E+000 0.0000000000000000E+000 -2.6711503668047052E+000 8.5000438052361693E-001 1.6778210011530344E+001 0.0000000000000000E+000 1.2266214625533841E+004 4.7737382188793331E+007 2.3284358755807796E+010 -2.7291604389251760E+000 -8.2217370934662810E+000 -6.6964222884553450E+001 -2.7291590418912324E+000 -6.6964222884553450E+001 -1.8061799739838872E+001 -4.1263416936754727E+000 0.0000000000000000E+000 0.0000000000000000E+000 0.0000000000000000E+000 0.0000000000000000E+000 0.0000000000000000E+000 0.0000000000000000E+000 0.0000000000000000E+000 0.0000000000000000E+000 0.0000000000000000E+000 0.0000000000000000E+000 0.0000000000000000E+000 0.0000000000000000E+000 -9.8999999999999986E+001 0.0000000000000000E+000 0.0000000000000000E+000 -1.9979825210240074E-014
210 1.3475544424721787E+007 9.9999803982566171E-001 -3.6514994409620166E-001 5.3441093224538244E-002 3.6436213855899942E+000 6.8297490402167540E+000 1.1273445022377546E+000 1.6082644936371175E+001 6.9999771842882796E-001 3.2079176473072479E-005 2.7997020238554909E-001 4.1193901580490458E-003 1.2067031970772440E-003 1.1203876416666409E-002 2.5129237964844941E-003 9.5710644087274618E-004 0.0000000000000000E+000 0.0000000000000000E+000 0.0000000000000000E+000 0.0000000000000000E+000 0.0000000000000000E+000 0.0000000000000000E+000 0.0000000000000000E+000 0.0000000000000000E+000 0.0000000000000000E+000 0.0000000000000000E+000 -2.5999765220427995E+000 8.5000420574382607E-001 1.6663450686161109E+001 0.0000000000000000E+000 1.2041917208513403E+004 4.8115686578889757E+007 2.3181903454931355E+010 -2.6307036608285421E+000 -7.9348220773008613E+000 -6.6212446844953533E+001 -2.6307015047488114E+000 -6.6212446844953533E+001 -1.8362829735502849E+001 -4.0278178381918979E+000 0.0000000000000000E+000 0.0000000000000000E+000 0.0000000000000000E+000 0.0000000000000000E+000 0.0000000000000000E+000 0.0000000000000000E+000 0.0000000000000000E+000 0.0000000000000000E+000 0.0000000000000000E+000 0.0000000000000000E+000 0.0000000000000000E+000 0.0000000000000000E+000 -9.8999999999999986E+001 0.0000000000000000E+000 0.0000000000000000E+000 -1.9668900637160093E-014
211 1.4281067597767010E+007 9.9999802410647665E-001 -3.6088109861477868E-001 4.8668664083901962E-002 3.6470748115306675E+000 6.8398825765397167E+000 1.1720817646633523E+000 1.6137654656654174E+001 6.9999706652299909E-001 3.2731055564824791E-005 2.7997020240380077E-001 4.1193901071370064E-003 1.2067032564747505E-003 1.1203876416666260E-002 2.5129237964844936E-003 9.5710644087274597E-004 0.0000000000000000E+000 0.0000000000000000E+000 0.0000000000000000E+000 0.0000000000000000E+000 0.0000000000000000E+000 0.0000000000000000E+000 0.0000000000000000E+000 0.0000000000000000E+000 0.0000000000000000E+000 0.0000000000000000E+000 -2.5222776797619817E+000 8.5000398843742675E-001 1.6552446126398433E+001 0.0000000000000000E+000 1.1845052683660566E+004 4.8171509690349549E+007 2.2955155575998737E+010 -2.5344719003354599E+000 -7.6527533697798615E+000 -6.5472465580689118E+001 -2.5344685928252906E+000 -6.5472465580689118E+001 -9.8999999999999986E+001 -3.9315143907083105E+000 0.0000000000000000E+000 0.0000000000000000E+000 0.0000000000000000E+000 0.0000000000000000E+000 0.0000000000000000E+000 0.0000000000000000E+000 0.0000000000000000E+000 0.0000000000000000E+000 0.0000000000000000E+000 0.0000000000000000E+000 0.0000000000000000E+000 0.0000000000000000E+000 -9.8999999999999986E+001 0.0000000000000000E+000 0.0000000000000000E+000 -1.9514255717679071E-014
212 1.5082055931208882E+007 9.9999800849389919E-001 -3.5419058176467000E-001 4.4367831777924305E-002 3.6508978568961834E+000 6.8500444032495933E+000 1.2157581931933210E+000 1.6191640570645241E+001 6.9999625552472555E-001 3.3542003401254998E-005 2.7997020243810700E-001 4.1193900103517842E-003 1.2067033693911192E-003 1.1203876416665945E-002 2.5129237964844936E-003 9.5710644087274597E-004 0.0000000000000000E+000 0.0000000000000000E+000 0.0000000000000000E+000 0.0000000000000000E+000 0.0000000000000000E+000 0.0000000000000000E+000 0.0000000000000000E+000 0.0000000000000000E+000 0.0000000000000000E+000 0.0000000000000000E+000 -2.4422110170176343E+000 8.5000371809626285E-001 1.6448207165774399E+001 0.0000000000000000E+000 1.1670400268388154E+004 4.7907174682367168E+007 2.2604229959993176E+010 -2.4395945458823411E+000 -7.3731392452336415E+000 -6.4738154068433076E+001 -2.4395894848736694E+000 -6.4738154068433076E+001 -9.8999999999999986E+001 -3.8365600113157354E+000 0.0000000000000000E+000 0.0000000000000000E+000 0.0000000000000000E+000 0.0000000000000000E+000 0.0000000000000000E+000 0.0000000000000000E+000 0.0000000000000000E+000 0.0000000000000000E+000 0.0000000000000000E+000 0.0000000000000000E+000 0.0000000000000000E+000 0.0000000000000000E+000 -9.8999999999999986E+001 0.0000000000000000E+000 0.0000000000000000E+000 -1.9491641495322069E-014
213 1.5878317860628817E+007 9.9999799288781099E-001 -3.4584707604962650E-001 4.0497509422523288E-002 3.6549188945026452E+000 6.8602555622083736E+000 1.2584967480236890E+000 1.6244748384798363E+001 6.9999524956259496E-001 3.4547870152168479E-005 2.7997020250295551E-001 4.1193898271636095E-003 1.2067035831112495E-003 1.1203876416665270E-002 2.5129237964844941E-003 9.5710644087274607E-004 0.0000000000000000E+000 0.0000000000000000E+000 0.0000000000000000E+000 0.0000000000000000E+000 0.0000000000000000E+000 0.0000000000000000E+000 0.0000000000000000E+000 0.0000000000000000E+000 0.0000000000000000E+000 0.0000000000000000E+000 -2.3599767169398156E+000 8.5000338275965603E-001 1.6345386147339237E+001 0.0000000000000000E+000 1.1515432964298192E+004 4.7416267274357647E+007 2.2174110344687130E+010 -2.3457917057361577E+000 -7.0953085274977736E+000 -6.4007827140094392E+001 -2.3457839742385866E+000 -6.4007827140094392E+001 -1.8061799739838872E+001 -3.7426743084457992E+000 0.0000000000000000E+000 0.0000000000000000E+000 0.0000000000000000E+000 0.0000000000000000E+000 0.0000000000000000E+000 0.0000000000000000E+000 0.0000000000000000E+000 0.0000000000000000E+000 0.0000000000000000E+000 0.0000000000000000E+000 0.0000000000000000E+000 0.0000000000000000E+000 -9.8999999999999986E+001 0.0000000000000000E+000 0.0000000000000000E+000 -1.9599189239163912E-014
214 1.6668426501847602E+007 9.9999797724199890E-001 -3.3570703092904169E-001 3.7013004437778503E-002 3.6591961582751638E+000 6.8705227146347347E+000 1.3003395786058265E+000 1.6297031368833462E+001 6.9999400715945181E-001 3.5790092526429472E-005 2.7997020262625533E-001 4.1193894823491669E-003 1.2067039853960232E-003 1.1203876416663830E-002 2.5129237964844936E-003 9.5710644087274586E-004 0.0000000000000000E+000 0.0000000000000000E+000 0.0000000000000000E+000 0.0000000000000000E+000 0.0000000000000000E+000 0.0000000000000000E+000 0.0000000000000000E+000 0.0000000000000000E+000 0.0000000000000000E+000 0.0000000000000000E+000 -2.2763863013407239E+000 8.5000296859514679E-001 1.6249333221851987E+001 0.0000000000000000E+000 1.1377674824076506E+004 4.6695153622622825E+007 2.1662379128413120E+010 -2.2529332035587597E+000 -6.8190100806455085E+000 -6.3280952272906902E+001 -2.2529214084612197E+000 -6.3280952272906902E+001 -1.7760769744174890E+001 -3.6497266786252101E+000 0.0000000000000000E+000 0.0000000000000000E+000 0.0000000000000000E+000 0.0000000000000000E+000 0.0000000000000000E+000 0.0000000000000000E+000 0.0000000000000000E+000 0.0000000000000000E+000 0.0000000000000000E+000 0.0000000000000000E+000 0.0000000000000000E+000 0.0000000000000000E+000 -9.8999999999999986E+001 0.0000000000000000E+000 0.0000000000000000E+000 -1.9802102144129102E-014
215 1.7450770664021615E+007 9.9999796151069609E-001 -3.2407698801342782E-001 3.3880967774939215E-002 3.6636696873354868E+000 6.8808425601124901E+000 1.3412966447646206E+000 1.6348497168231376E+001 6.9999247983779411E-001 3.7317070640517384E-005 2.7997020286227209E-001 4.1193888371846678E-003 1.2067047380905967E-003 1.1203876416660796E-002 2.5129237964844941E-003 9.5710644087274597E-004 0.0000000000000000E+000 0.0000000000000000E+000 0.0000000000000000E+000 0.0000000000000000E+000 0.0000000000000000E+000 0.0000000000000000E+000 0.0000000000000000E+000 0.0000000000000000E+000 0.0000000000000000E+000 0.0000000000000000E+000 -2.1940992305688103E+000 8.5000245943067076E-001 1.6160611589527640E+001 0.0000000000000000E+000 1.1255258290292079E+004 4.5790331604261413E+007 2.1089976834632496E+010 -2.1609931121092276E+000 -6.5443063746493513E+000 -6.2557783464388727E+001 -2.1609751456678161E+000 -6.2557783464388727E+001 -9.8999999999999986E+001 -3.5576908069491058E+000 0.0000000000000000E+000 0.0000000000000000E+000 0.0000000000000000E+000 0.0000000000000000E+000 0.0000000000000000E+000 0.0000000000000000E+000 0.0000000000000000E+000 0.0000000000000000E+000 0.0000000000000000E+000 0.0000000000000000E+000 0.0000000000000000E+000 0.0000000000000000E+000 -9.8999999999999986E+001 0.0000000000000000E+000 0.0000000000000000E+000 -2.0107905860164554E-014
216 1.8223788129934613E+007 9.9999794565978728E-001 -3.1105054757624456E-001 3.1064792266473466E-002 3.6683343851990151E+000 6.8912131865434478E+000 1.3813759287396263E+000 1.6399140081754840E+001 6.9999061096516046E-001 3.9185287983750824E-005 2.7997020331759964E-001 4.1193876374023275E-003 1.2067061378422312E-003 1.1203876416654429E-002 2.5129237964844941E-003 9.5710644087274597E-004 0.0000000000000000E+000 0.0000000000000000E+000 0.0000000000000000E+000 0.0000000000000000E+000 0.0000000000000000E+000 0.0000000000000000E+000 0.0000000000000000E+000 0.0000000000000000E+000 0.0000000000000000E+000 0.0000000000000000E+000 -2.1187559124515714E+000 8.5000183636391102E-001 1.6070600493621484E+001 0.0000000000000000E+000 1.1146312272866769E+004 4.4726355347911529E+007 2.0466786318903992E+010 -2.0699761235478951E+000 -6.2713166860936571E+000 -6.1838603290627418E+001 -2.0699488067310825E+000 -6.1838603290627418E+001 -9.8999999999999986E+001 -3.4665710610646920E+000 0.0000000000000000E+000 0.0000000000000000E+000 0.0000000000000000E+000 0.0000000000000000E+000 0.0000000000000000E+000 0.0000000000000000E+000 0.0000000000000000E+000 0.0000000000000000E+000 0.0000000000000000E+000 0.0000000000000000E+000 0.0000000000000000E+000 0.0000000000000000E+000 -9.8999999999999986E+001 0.0000000000000000E+000 0.0000000000000000E+000 -2.0505239981957963E-014
217 1.8986081122479141E+007 9.9999792965694756E-001 -2.9723528763263962E-001 2.8559588045189755E-002 3.6730408022955587E+000 6.9016197542462203E+000 1.4205501651085921E+000 1.6448921619101359E+001 6.9998833500684865E-001 4.1459991291049026E-005 2.7997020420327101E-001 4.1193854213937816E-003 1.2067087231971264E-003 1.1203876416641183E-002 2.5129237964844941E-003 9.5710644087274597E-004 0.0000000000000000E+000 0.0000000000000000E+000 0.0000000000000000E+000 0.0000000000000000E+000 0.0000000000000000E+000 0.0000000000000000E+000 0.0000000000000000E+000 0.0000000000000000E+000 0.0000000000000000E+000 0.0000000000000000E+000 -2.0566035483273697E+000 8.5000107750197262E-001 1.5981104480286204E+001 0.0000000000000000E+000 1.1050283066351036E+004 4.3576609858020008E+007 1.9825967434887104E+010 -1.9799771174784391E+000 -6.0004151732386015E+000 -6.1124347689049038E+001 -1.9799356864666011E+000 -6.1124347689049038E+001 -9.8999999999999986E+001 -3.3764622200217618E+000 0.0000000000000000E+000 0.0000000000000000E+000 0.0000000000000000E+000 0.0000000000000000E+000 0.0000000000000000E+000 0.0000000000000000E+000 0.0000000000000000E+000 0.0000000000000000E+000 0.0000000000000000E+000 0.0000000000000000E+000 0.0000000000000000E+000 0.0000000000000000E+000 -9.8999999999999986E+001 0.0000000000000000E+000 0.0000000000000000E+000 -2.0993030087338607E-014
218 1.9736598394260518E+007 9.9999791348561229E-001 -2.8243807595731146E-001 2.6333959252410531E-002 3.6778529196107801E+000 6.9120545584760587E+000 1.4588075588430083E+000 1.6497821675870828E+001 6.9998557573679343E-001 4.4216845587434381E-005 2.7997020594154187E-001 4.1193813564454271E-003 1.2067134656608052E-003 1.1203876416613832E-002 2.5129237964844941E-003 9.5710644087274597E-004 0.0000000000000000E+000 0.0000000000000000E+000 0.0000000000000000E+000 0.0000000000000000E+000 0.0000000000000000E+000 0.0000000000000000E+000 0.0000000000000000E+000 0.0000000000000000E+000 0.0000000000000000E+000 0.0000000000000000E+000 -2.0057253435981006E+000 8.5000015734266110E-001 1.5897293712885871E+001 0.0000000000000000E+000 1.0965664731547520E+004 4.2333272618174069E+007 1.9161838247381191E+010 -1.8910341286454611E+000 -5.7317982260380278E+000 -6.0415549622921930E+001 -1.8909714688628769E+000 -6.0415549622921930E+001 -1.7760769744174890E+001 -3.2874026832643835E+000 0.0000000000000000E+000 0.0000000000000000E+000 0.0000000000000000E+000 0.0000000000000000E+000 0.0000000000000000E+000 0.0000000000000000E+000 0.0000000000000000E+000 0.0000000000000000E+000 0.0000000000000000E+000 0.0000000000000000E+000 0.0000000000000000E+000 0.0000000000000000E+000 -9.8999999999999986E+001 0.0000000000000000E+000 0.0000000000000000E+000 -2.1546919587117267E-014
219 2.0474677824235383E+007 9.9999789711518983E-001 -2.6691740998217056E-001 2.4366252627413494E-002 3.6827169394170638E+000 6.9225094472901461E+000 1.4961346929597925E+000 1.6545820439537209E+001 6.9998224450035151E-001 4.7543403618663816E-005 2.7997020938569939E-001 4.1193739508846357E-003 1.2067221055307518E-003 1.1203876416557805E-002 2.5129237964844941E-003 9.5710644087274597E-004 0.0000000000000000E+000 0.0000000000000000E+000 0.0000000000000000E+000 0.0000000000000000E+000 0.0000000000000000E+000 0.0000000000000000E+000 0.0000000000000000E+000 0.0000000000000000E+000 0.0000000000000000E+000 0.0000000000000000E+000 -1.9553191300282038E+000 8.4999904615077870E-001 1.5815976746734300E+001 0.0000000000000000E+000 1.0891392445120255E+004 4.1032584241558187E+007 1.8489130879367233E+010 -1.8031910295384221E+000 -5.4656736666360484E+000 -5.9712722302691184E+001 -1.8030965681243432E+000 -5.9712722302691184E+001 -1.7158709752846928E+001 -3.1994378040663700E+000 0.0000000000000000E+000 0.0000000000000000E+000 0.0000000000000000E+000 0.0000000000000000E+000 0.0000000000000000E+000 0.0000000000000000E+000 0.0000000000000000E+000 0.0000000000000000E+000 0.0000000000000000E+000 0.0000000000000000E+000 0.0000000000000000E+000 0.0000000000000000E+000 -9.8999999999999986E+001 0.0000000000000000E+000 0.0000000000000000E+000 -2.2179756849293769E-014
220 2.1199892584104393E+007 9.9999788052022331E-001 -2.5083494903837777E-001 2.2659430950708430E-002 3.6875909654913643E+000 6.9329747687312082E+000 1.5325166881987280E+000 1.6592894131648233E+001 6.9997823916311497E-001 5.1539619716515750E-005 2.7997021627417457E-001 4.1193605548181930E-003 1.2067377343745317E-003 1.1203876416443981E-002 2.5129237964844941E-003 9.5710644087274597E-004 0.0000000000000000E+000 0.0000000000000000E+000 0.0000000000000000E+000 0.0000000000000000E+000 0.0000000000000000E+000 0.0000000000000000E+000 0.0000000000000000E+000 0.0000000000000000E+000 0.0000000000000000E+000 0.0000000000000000E+000 -1.9016136038325924E+000 8.4999770951817677E-001 1.5737269553097230E+001 0.0000000000000000E+000 1.0827374989694523E+004 3.9696591310005255E+007 1.7816977377197178E+010 -1.7164924495790834E+000 -5.2022603068154138E+000 -5.9016446565765946E+001 -1.7163505616310104E+000 -5.9016446565765946E+001 -9.8999999999999986E+001 -3.1126161111098538E+000 0.0000000000000000E+000 0.0000000000000000E+000 0.0000000000000000E+000 0.0000000000000000E+000 0.0000000000000000E+000 0.0000000000000000E+000 0.0000000000000000E+000 0.0000000000000000E+000 0.0000000000000000E+000 0.0000000000000000E+000 0.0000000000000000E+000 0.0000000000000000E+000 -9.8999999999999986E+001 0.0000000000000000E+000 0.0000000000000000E+000 -2.2882830689081813E-014
221 2.1912102189474184E+007 9.9999786367436228E-001 -2.3452884708760419E-001 2.1174593845585784E-002 3.6924099095316190E+000 6.9434397108227541E+000 1.5679368755066518E+000 1.6639007780535358E+001 6.9997344232887893E-001 5.6318544023693497E-005 2.7997023017474143E-001 4.1193364984730540E-003 1.2067658003111533E-003 1.1203876416214698E-002 2.5129237964844945E-003 9.5710644087274607E-004 0.0000000000000000E+000 0.0000000000000000E+000 0.0000000000000000E+000 0.0000000000000000E+000 0.0000000000000000E+000 0.0000000000000000E+000 0.0000000000000000E+000 0.0000000000000000E+000 0.0000000000000000E+000 0.0000000000000000E+000 -1.8495951762833966E+000 8.4999610758844346E-001 1.5663550803653205E+001 0.0000000000000000E+000 1.0771989618040043E+004 3.8364711495655194E+007 1.7160420249896086E+010 -1.6310104743479872E+000 -4.9418718685099288E+000 -5.8327480841971649E+001 -1.6307982394507456E+000 -5.8327480841971649E+001 -1.7459739748510909E+001 -3.0270185392014017E+000 0.0000000000000000E+000 0.0000000000000000E+000 0.0000000000000000E+000 0.0000000000000000E+000 0.0000000000000000E+000 0.0000000000000000E+000 0.0000000000000000E+000 0.0000000000000000E+000 0.0000000000000000E+000 0.0000000000000000E+000 0.0000000000000000E+000 0.0000000000000000E+000 -9.8999999999999986E+001 0.0000000000000000E+000 0.0000000000000000E+000 -2.3652954356226311E-014
222 2.2611461326586924E+007 9.9999784655817936E-001 -2.1833028545113561E-001 1.9930964032709872E-002 3.6970813648471745E+000 6.9538899073712832E+000 1.6023669044070556E+000 1.6684121771115173E+001 6.9996771998237051E-001 6.2005473657897992E-005 2.7997025844642648E-001 4.1192936269961152E-003 1.2068158174347674E-003 1.1203876415756958E-002 2.5129237964844941E-003 9.5710644087274586E-004 0.0000000000000000E+000 0.0000000000000000E+000 0.0000000000000000E+000 0.0000000000000000E+000 0.0000000000000000E+000 0.0000000000000000E+000 0.0000000000000000E+000 0.0000000000000000E+000 0.0000000000000000E+000 0.0000000000000000E+000 -1.8002544597572203E+000 8.4999419423679490E-001 1.5592848429747677E+001 0.0000000000000000E+000 1.0725819525332441E+004 3.7066108267049775E+007 1.6532150500232090E+010 -1.5468115186301719E+000 -4.6848362686601650E+000 -5.7646639939490207E+001 -1.5464955808351628E+000 -5.7646639939490207E+001 -9.8999999999999986E+001 -2.9427300596579378E+000 0.0000000000000000E+000 0.0000000000000000E+000 0.0000000000000000E+000 0.0000000000000000E+000 0.0000000000000000E+000 0.0000000000000000E+000 0.0000000000000000E+000 0.0000000000000000E+000 0.0000000000000000E+000 0.0000000000000000E+000 0.0000000000000000E+000 0.0000000000000000E+000 -9.8999999999999986E+001 0.0000000000000000E+000 0.0000000000000000E+000 -2.4474096374798667E-014
223 2.3298469487636667E+007 9.9999782915520419E-001 -2.0145464033196300E-001 1.8900486738061165E-002 3.7018155147742915E+000 6.9643340656478925E+000 1.6358148516356343E+000 1.6728245493571727E+001 6.9996091763665014E-001 6.8737232878471419E-005 2.7997031638360942E-001 4.1192177304150666E-003 1.2069043642392906E-003 1.1203876414850329E-002 2.5129237964844941E-003 9.5710644087274586E-004 0.0000000000000000E+000 0.0000000000000000E+000 0.0000000000000000E+000 0.0000000000000000E+000 0.0000000000000000E+000 0.0000000000000000E+000 0.0000000000000000E+000 0.0000000000000000E+000 0.0000000000000000E+000 0.0000000000000000E+000 -1.7533037622008791E+000 8.4999191502380478E-001 1.5524477922300470E+001 0.0000000000000000E+000 1.0687712752471149E+004 3.5738128578614943E+007 1.5902071343059124E+010 -1.4637909061547882E+000 -4.4310123454298900E+000 -5.6973498471678177E+001 -1.4633228167550349E+000 -5.6973498471678177E+001 -9.8999999999999986E+001 -2.8596830447997754E+000 0.0000000000000000E+000 0.0000000000000000E+000 0.0000000000000000E+000 0.0000000000000000E+000 0.0000000000000000E+000 0.0000000000000000E+000 0.0000000000000000E+000 0.0000000000000000E+000 0.0000000000000000E+000 0.0000000000000000E+000 0.0000000000000000E+000 0.0000000000000000E+000 -9.8999999999999986E+001 0.0000000000000000E+000 0.0000000000000000E+000 -2.5331540708295997E-014
224 2.3973614519864094E+007 9.9999781141723654E-001 -1.8429109657837026E-001 1.8077374715937431E-002 3.7065179567237521E+000 6.9747745909616805E+000 1.6682528692076428E+000 1.6771357862985070E+001 6.9995286401107448E-001 7.6649195373386961E-005 2.7997043579962277E-001 4.1190842466732889E-003 1.2070600968304987E-003 1.1203876413068465E-002 2.5129237964844945E-003 9.5710644087274597E-004 0.0000000000000000E+000 0.0000000000000000E+000 0.0000000000000000E+000 0.0000000000000000E+000 0.0000000000000000E+000 0.0000000000000000E+000 0.0000000000000000E+000 0.0000000000000000E+000 0.0000000000000000E+000 0.0000000000000000E+000 -1.7117450115611763E+000 8.4998920687143309E-001 1.5463790540661199E+001 0.0000000000000000E+000 1.0657371596362385E+004 3.4418454077107549E+007 1.5285869448045193E+010 -1.3818628176300700E+000 -4.1804353913363634E+000 -5.6308019176157465E+001 -1.3811727896872406E+000 -5.6308019176157465E+001 -9.8999999999999986E+001 -2.7778636948966851E+000 0.0000000000000000E+000 0.0000000000000000E+000 0.0000000000000000E+000 0.0000000000000000E+000 0.0000000000000000E+000 0.0000000000000000E+000 0.0000000000000000E+000 0.0000000000000000E+000 0.0000000000000000E+000 0.0000000000000000E+000 0.0000000000000000E+000 0.0000000000000000E+000 -9.8999999999999986E+001 0.0000000000000000E+000 0.0000000000000000E+000 -2.6272825451926779E-014
225 2.4637188575029146E+007 9.9999779331481742E-001 -1.6749345944666105E-001 1.7366801220105869E-002 3.7110726527545950E+000 6.9852011587207885E+000 1.6996066236774758E+000 1.6813374750165170E+001 6.9994338081351437E-001 8.5846935747206342E-005 2.7997068242108120E-001 4.1188512297025016E-003 1.2073319530006398E-003 1.1203876409596972E-002 2.5129237964844945E-003 9.5710644087274607E-004 0.0000000000000000E+000 0.0000000000000000E+000 0.0000000000000000E+000 0.0000000000000000E+000 0.0000000000000000E+000 0.0000000000000000E+000 0.0000000000000000E+000 0.0000000000000000E+000 0.0000000000000000E+000 0.0000000000000000E+000 -1.6759730263613342E+000 8.4998599822938181E-001 1.5411701207415158E+001 0.0000000000000000E+000 1.0631248079682067E+004 3.3166854113552049E+007 1.4705930226493843E+010 -1.3010010810802406E+000 -3.9335544291612607E+000 -5.5651195568206155E+001 -1.2999901410465391E+000 -5.5651195568206155E+001 -9.8999999999999986E+001 -2.6973810770533952E+000 0.0000000000000000E+000 0.0000000000000000E+000 0.0000000000000000E+000 0.0000000000000000E+000 0.0000000000000000E+000 0.0000000000000000E+000 0.0000000000000000E+000 0.0000000000000000E+000 0.0000000000000000E+000 0.0000000000000000E+000 0.0000000000000000E+000 0.0000000000000000E+000 -9.8999999999999986E+001 0.0000000000000000E+000 0.0000000000000000E+000 -2.7280179271445634E-014
226 2.5289643401502110E+007 9.9999777484405850E-001 -1.5064201944008218E-001 1.6839593522597073E-002 3.7155491166049939E+000 6.9956278258236129E+000 1.7298020587789449E+000 1.6854228693195797E+001 6.9993228987618683E-001 9.6361986884207080E-005 2.7997119096757361E-001 4.1184471864808316E-003 1.2078033426309556E-003 1.1203876402886458E-002 2.5129237964844945E-003 9.5710644087274597E-004 0.0000000000000000E+000 0.0000000000000000E+000 0.0000000000000000E+000 0.0000000000000000E+000 0.0000000000000000E+000 0.0000000000000000E+000 0.0000000000000000E+000 0.0000000000000000E+000 0.0000000000000000E+000 0.0000000000000000E+000 -1.6429291134404129E+000 8.4998220526924084E-001 1.5362868482942741E+001 0.0000000000000000E+000 1.0611907236823357E+004 3.1943318529095288E+007 1.4146241015420521E+010 -1.2209649729947549E+000 -3.6904932890038098E+000 -5.5002940048982900E+001 -1.2194942853499056E+000 -5.5002940048982900E+001 -9.8999999999999986E+001 -2.6182399867498716E+000 0.0000000000000000E+000 0.0000000000000000E+000 0.0000000000000000E+000 0.0000000000000000E+000 0.0000000000000000E+000 0.0000000000000000E+000 0.0000000000000000E+000 0.0000000000000000E+000 0.0000000000000000E+000 0.0000000000000000E+000 0.0000000000000000E+000 0.0000000000000000E+000 -9.8999999999999986E+001 0.0000000000000000E+000 0.0000000000000000E+000 -2.8309636399573640E-014
227 2.5931316044966761E+007 9.9999775598273977E-001 -1.3412808891898753E-001 1.6436997194864071E-002 3.7198788973991346E+000 7.0060762163144990E+000 1.7586998940082113E+000 1.6893796266624008E+001 6.9991944473806156E-001 1.0805035513334561E-004 2.7997223169775354E-001 4.1177509386439151E-003 1.2086156430440188E-003 1.1203876390006466E-002 2.5129237964844945E-003 9.5710644087274607E-004 0.0000000000000000E+000 0.0000000000000000E+000 0.0000000000000000E+000 0.0000000000000000E+000 0.0000000000000000E+000 0.0000000000000000E+000 0.0000000000000000E+000 0.0000000000000000E+000 0.0000000000000000E+000 0.0000000000000000E+000 -1.6108676520433154E+000 8.4997773076155281E-001 1.5313808115136016E+001 0.0000000000000000E+000 1.0597161538444130E+004 3.0780004683453813E+007 1.3618432242317648E+010 -1.1413939437075802E+000 -3.4515401443363563E+000 -5.4363243988288495E+001 -1.1392727658252368E+000 -5.4363243988288495E+001 -9.8999999999999986E+001 -2.5405068340556345E+000 0.0000000000000000E+000 0.0000000000000000E+000 0.0000000000000000E+000 0.0000000000000000E+000 0.0000000000000000E+000 0.0000000000000000E+000 0.0000000000000000E+000 0.0000000000000000E+000 0.0000000000000000E+000 0.0000000000000000E+000 0.0000000000000000E+000 0.0000000000000000E+000 -9.8999999999999986E+001 0.0000000000000000E+000 0.0000000000000000E+000 -2.9393989302461933E-014
228 2.6562017877150137E+007 9.9999773674323156E-001 -1.1783043641314389E-001 1.6165915395129730E-002 3.7240888514254622E+000 7.0165912948622227E+000 1.7860643407295422E+000 1.6931884345828990E+001 6.9990479088185653E-001 1.2041192433386328E-004 2.7997432514645004E-001 4.1165578903658391E-003 1.2100075542035669E-003 1.1203876365432989E-002 2.5129237964844945E-003 9.5710644087274597E-004 0.0000000000000000E+000 0.0000000000000000E+000 0.0000000000000000E+000 0.0000000000000000E+000 0.0000000000000000E+000 0.0000000000000000E+000 0.0000000000000000E+000 0.0000000000000000E+000 0.0000000000000000E+000 0.0000000000000000E+000 -1.5818618631714172E+000 8.4997246409498406E-001 1.5268165431107166E+001 0.0000000000000000E+000 1.0587244337636925E+004 2.9664845729950812E+007 1.3116847021093464E+010 -1.0616847920137633E+000 -3.2169927555256406E+000 -5.3731613371605171E+001 -1.0586581424193096E+000 -5.3731613371605171E+001 -9.8999999999999986E+001 -2.4642737098022933E+000 0.0000000000000000E+000 0.0000000000000000E+000 0.0000000000000000E+000 0.0000000000000000E+000 0.0000000000000000E+000 0.0000000000000000E+000 0.0000000000000000E+000 0.0000000000000000E+000 0.0000000000000000E+000 0.0000000000000000E+000 0.0000000000000000E+000 0.0000000000000000E+000 -9.8999999999999986E+001 0.0000000000000000E+000 0.0000000000000000E+000 -3.0504918861314662E-014
229 2.7180719216555007E+007 9.9999771716030872E-001 -1.0216167869311904E-001 1.5947672418939008E-002 3.7281151623435638E+000 7.0272399214518169E+000 1.8115041673940784E+000 1.6968164652288774E+001 6.9988845459885596E-001 1.3233202156417461E-004 2.7997840234457055E-001 4.1145239294724349E-003 1.2123805494066227E-003 1.1203876318773084E-002 2.5129237964844945E-003 9.5710644087274586E-004 0.0000000000000000E+000 0.0000000000000000E+000 0.0000000000000000E+000 0.0000000000000000E+000 0.0000000000000000E+000 0.0000000000000000E+000 0.0000000000000000E+000 0.0000000000000000E+000 0.0000000000000000E+000 0.0000000000000000E+000 -1.5589204745494225E+000 8.4996628263635543E-001 1.5232256191739099E+001 0.0000000000000000E+000 1.0579266947202539E+004 2.8628036509895302E+007 1.2652043815753130E+010 -9.8105931849747841E-001 -2.9874440949039895E+000 -5.3107540400193848E+001 -9.7680070244398776E-001 -5.3107540400193848E+001 -1.6380558502463284E+001 -2.3897732508438083E+000 0.0000000000000000E+000 0.0000000000000000E+000 0.0000000000000000E+000 0.0000000000000000E+000 0.0000000000000000E+000 0.0000000000000000E+000 0.0000000000000000E+000 0.0000000000000000E+000 0.0000000000000000E+000 0.0000000000000000E+000 0.0000000000000000E+000 0.0000000000000000E+000 -9.8999999999999986E+001 0.0000000000000000E+000 0.0000000000000000E+000 -3.1651657180432906E-014
230 2.7785071873546775E+007 9.9999769733876809E-001 -8.7347427788750376E-002 1.5741680430035508E-002 3.7319217210641078E+000 7.0381106397311202E+000 1.8344484839501081E+000 1.7002142888480417E+001 6.9987082663317524E-001 1.4186318997350377E-004 2.7998592415730278E-001 4.1110739560450077E-003 1.2164055956295427E-003 1.1203876230516793E-002 2.5129237964844945E-003 9.5710644087274597E-004 0.0000000000000000E+000 0.0000000000000000E+000 0.0000000000000000E+000 0.0000000000000000E+000 0.0000000000000000E+000 0.0000000000000000E+000 0.0000000000000000E+000 0.0000000000000000E+000 0.0000000000000000E+000 0.0000000000000000E+000 -1.5432851749570344E+000 8.4995905718158338E-001 1.5208483863374134E+001 0.0000000000000000E+000 1.0571742885957585E+004 2.7681096304461688E+007 1.2227746533787069E+010 -8.9872090464914844E-001 -2.7637509043919084E+000 -5.2490243960831847E+001 -8.9283506982157024E-001 -5.2490243960831847E+001 -1.6556649761518965E+001 -2.3173959364246106E+000 0.0000000000000000E+000 0.0000000000000000E+000 0.0000000000000000E+000 0.0000000000000000E+000 0.0000000000000000E+000 0.0000000000000000E+000 0.0000000000000000E+000 0.0000000000000000E+000 0.0000000000000000E+000 0.0000000000000000E+000 0.0000000000000000E+000 0.0000000000000000E+000 -9.8999999999999986E+001 0.0000000000000000E+000 0.0000000000000000E+000 -3.2797970920675034E-014
231 2.8371143183379129E+007 9.9999767745925661E-001 -7.3549886428319056E-002 1.5534672850835077E-002 3.7354746101938154E+000 7.0492624300545970E+000 1.8542001326149509E+000 1.7033166665799410E+001 6.9985251622151556E-001 1.4642922066839258E-004 2.7999870071284078E-001 4.1052668790015519E-003 1.2231806640764632E-003 1.1203876064540158E-002 2.5129237964844945E-003 9.5710644087274597E-004 0.0000000000000000E+000 0.0000000000000000E+000 0.0000000000000000E+000 0.0000000000000000E+000 0.0000000000000000E+000 0.0000000000000000E+000 0.0000000000000000E+000 0.0000000000000000E+000 0.0000000000000000E+000 0.0000000000000000E+000 -1.5359018736116792E+000 8.4995066298086908E-001 1.5197760761552733E+001 0.0000000000000000E+000 1.0564187119868568E+004 2.6828274125963934E+007 1.1845376735281521E+010 -8.1440458380095593E-001 -2.5470942007878326E+000 -5.1879442497475075E+001 -8.0644103155228952E-001 -5.1879442497475075E+001 -9.8999999999999986E+001 -2.2476938442735910E+000 0.0000000000000000E+000 0.0000000000000000E+000 0.0000000000000000E+000 0.0000000000000000E+000 0.0000000000000000E+000 0.0000000000000000E+000 0.0000000000000000E+000 0.0000000000000000E+000 0.0000000000000000E+000 0.0000000000000000E+000 0.0000000000000000E+000 0.0000000000000000E+000 -9.8999999999999986E+001 0.0000000000000000E+000 0.0000000000000000E+000 -3.3919953170529556E-014
232 2.8933983873522408E+007 9.9999765776084193E-001 -6.1138598811604314E-002 1.5215744270916808E-002 3.7387368963879539E+000 7.0606064569502838E+000 1.8701574093945144E+000 1.7060542026766882E+001 6.9983401192830541E-001 1.4393052544869528E-004 2.8001810090465240E-001 4.0956498686657338E-003 1.2344007785334203E-003 1.1203875757037103E-002 2.5129237964844941E-003 9.5710644087274575E-004 0.0000000000000000E+000 0.0000000000000000E+000 0.0000000000000000E+000 0.0000000000000000E+000 0.0000000000000000E+000 0.0000000000000000E+000 0.0000000000000000E+000 0.0000000000000000E+000 0.0000000000000000E+000 0.0000000000000000E+000 -1.5382958227223358E+000 8.4994099438506066E-001 1.5201858822153394E+001 0.0000000000000000E+000 1.0552556752943467E+004 2.6091578802920152E+007 1.1511650125673635E+010 -7.2925764953073258E-001 -2.3391722502959311E+000 -5.1278108199597511E+001 -7.1872367947437588E-001 -5.1278108199597511E+001 -1.6255619765854984E+001 -2.1813093130716097E+000 0.0000000000000000E+000 0.0000000000000000E+000 0.0000000000000000E+000 0.0000000000000000E+000 0.0000000000000000E+000 0.0000000000000000E+000 0.0000000000000000E+000 0.0000000000000000E+000 0.0000000000000000E+000 0.0000000000000000E+000 0.0000000000000000E+000 0.0000000000000000E+000 -9.8999999999999986E+001 0.0000000000000000E+000 0.0000000000000000E+000 -3.4998206268580964E-014
233 2.9470089123473946E+007 9.9999763846835499E-001 -5.0539465613803396E-002 1.4709996220962194E-002 3.7416395537123814E+000 7.0715478496309228E+000 1.8821313127902735E+000 1.7083489101054219E+001 6.9981514733879535E-001 1.3456103687259677E-004 2.8004378988853240E-001 4.0803788953484750E-003 1.2522173901639085E-003 1.1203875212930033E-002 2.5129237964844941E-003 9.5710644087274575E-004 0.0000000000000000E+000 0.0000000000000000E+000 0.0000000000000000E+000 0.0000000000000000E+000 0.0000000000000000E+000 0.0000000000000000E+000 0.0000000000000000E+000 0.0000000000000000E+000 0.0000000000000000E+000 0.0000000000000000E+000 -1.5487846599380777E+000 8.4993000050887635E-001 1.5217495618569536E+001 0.0000000000000000E+000 1.0534139824141796E+004 2.5492178873403944E+007 1.1234103999007212E+010 -6.4607415372799260E-001 -2.1421092288251398E+000 -5.0701652901397217E+001 -6.3243115374121217E-001 -5.0701652901397217E+001 -1.6255619765854984E+001 -2.1186466210466857E+000 0.0000000000000000E+000 0.0000000000000000E+000 0.0000000000000000E+000 0.0000000000000000E+000 0.0000000000000000E+000 0.0000000000000000E+000 0.0000000000000000E+000 0.0000000000000000E+000 0.0000000000000000E+000 0.0000000000000000E+000 0.0000000000000000E+000 0.0000000000000000E+000 -9.8999999999999986E+001 0.0000000000000000E+000 0.0000000000000000E+000 -3.5986379371175920E-014
234 2.9984221546194177E+007 9.9999761953155719E-001 -4.1966393867119818E-002 1.3917953309683593E-002 3.7441788431046912E+000 7.0820185817583017E+000 1.8909808674938957E+000 1.7102801494508473E+001 6.9979471386316072E-001 1.2051340393998852E-004 2.8007434085596561E-001 4.0567973489687758E-003 1.2797300104446347E-003 1.1203874280163088E-002 2.5129237964844941E-003 9.5710644087274586E-004 0.0000000000000000E+000 0.0000000000000000E+000 0.0000000000000000E+000 0.0000000000000000E+000 0.0000000000000000E+000 0.0000000000000000E+000 0.0000000000000000E+000 0.0000000000000000E+000 0.0000000000000000E+000 0.0000000000000000E+000 -1.5653301642985682E+000 8.4991744249890366E-001 1.5242294537314837E+001 0.0000000000000000E+000 1.0505361908185099E+004 2.5039514958912861E+007 1.1014514526706264E+010 -5.6794714069131913E-001 -1.9560593635227905E+000 -5.0144561455781009E+001 -5.5053166850584512E-001 -5.0144561455781009E+001 -9.8999999999999986E+001 -2.0592666826337545E+000 0.0000000000000000E+000 0.0000000000000000E+000 0.0000000000000000E+000 0.0000000000000000E+000 0.0000000000000000E+000 0.0000000000000000E+000 0.0000000000000000E+000 0.0000000000000000E+000 0.0000000000000000E+000 0.0000000000000000E+000 0.0000000000000000E+000 0.0000000000000000E+000 -9.8999999999999986E+001 0.0000000000000000E+000 0.0000000000000000E+000 -3.6832529684618590E-014
235 3.0486398353531238E+007 9.9999760070073707E-001 -3.5011328499847241E-002 1.2817314675573991E-002 3.7464679287635643E+000 7.0913217673432349E+000 1.8975873872140754E+000 1.7118695442643624E+001 6.9978931819571188E-001 1.1756515092062283E-004 2.8008163314380746E-001 4.0504873564383590E-003 1.2870918979634403E-003 1.1203874017801197E-002 2.5129237964844941E-003 9.5710644087274564E-004 0.0000000000000000E+000 0.0000000000000000E+000 0.0000000000000000E+000 0.0000000000000000E+000 0.0000000000000000E+000 0.0000000000000000E+000 0.0000000000000000E+000 0.0000000000000000E+000 0.0000000000000000E+000 0.0000000000000000E+000 -1.5832278855304482E+000 8.4991425328967585E-001 1.5269869471112006E+001 0.0000000000000000E+000 1.0465501987682670E+004 2.4704238349441111E+007 1.0839525877116520E+010 -4.9707159607205836E-001 -1.7825615571836224E+000 -4.9637004144299773E+001 -4.7512954929168499E-001 -4.9637004144299773E+001 -9.8999999999999986E+001 -2.0023475589799173E+000 0.0000000000000000E+000 0.0000000000000000E+000 0.0000000000000000E+000 0.0000000000000000E+000 0.0000000000000000E+000 0.0000000000000000E+000 0.0000000000000000E+000 0.0000000000000000E+000 0.0000000000000000E+000 0.0000000000000000E+000 0.0000000000000000E+000 0.0000000000000000E+000 -9.8999999999999986E+001 0.0000000000000000E+000 0.0000000000000000E+000 -3.7498386803433537E-014
236 3.1089010522335712E+007 9.9999757779707554E-001 -2.9671871032196279E-002 1.0696016609648609E-002 3.7488634421634397E+000 7.1009513916354239E+000 1.9029539955728720E+000 1.7133659049666452E+001 6.9977846386758358E-001 1.1153617146388358E-004 2.8009593570751717E-001 4.0350023784758672E-003 1.3051583060826732E-003 1.1203873331519678E-002 2.5129237964844936E-003 9.5710644087274553E-004 0.0000000000000000E+000 0.0000000000000000E+000 0.0000000000000000E+000 0.0000000000000000E+000 0.0000000000000000E+000 0.0000000000000000E+000 0.0000000000000000E+000 0.0000000000000000E+000 0.0000000000000000E+000 0.0000000000000000E+000 -1.6052569303904072E+000 8.4990782129570241E-001 1.5303740991558538E+001 0.0000000000000000E+000 1.0389104684239461E+004 2.4521853273674376E+007 1.0707074366069717E+010 -4.2382295069325360E-001 -1.5955788225048189E+000 -4.9110316277335485E+001 -3.9552199376904590E-001 -4.9110316277335485E+001 -9.8999999999999986E+001 -1.9375228905861694E+000 0.0000000000000000E+000 0.0000000000000000E+000 0.0000000000000000E+000 0.0000000000000000E+000 0.0000000000000000E+000 0.0000000000000000E+000 0.0000000000000000E+000 0.0000000000000000E+000 0.0000000000000000E+000 0.0000000000000000E+000 0.0000000000000000E+000 0.0000000000000000E+000 -9.8999999999999986E+001 0.0000000000000000E+000 0.0000000000000000E+000 -3.8007300056665640E-014
237 3.1812145124901082E+007 9.9999755010826286E-001 -2.8044640928385895E-002 7.0674565660024807E-003 3.7510845297112154E+000 7.1104405007154412E+000 1.9059810912745860E+000 1.7146120122107540E+001 6.9976704681124746E-001 1.0696870600517019E-004 2.8010901650251741E-001 4.0175793931546949E-003 1.3254858509369480E-003 1.1203872498781117E-002 2.5129237964844936E-003 9.5710644087274553E-004 0.0000000000000000E+000 0.0000000000000000E+000 0.0000000000000000E+000 0.0000000000000000E+000 0.0000000000000000E+000 0.0000000000000000E+000 0.0000000000000000E+000 0.0000000000000000E+000 0.0000000000000000E+000 0.0000000000000000E+000 -1.6328738878485320E+000 8.4990135152329127E-001 1.5345974386507342E+001 0.0000000000000000E+000 1.0259714798445548E+004 2.4635115081378423E+007 1.0667031484721357E+010 -3.5308082073257252E-001 -1.4086931442103499E+000 -4.8597328780857062E+001 -3.1645960806800949E-001 -4.8597328780857062E+001 -9.8999999999999986E+001 -1.8674456843981500E+000 0.0000000000000000E+000 0.0000000000000000E+000 0.0000000000000000E+000 0.0000000000000000E+000 0.0000000000000000E+000 0.0000000000000000E+000 0.0000000000000000E+000 0.0000000000000000E+000 0.0000000000000000E+000 0.0000000000000000E+000 0.0000000000000000E+000 0.0000000000000000E+000 -9.8999999999999986E+001 0.0000000000000000E+000 0.0000000000000000E+000 -3.8289984351278836E-014
238 3.2679906647979524E+007 9.9999751703445050E-001 -3.2893921024918372E-002 1.1388651000235359E-003 3.7528365054200714E+000 7.1190381003165824E+000 1.9058858331092230E+000 1.7154546585122358E+001 6.9974939016208815E-001 1.0128388365329818E-004 2.8012773515663691E-001 3.9898414482195596E-003 1.3578480007105783E-003 1.1203871111334288E-002 2.5129237964844936E-003 9.5710644087274553E-004 0.0000000000000000E+000 0.0000000000000000E+000 0.0000000000000000E+000 0.0000000000000000E+000 0.0000000000000000E+000 0.0000000000000000E+000 0.0000000000000000E+000 0.0000000000000000E+000 0.0000000000000000E+000 0.0000000000000000E+000 -1.6645844075728393E+000 8.4989157572831953E-001 1.5394440822364093E+001 0.0000000000000000E+000 1.0051766889700019E+004 2.5254131540175859E+007 1.0786805370126629E+010 -2.9225243487411717E-001 -1.2401342661543995E+000 -4.8140043566052739E+001 -2.4585466795735408E-001 -4.8140043566052739E+001 -9.8999999999999986E+001 -1.7983702014756076E+000 0.0000000000000000E+000 0.0000000000000000E+000 0.0000000000000000E+000 0.0000000000000000E+000 0.0000000000000000E+000 0.0000000000000000E+000 0.0000000000000000E+000 0.0000000000000000E+000 0.0000000000000000E+000 0.0000000000000000E+000 0.0000000000000000E+000 0.0000000000000000E+000 -9.8999999999999986E+001 0.0000000000000000E+000 0.0000000000000000E+000 -3.8113942192413510E-014
239 3.3721220475673653E+007 9.9999747831870278E-001 -4.6454389951391735E-002 -7.4689611483118416E-003 3.7537503013126212E+000 7.1260352322006080E+000 1.9028926243317930E+000 1.7158452140349837E+001 6.9971811531765393E-001 9.3649727901536569E-005 2.8015855069076223E-001 3.9412787803627209E-003 1.4145066299516649E-003 1.1203868616010739E-002 2.5129237964844941E-003 9.5710644087274553E-004 0.0000000000000000E+000 0.0000000000000000E+000 0.0000000000000000E+000 0.0000000000000000E+000 0.0000000000000000E+000 0.0000000000000000E+000 0.0000000000000000E+000 0.0000000000000000E+000 0.0000000000000000E+000 0.0000000000000000E+000 -1.6977410350392974E+000 8.4987466594681038E-001 1.5444714101455222E+001 0.0000000000000000E+000 9.7573228996087710E+003 2.6576678318366863E+007 1.1128927028771658E+010 -2.4993513025887970E-001 -1.1066624071184790E+000 -4.7774775227761765E+001 -1.9337992186963265E-001 -4.7774775227761765E+001 -9.8999999999999986E+001 -1.7389179422681944E+000 0.0000000000000000E+000 0.0000000000000000E+000 0.0000000000000000E+000 0.0000000000000000E+000 0.0000000000000000E+000 0.0000000000000000E+000 0.0000000000000000E+000 0.0000000000000000E+000 0.0000000000000000E+000 0.0000000000000000E+000 0.0000000000000000E+000 0.0000000000000000E+000 -9.8999999999999986E+001 0.0000000000000000E+000 0.0000000000000000E+000 -3.7179711350079071E-014
240 3.4970797068906605E+007 9.9999743417176190E-001 -6.8771724167516229E-002 -1.8558574783510477E-002 3.7537157745761895E+000 7.1309987675450790E+000 1.8980060042734292E+000 1.7158425600471450E+001 6.9967048043041224E-001 8.6346455680357383E-005 2.8020129688530848E-001 3.8681240716238741E-003 1.4998571959268100E-003 1.1203864723691290E-002 2.5129237964844941E-003 9.5710644087274553E-004 0.0000000000000000E+000 0.0000000000000000E+000 0.0000000000000000E+000 0.0000000000000000E+000 0.0000000000000000E+000 0.0000000000000000E+000 0.0000000000000000E+000 0.0000000000000000E+000 0.0000000000000000E+000 0.0000000000000000E+000 -1.7281872914122332E+000 8.4984963129115298E-001 1.5490621663803040E+001 0.0000000000000000E+000 9.3906632392633546E+003 2.8701699243267525E+007 1.1715763867391384E+010 -2.2664711616509448E-001 -1.0176672336506096E+000 -4.7521349016273703E+001 -1.6151555389246530E-001 -4.7521349016273703E+001 -9.8999999999999986E+001 -1.6964938921576456E+000 0.0000000000000000E+000 0.0000000000000000E+000 0.0000000000000000E+000 0.0000000000000000E+000 0.0000000000000000E+000 0.0000000000000000E+000 0.0000000000000000E+000 0.0000000000000000E+000 0.0000000000000000E+000 0.0000000000000000E+000 0.0000000000000000E+000 0.0000000000000000E+000 -9.8999999999999986E+001 0.0000000000000000E+000 0.0000000000000000E+000 -3.5329519869300892E-014
241 3.6470288980786152E+007 9.9999738511770453E-001 -9.7269496745276088E-002 -3.0401195298331025E-002 3.7525126416891599E+000 7.1338473894930408E+000 1.8927428723179072E+000 1.7155917327164115E+001 6.9960277163965534E-001 8.0501997212252573E-005 2.8025772994619524E-001 3.7653987043144168E-003 1.6197084012830154E-003 1.1203859073982501E-002 2.5129237964844932E-003 9.5710644087274521E-004 0.0000000000000000E+000 0.0000000000000000E+000 0.0000000000000000E+000 0.0000000000000000E+000 0.0000000000000000E+000 0.0000000000000000E+000 0.0000000000000000E+000 0.0000000000000000E+000 0.0000000000000000E+000 0.0000000000000000E+000 -1.7515372270081671E+000 8.4981480281936306E-001 1.5525591822715203E+001 0.0000000000000000E+000 9.0143070338298985E+003 3.1495460293139447E+007 1.2510318343996506E+010 -2.1827329431038453E-001 -9.7459373884990952E-001 -4.7380356196790437E+001 -1.4813982406456916E-001 -4.7380356196790437E+001 -9.8999999999999986E+001 -1.6744866807021510E+000 0.0000000000000000E+000 0.0000000000000000E+000 0.0000000000000000E+000 0.0000000000000000E+000 0.0000000000000000E+000 0.0000000000000000E+000 0.0000000000000000E+000 0.0000000000000000E+000 0.0000000000000000E+000 0.0000000000000000E+000 0.0000000000000000E+000 0.0000000000000000E+000 -9.8999999999999986E+001 0.0000000000000000E+000 0.0000000000000000E+000 -3.2713785873758463E-014
242 3.8269679275041610E+007 9.9999733147436476E-001 -1.2568193248846213E-001 -4.0856342577628234E-002 3.7506371063930124E+000 7.1349155839235747E+000 1.8885766181377102E+000 1.7152740713959076E+001 6.9950915722527818E-001 7.6253601967708146E-005 2.8033206070762745E-001 3.6242003921380822E-003 1.7844467923678123E-003 1.1203851043263572E-002 2.5129237964844932E-003 9.5710644087274510E-004 0.0000000000000000E+000 0.0000000000000000E+000 0.0000000000000000E+000 0.0000000000000000E+000 0.0000000000000000E+000 0.0000000000000000E+000 0.0000000000000000E+000 0.0000000000000000E+000 0.0000000000000000E+000 0.0000000000000000E+000 -1.7656922982359800E+000 8.4976728754630027E-001 1.5546130774962132E+001 0.0000000000000000E+000 8.6946006059405354E+003 3.4444151929888599E+007 1.3356134182930866E+010 -2.1860780402277044E-001 -9.7086371202703237E-001 -4.7331086302662335E+001 -1.4786579722925752E-001 -4.7331086302662335E+001 -9.8999999999999986E+001 -1.6706934665125679E+000 0.0000000000000000E+000 0.0000000000000000E+000 0.0000000000000000E+000 0.0000000000000000E+000 0.0000000000000000E+000 0.0000000000000000E+000 0.0000000000000000E+000 0.0000000000000000E+000 0.0000000000000000E+000 0.0000000000000000E+000 0.0000000000000000E+000 0.0000000000000000E+000 -9.8999999999999986E+001 0.0000000000000000E+000 0.0000000000000000E+000 -2.9811953483429465E-014
243 4.0428947628148161E+007 9.9999727130043925E-001 -1.4861862158276340E-001 -4.8129316525387322E-002 3.7485394210933158E+000 7.1347035272872930E+000 1.8860112055661200E+000 1.7149901076551011E+001 6.9939434910984988E-001 7.4308449262282860E-005 2.8042065995538679E-001 3.4552687193298327E-003 1.9815425529666284E-003 1.1203840975847354E-002 2.5129237964844932E-003 9.5710644087274510E-004 0.0000000000000000E+000 0.0000000000000000E+000 0.0000000000000000E+000 0.0000000000000000E+000 0.0000000000000000E+000 0.0000000000000000E+000 0.0000000000000000E+000 0.0000000000000000E+000 0.0000000000000000E+000 0.0000000000000000E+000 -1.7713057085279673E+000 8.4970955929646841E-001 1.5553228336562787E+001 0.0000000000000000E+000 8.4789131980706716E+003 3.6925391361591302E+007 1.4080479237269583E+010 -2.2152117380810366E-001 -9.9540161529001625E-001 -4.7346216827451123E+001 -1.5396169124435841E-001 -4.7346216827451123E+001 -9.8999999999999986E+001 -1.6797072236774040E+000 0.0000000000000000E+000 0.0000000000000000E+000 0.0000000000000000E+000 0.0000000000000000E+000 0.0000000000000000E+000 0.0000000000000000E+000 0.0000000000000000E+000 0.0000000000000000E+000 0.0000000000000000E+000 0.0000000000000000E+000 0.0000000000000000E+000 5.0016570756075358E-002 4.9401712511081030E+001 3.7049501685706830E-005 2.3086264923492909E+001 -2.7867738396987664E-014
244 4.3020069651876017E+007 9.9999720394484004E-001 -1.6172106332927705E-001 -5.2108292266626277E-002 3.7472532985273070E+000 7.1340519844022658E+000 1.8852196327454702E+000 1.7148406474553681E+001 6.9925535959100993E-001 7.3433092474211922E-005 2.8052771841620705E-001 3.2584209480419945E-003 2.2112091156501761E-003 1.1203828599259462E-002 2.5129237964844932E-003 9.5710644087274510E-004 0.0000000000000000E+000 0.0000000000000000E+000 0.0000000000000000E+000 0.0000000000000000E+000 0.0000000000000000E+000 0.0000000000000000E+000 0.0000000000000000E+000 0.0000000000000000E+000 0.0000000000000000E+000 0.0000000000000000E+000 -1.7709887045090222E+000 8.4963991864425081E-001 1.5550899725271393E+001 0.0000000000000000E+000 8.3631857018363644E+003 3.8406653382282831E+007 1.4511752038583290E+010 -2.2265034389551841E-001 -1.0317080271672086E+000 -4.7381353705038322E+001 -1.5998636529223206E-001 -4.7381353705038322E+001 -9.8999999999999986E+001 -1.6928097115357339E+000 0.0000000000000000E+000 0.0000000000000000E+000 0.0000000000000000E+000 0.0000000000000000E+000 0.0000000000000000E+000 0.0000000000000000E+000 0.0000000000000000E+000 0.0000000000000000E+000 0.0000000000000000E+000 0.0000000000000000E+000 0.0000000000000000E+000 4.9948261524758432E-002 4.9409018869817658E+001 3.7510874931743305E-005 2.3160514275322182E+001 -2.5994761568890414E-014
245 4.6129416080349445E+007 9.9999712623542913E-001 -1.6684062734713040E-001 -5.3377041240967989E-002 3.7466077820100150E+000 7.1333558797171266E+000 1.8857984489903408E+000 1.7148240418144294E+001 6.9908757354631912E-001 7.2835726783411085E-005 2.8065830392587848E-001 3.0316221117081994E-003 2.4758210954583144E-003 1.1203813356495220E-002 2.5129237964844932E-003 9.5710644087274510E-004 0.0000000000000000E+000 0.0000000000000000E+000 0.0000000000000000E+000 0.0000000000000000E+000 0.0000000000000000E+000 0.0000000000000000E+000 0.0000000000000000E+000 0.0000000000000000E+000 0.0000000000000000E+000 0.0000000000000000E+000 -1.7671617145726046E+000 8.4955592606095665E-001 1.5542829319025627E+001 0.0000000000000000E+000 8.3266178595176680E+003 3.8975770685656704E+007 1.4683831061934113E+010 -2.2148895357913573E-001 -1.0728517274023548E+000 -4.7416414601610420E+001 -1.6427517404923347E-001 -4.7416414601610420E+001 -9.8999999999999986E+001 -1.7063172418965658E+000 0.0000000000000000E+000 0.0000000000000000E+000 0.0000000000000000E+000 0.0000000000000000E+000 0.0000000000000000E+000 0.0000000000000000E+000 0.0000000000000000E+000 0.0000000000000000E+000 0.0000000000000000E+000 0.0000000000000000E+000 0.0000000000000000E+000 4.9938609001168775E-002 4.9413890520415123E+001 3.7668389070442543E-005 2.3189866630460980E+001 -2.4992201012178132E-014
246 4.9860631794517562E+007 9.9999703434577369E-001 -1.6705747393774054E-001 -5.3246956021407624E-002 3.7464885277525823E+000 7.1328551102685305E+000 1.8873246856355512E+000 1.7149212298584555E+001 6.9888461726498163E-001 7.2072480352747471E-005 2.8081869126817072E-001 2.7716147148565931E-003 2.7791797231135700E-003 1.1203794311167548E-002 2.5129237964844932E-003 9.5710644087274499E-004 0.0000000000000000E+000 0.0000000000000000E+000 0.0000000000000000E+000 0.0000000000000000E+000 0.0000000000000000E+000 0.0000000000000000E+000 0.0000000000000000E+000 0.0000000000000000E+000 0.0000000000000000E+000 0.0000000000000000E+000 -1.7617317449933632E+000 8.4945432071254945E-001 1.5531889039259207E+001 0.0000000000000000E+000 8.3303602191653554E+003 3.8983550700806282E+007 1.4691163292979918E+010 -2.1784122974321896E-001 -1.1154156098630672E+000 -4.7439485064847851E+001 -1.6607239146626535E-001 -4.7439485064847851E+001 -9.8999999999999986E+001 -1.7182936766575170E+000 0.0000000000000000E+000 0.0000000000000000E+000 0.0000000000000000E+000 0.0000000000000000E+000 0.0000000000000000E+000 0.0000000000000000E+000 0.0000000000000000E+000 0.0000000000000000E+000 0.0000000000000000E+000 0.0000000000000000E+000 0.0000000000000000E+000 4.9968192612056338E-002 4.9415920332019532E+001 3.7673815379853978E-005 2.3200121917133789E+001 -2.4627269584636777E-014
247 5.4338090651519299E+007 9.9999692410019880E-001 -1.6532037670889108E-001 -5.2673740114120189E-002 3.7466361941061503E+000 7.1325831523376353E+000 1.8894716697456448E+000 1.7151023136394375E+001 6.9863861804734428E-001 7.1020599108600587E-005 2.8101653330878873E-001 2.4763422334163304E-003 3.1236854386299728E-003 1.1203770135354868E-002 2.5129237964844932E-003 9.5710644087274510E-004 0.0000000000000000E+000 0.0000000000000000E+000 0.0000000000000000E+000 0.0000000000000000E+000 0.0000000000000000E+000 0.0000000000000000E+000 0.0000000000000000E+000 0.0000000000000000E+000 0.0000000000000000E+000 0.0000000000000000E+000 -1.7556247700075518E+000 8.4933114579018998E-001 1.5519412420278460E+001 0.0000000000000000E+000 8.3468696100289235E+003 3.8776712268617630E+007 1.4632517118342436E+010 -2.1237144514514725E-001 -1.1603007552477507E+000 -4.7449316753443732E+001 -1.6597848882571473E-001 -4.7449316753443732E+001 -9.8999999999999986E+001 -1.7287875717401857E+000 0.0000000000000000E+000 0.0000000000000000E+000 0.0000000000000000E+000 0.0000000000000000E+000 0.0000000000000000E+000 0.0000000000000000E+000 0.0000000000000000E+000 0.0000000000000000E+000 0.0000000000000000E+000 0.0000000000000000E+000 0.0000000000000000E+000 4.9997435888715261E-002 4.9416117632730938E+001 3.7621313839697778E-005 2.3198376372220817E+001 -2.4622353537473369E-014
248 5.9711041279921375E+007 9.9999679109985007E-001 -1.6315827334958249E-001 -5.2093125411438373E-002 3.7468864125946366E+000 7.1324855978329271E+000 1.8920909130146175E+000 1.7153466022054396E+001 6.9834037784882441E-001 6.9723420284995604E-005 2.8126124837006389E-001 2.1473850261751241E-003 3.5074960430477729E-003 1.1203739054246603E-002 2.5129237964844932E-003 9.5710644087274510E-004 0.0000000000000000E+000 0.0000000000000000E+000 0.0000000000000000E+000 0.0000000000000000E+000 0.0000000000000000E+000 0.0000000000000000E+000 0.0000000000000000E+000 0.0000000000000000E+000 0.0000000000000000E+000 0.0000000000000000E+000 -1.7490143179037234E+000 8.4918180949445954E-001 1.5505557632812694E+001 0.0000000000000000E+000 8.3636255407404151E+003 3.8532585481017381E+007 1.4559849295077219E+010 -2.0582887140712683E-001 -1.2101124818850346E+000 -4.7448971698513098E+001 -1.6482386416899672E-001 -4.7448971698513098E+001 -9.8999999999999986E+001 -1.7384414312016252E+000 0.0000000000000000E+000 0.0000000000000000E+000 0.0000000000000000E+000 0.0000000000000000E+000 0.0000000000000000E+000 0.0000000000000000E+000 0.0000000000000000E+000 0.0000000000000000E+000 0.0000000000000000E+000 0.0000000000000000E+000 0.0000000000000000E+000 5.0018476130717394E-002 4.9415433912331771E+001 3.7561732799292115E-005 2.3192620162846104E+001 -2.4753688985105839E-014
249 6.6158582034003876E+007 9.9999663048828935E-001 -1.6099090595874330E-001 -5.1594741575792739E-002 3.7471790625245238E+000 7.1325034960354392E+000 1.8951345604524039E+000 1.7156430661515213E+001 6.9797929138342074E-001 6.8256112526434858E-005 2.8156456732509566E-001 1.7919458577564330E-003 3.9222103757786406E-003 1.1203698708064820E-002 2.5129237964844932E-003 9.5710644087274510E-004 0.0000000000000000E+000 0.0000000000000000E+000 0.0000000000000000E+000 0.0000000000000000E+000 0.0000000000000000E+000 0.0000000000000000E+000 0.0000000000000000E+000 0.0000000000000000E+000 0.0000000000000000E+000 0.0000000000000000E+000 -1.7418119314002378E+000 8.4900102171046476E-001 1.5490068847325016E+001 0.0000000000000000E+000 8.3780353952392779E+003 3.8296779986390650E+007 1.4487366353124662E+010 -1.9869001775558734E-001 -1.2672779367720000E+000 -4.7441568378208260E+001 -1.6310380310188499E-001 -4.7441568378208260E+001 -1.5954589770191003E+001 -1.7476637179540981E+000 0.0000000000000000E+000 0.0000000000000000E+000 0.0000000000000000E+000 0.0000000000000000E+000 0.0000000000000000E+000 0.0000000000000000E+000 0.0000000000000000E+000 0.0000000000000000E+000 0.0000000000000000E+000 0.0000000000000000E+000 0.0000000000000000E+000 5.0032695944114858E-002 4.9414410183521760E+001 3.7507773907820050E-005 2.3185895664185242E+001 -2.4910514985255057E-014
250 7.3895630938902885E+007 9.9999643656772430E-001 -1.5882876423044848E-001 -5.1152508301281374E-002 3.7474984813193419E+000 7.1325922975308194E+000 1.8985455218215879E+000 1.7159811218283735E+001 6.9754301853973577E-001 6.6678265057460532E-005 2.8194113176789642E-001 1.4241887920229273E-003 4.3513064573506583E-003 1.1203645940579560E-002 2.5129237964844932E-003 9.5710644087274499E-004 0.0000000000000000E+000 0.0000000000000000E+000 0.0000000000000000E+000 0.0000000000000000E+000 0.0000000000000000E+000 0.0000000000000000E+000 0.0000000000000000E+000 0.0000000000000000E+000 0.0000000000000000E+000 0.0000000000000000E+000 -1.7340061386112882E+000 8.4878262231404411E-001 1.5472793049148892E+001 0.0000000000000000E+000 8.3908427624466312E+003 3.8067794512507267E+007 1.4415417224006535E+010 -1.9125131100945433E-001 -1.3333095257362901E+000 -4.7429463185205819E+001 -1.6101557647914574E-001 -4.7429463185205819E+001 -1.5653559774527022E+001 -1.7564842743699176E+000 0.0000000000000000E+000 0.0000000000000000E+000 0.0000000000000000E+000 0.0000000000000000E+000 0.0000000000000000E+000 0.0000000000000000E+000 0.0000000000000000E+000 0.0000000000000000E+000 0.0000000000000000E+000 0.0000000000000000E+000 0.0000000000000000E+000 5.0042452412854169E-002 4.9413229401773727E+001 3.7457812904946669E-005 2.3178602587345260E+001 -2.5063892885735882E-014
251 8.3180089624781698E+007 9.9999620246332643E-001 -1.5666586177658356E-001 -5.0737284220644226E-002 3.7478315948924896E+000 7.1327130629110558E+000 1.9021960440388495E+000 1.7163435339912965E+001 6.9701686559612841E-001 6.5036444722327397E-005 2.8240909342959214E-001 1.0651381241776562E-003 4.7702596332623859E-003 1.1203576534759853E-002 2.5129237964844932E-003 9.5710644087274499E-004 0.0000000000000000E+000 0.0000000000000000E+000 0.0000000000000000E+000 0.0000000000000000E+000 0.0000000000000000E+000 0.0000000000000000E+000 0.0000000000000000E+000 0.0000000000000000E+000 0.0000000000000000E+000 0.0000000000000000E+000 -1.7257844057229068E+000 8.4851927220551793E-001 1.5453853206222313E+001 0.0000000000000000E+000 8.4028859649441056E+003 3.7842462259619474E+007 1.4343799716917442E+010 -1.8382120395840656E-001 -1.4083878764996955E+000 -4.7414807733976950E+001 -1.5866873007646068E-001 -4.7414807733976950E+001 -1.5954589770191003E+001 -1.7646878146213556E+000 0.0000000000000000E+000 0.0000000000000000E+000 0.0000000000000000E+000 0.0000000000000000E+000 0.0000000000000000E+000 0.0000000000000000E+000 0.0000000000000000E+000 0.0000000000000000E+000 0.0000000000000000E+000 0.0000000000000000E+000 0.0000000000000000E+000 5.0047989547909927E-002 4.9411935812989910E+001 3.7408253569543724E-005 2.3170078040950916E+001 -2.5214652328016577E-014
252 9.4321440047836259E+007 9.9999591986535086E-001 -1.5454623887525012E-001 -5.0341512614163433E-002 3.7481636148145823E+000 7.1328308913288989E+000 1.9058839969157675E+000 1.7167058397596300E+001 6.9638266595436948E-001 6.3367281284669620E-005 2.8299074696457416E-001 7.3977776037453466E-004 5.1499269239672959E-003 1.1203484878072691E-002 2.5129237964844932E-003 9.5710644087274510E-004 0.0000000000000000E+000 0.0000000000000000E+000 0.0000000000000000E+000 0.0000000000000000E+000 0.0000000000000000E+000 0.0000000000000000E+000 0.0000000000000000E+000 0.0000000000000000E+000 0.0000000000000000E+000 0.0000000000000000E+000 -1.7175344240973200E+000 8.4820189419073222E-001 1.5433632714982126E+001 0.0000000000000000E+000 8.4143813053054764E+003 3.7623894375095367E+007 1.4273959720465277E+010 -1.7677493517159562E-001 -1.4907527873792772E+000 -4.7399631111012134E+001 -1.5619352561207725E-001 -4.7399631111012134E+001 -1.5954589770191003E+001 -1.7719592848036829E+000 0.0000000000000000E+000 0.0000000000000000E+000 0.0000000000000000E+000 0.0000000000000000E+000 0.0000000000000000E+000 0.0000000000000000E+000 0.0000000000000000E+000 0.0000000000000000E+000 0.0000000000000000E+000 0.0000000000000000E+000 0.0000000000000000E+000 5.0049946093517435E-002 4.9410575822850902E+001 3.7358596405444674E-005 2.3160417802569388E+001 -2.5364786555716834E-014
253 1.0769106055550174E+008 9.9999557877784673E-001 -1.5256581640979872E-001 -4.9959805769702936E-002 3.7484678670087148E+000 7.1329211686289637E+000 1.9093781843286386E+000 1.7170414736434449E+001 6.9561702667590342E-001 6.1693650717733556E-005 2.8371327152189613E-001 4.7095661902124254E-004 5.4636577918147494E-003 1.1203363503289532E-002 2.5129237964844932E-003 9.5710644087274521E-004 0.0000000000000000E+000 0.0000000000000000E+000 0.0000000000000000E+000 0.0000000000000000E+000 0.0000000000000000E+000 0.0000000000000000E+000 0.0000000000000000E+000 0.0000000000000000E+000 0.0000000000000000E+000 0.0000000000000000E+000 -1.7097534380005948E+000 8.4781879561307150E-001 1.5412612130146696E+001 0.0000000000000000E+000 8.4254833151779712E+003 3.7419787847805753E+007 1.4209012499262806E+010 -1.7049698397683224E-001 -1.5764430898286148E+000 -4.7385435998945411E+001 -1.5376885780478314E-001 -4.7385435998945411E+001 -1.5653559774527022E+001 -1.7780528325058598E+000 0.0000000000000000E+000 0.0000000000000000E+000 0.0000000000000000E+000 0.0000000000000000E+000 0.0000000000000000E+000 0.0000000000000000E+000 0.0000000000000000E+000 0.0000000000000000E+000 0.0000000000000000E+000 0.0000000000000000E+000 0.0000000000000000E+000 5.0041799427266435E-002 4.9409230547949825E+001 3.7303286283168794E-005 2.3146463037609283E+001 -2.5512130578644315E-014
254 1.2373460516470033E+008 9.9999516724042481E-001 -1.5078659112733200E-001 -4.9583415475223602E-002 3.7487244781820919E+000 7.1329806109461815E+000 1.9124981683742250E+000 1.7173308379227898E+001 6.9468907292009274E-001 6.0016905482084707E-005 2.8460977869290505E-001 2.7209578919749243E-004 5.6958030844745881E-003 1.1203202370490908E-002 2.5129237964844932E-003 9.5710644087274488E-004 0.0000000000000000E+000 0.0000000000000000E+000 0.0000000000000000E+000 0.0000000000000000E+000 0.0000000000000000E+000 0.0000000000000000E+000 0.0000000000000000E+000 0.0000000000000000E+000 0.0000000000000000E+000 0.0000000000000000E+000 -1.7028925754589488E+000 8.4735453927762661E-001 1.5391103909501043E+001 0.0000000000000000E+000 8.4364453528743525E+003 3.7234484701257415E+007 1.4150914021696638E+010 -1.6523296031962201E-001 -1.6601308894287372E+000 -4.7372491881048859E+001 -1.5155474845071429E-001 -4.7372491881048859E+001 -1.5477468515471340E+001 -1.7829006575616211E+000 0.0000000000000000E+000 0.0000000000000000E+000 0.0000000000000000E+000 0.0000000000000000E+000 0.0000000000000000E+000 0.0000000000000000E+000 0.0000000000000000E+000 0.0000000000000000E+000 0.0000000000000000E+000 0.0000000000000000E+000 0.0000000000000000E+000 5.0033331630036176E-002 4.9407993613944953E+001 3.7248503083783555E-005 2.3132509236825832E+001 -2.5651277936405606E-014
255 1.4298685869573861E+008 9.9999467093802763E-001 -1.4920489921230509E-001 -4.9205025579017500E-002 3.7489307062127462E+000 7.1330314682379354E+000 1.9151772661037545E+000 1.7175679995899788E+001 6.9355813252539955E-001 5.8315005684902507E-005 2.8572089506052806E-001 1.4277921508730181E-004 5.8468602693268062E-003 1.1202987686616249E-002 2.5129237964844932E-003 9.5710644087274499E-004 0.0000000000000000E+000 0.0000000000000000E+000 0.0000000000000000E+000 0.0000000000000000E+000 0.0000000000000000E+000 0.0000000000000000E+000 0.0000000000000000E+000 0.0000000000000000E+000 0.0000000000000000E+000 0.0000000000000000E+000 -1.6972206269903714E+000 8.4678878543031388E-001 1.5369019735934828E+001 0.0000000000000000E+000 8.4474803521420108E+003 3.7066777831729844E+007 1.4099463410200237E+010 -1.6099606045406301E-001 -1.7372820814713075E+000 -4.7359505085538665E+001 -1.4962501585742793E-001 -4.7359505085538665E+001 -1.5954589770191003E+001 -1.7866278995195275E+000 0.0000000000000000E+000 0.0000000000000000E+000 0.0000000000000000E+000 0.0000000000000000E+000 0.0000000000000000E+000 0.0000000000000000E+000 0.0000000000000000E+000 0.0000000000000000E+000 0.0000000000000000E+000 0.0000000000000000E+000 0.0000000000000000E+000 5.0023174900643182E-002 4.9406929759946600E+001 3.7192287800584714E-005 2.3117729474767760E+001 -2.5778924859872864E-014
256 1.6608956293298456E+008 9.9999407268085205E-001 -1.4774595990198564E-001 -4.8810658599385166E-002 3.7490982575505090E+000 7.1330277644758997E+000 1.9176253583723670E+000 1.7177671170158948E+001 6.9215248643618099E-001 5.5862984165814180E-005 2.8711673861165865E-001 6.9025524232370605E-005 5.9331702974066407E-003 1.1202685908998250E-002 2.5129237964844932E-003 9.5710644087274477E-004 0.0000000000000000E+000 0.0000000000000000E+000 0.0000000000000000E+000 0.0000000000000000E+000 0.0000000000000000E+000 0.0000000000000000E+000 0.0000000000000000E+000 0.0000000000000000E+000 0.0000000000000000E+000 0.0000000000000000E+000 -1.6920963360943424E+000 8.4608555371545136E-001 1.5344522811217599E+001 0.0000000000000000E+000 8.4589969955860233E+003 3.6908892096626580E+007 1.4052169694018696E+010 -1.5758369192647684E-001 -1.8062260170122724E+000 -4.7347445500752087E+001 -1.4793850898393740E-001 -4.7347445500752087E+001 -1.5653559774527022E+001 -1.7894634586198950E+000 0.0000000000000000E+000 0.0000000000000000E+000 0.0000000000000000E+000 0.0000000000000000E+000 0.0000000000000000E+000 0.0000000000000000E+000 0.0000000000000000E+000 0.0000000000000000E+000 0.0000000000000000E+000 0.0000000000000000E+000 0.0000000000000000E+000 5.0014336923836791E-002 4.9406053314375676E+001 3.7135086985721404E-005 2.3103142305866175E+001 -2.5895547528622968E-014
257 1.9381280801767969E+008 9.9999335170166359E-001 -1.4635886474691223E-001 -4.8399196672291540E-002 3.7492393003757312E+000 7.1331078095387097E+000 1.9198051354706305E+000 1.7179355604701247E+001 6.9039805955801992E-001 5.3351240601308745E-005 2.8886799139388386E-001 3.4589722124390629E-005 5.9737196258224847E-003 1.1202258222190786E-002 2.5129237964844932E-003 9.5710644087274488E-004 0.0000000000000000E+000 0.0000000000000000E+000 0.0000000000000000E+000 0.0000000000000000E+000 0.0000000000000000E+000 0.0000000000000000E+000 0.0000000000000000E+000 0.0000000000000000E+000 0.0000000000000000E+000 0.0000000000000000E+000 -1.6881666313563541E+000 8.4520792165244352E-001 1.5317694238946999E+001 0.0000000000000000E+000 8.4710300072160808E+003 3.6756303235011719E+007 1.4007349902178371E+010 -1.5473985026276146E-001 -1.8680193118383921E+000 -4.7329384169117546E+001 -1.4641577184721052E-001 -4.7329384169117546E+001 -1.5954589770191003E+001 -1.7916216440457811E+000 0.0000000000000000E+000 0.0000000000000000E+000 0.0000000000000000E+000 0.0000000000000000E+000 0.0000000000000000E+000 0.0000000000000000E+000 0.0000000000000000E+000 0.0000000000000000E+000 0.0000000000000000E+000 0.0000000000000000E+000 0.0000000000000000E+000 5.0007856938122368E-002 4.9405319200948391E+001 3.7077531431613753E-005 2.3089197170811488E+001 -2.6006305769887848E-014
258 2.2708070211931387E+008 9.9999248293560505E-001 -1.4495756661916703E-001 -4.7961555124737744E-002 3.7493708041338905E+000 7.1333873692921017E+000 1.9219240352453772E+000 1.7181032644884947E+001 6.8822389895337932E-001 5.1277879182189389E-005 2.9104218970348267E-001 2.1933783657535312E-005 5.9890005536872163E-003 1.1201668889253566E-002 2.5129237964844932E-003 9.5710644087274499E-004 0.0000000000000000E+000 0.0000000000000000E+000 0.0000000000000000E+000 0.0000000000000000E+000 0.0000000000000000E+000 0.0000000000000000E+000 0.0000000000000000E+000 0.0000000000000000E+000 0.0000000000000000E+000 0.0000000000000000E+000 -1.6853967368438076E+000 8.4412049578988646E-001 1.5287624000352606E+001 0.0000000000000000E+000 8.4838478478523884E+003 3.6600930915106341E+007 1.3962214379320295E+010 -1.5221205146261102E-001 -1.9252855115874201E+000 -4.7302459523752439E+001 -1.4494974390333595E-001 -4.7302459523752439E+001 -1.5352529778863040E+001 -1.7932486849000533E+000 0.0000000000000000E+000 0.0000000000000000E+000 0.0000000000000000E+000 0.0000000000000000E+000 0.0000000000000000E+000 0.0000000000000000E+000 0.0000000000000000E+000 0.0000000000000000E+000 0.0000000000000000E+000 0.0000000000000000E+000 0.0000000000000000E+000 5.0004531797371493E-002 4.9404682569729275E+001 3.7019051865002154E-005 2.3076019325161699E+001 -2.6114248646604473E-014
259 2.6700217504127488E+008 9.9999143599171014E-001 -1.4346842484273784E-001 -4.7482213735176609E-002 3.7495034188832168E+000 7.1337195741986550E+000 1.9240903379043564E+000 1.7182630767715754E+001 6.8552973161892117E-001 4.9218376760900380E-005 2.9373791801416138E-001 1.8332606808871576E-005 5.9939136162757752E-003 1.1200855529712487E-002 2.5129237964844941E-003 9.5710644087274521E-004 0.0000000000000000E+000 0.0000000000000000E+000 0.0000000000000000E+000 0.0000000000000000E+000 0.0000000000000000E+000 0.0000000000000000E+000 0.0000000000000000E+000 0.0000000000000000E+000 0.0000000000000000E+000 0.0000000000000000E+000 -1.6830446669930719E+000 8.4277306887225301E-001 1.5251975819254532E+001 0.0000000000000000E+000 8.4979096737206983E+003 3.6435332649503030E+007 1.3914407099066114E+010 -1.4980284744656383E-001 -1.9801268261860143E+000 -4.7268236483298757E+001 -1.4343092507728558E-001 -4.7268236483298757E+001 -9.8999999999999986E+001 -1.7943880883905154E+000 0.0000000000000000E+000 0.0000000000000000E+000 0.0000000000000000E+000 0.0000000000000000E+000 0.0000000000000000E+000 0.0000000000000000E+000 0.0000000000000000E+000 0.0000000000000000E+000 0.0000000000000000E+000 0.0000000000000000E+000 0.0000000000000000E+000 5.0004120783536672E-002 4.9404075390773102E+001 3.6957493702561782E-005 2.3063084103299207E+001 -2.6225081849699415E-014
260 3.1490794254762805E+008 9.9999017395033474E-001 -1.4182314679964239E-001 -4.6947909690030369E-002 3.7496475863714176E+000 7.1341852369894418E+000 1.9264972430291101E+000 1.7184389193172940E+001 6.8221423171619544E-001 4.7454912870463401E-005 2.9705520273668579E-001 1.7637115700869943E-005 5.9956859202904261E-003 1.1199757360887403E-002 2.5129237964845001E-003 9.5710644087274748E-004 0.0000000000000000E+000 0.0000000000000000E+000 0.0000000000000000E+000 0.0000000000000000E+000 0.0000000000000000E+000 0.0000000000000000E+000 0.0000000000000000E+000 0.0000000000000000E+000 0.0000000000000000E+000 0.0000000000000000E+000 -1.6810058840156923E+000 8.4111502501023638E-001 1.5209376015853991E+001 0.0000000000000000E+000 8.5136117443048297E+003 3.6252842198140629E+007 1.3861776089791201E+010 -1.4738278442057831E-001 -2.0335675749165536E+000 -4.7225472082149395E+001 -1.4177498329904434E-001 -4.7225472082149395E+001 -9.8999999999999986E+001 -1.7950323419182992E+000 0.0000000000000000E+000 0.0000000000000000E+000 0.0000000000000000E+000 0.0000000000000000E+000 0.0000000000000000E+000 0.0000000000000000E+000 0.0000000000000000E+000 0.0000000000000000E+000 0.0000000000000000E+000 0.0000000000000000E+000 0.0000000000000000E+000 5.0004171708967815E-002 4.9403452617409641E+001 3.6889372620037289E-005 2.3048908203276230E+001 -2.6344247072885216E-014
261 3.7239486355525190E+008 9.9998865187912800E-001 -1.3996513387696977E-001 -4.6343772255890599E-002 3.7498100208850160E+000 7.1347599364904593E+000 1.9293171601482941E+000 1.7186404596455674E+001 6.7812803672313726E-001 4.5548763245866965E-005 3.0114349798292228E-001 1.7676465634508010E-005 5.9969528285349506E-003 1.1198256999172863E-002 2.5129237964845313E-003 9.5710644087275930E-004 0.0000000000000000E+000 0.0000000000000000E+000 0.0000000000000000E+000 0.0000000000000000E+000 0.0000000000000000E+000 0.0000000000000000E+000 0.0000000000000000E+000 0.0000000000000000E+000 0.0000000000000000E+000 0.0000000000000000E+000 -1.6788724915022588E+000 8.3907160982211171E-001 1.5157416446157919E+001 0.0000000000000000E+000 8.5314014290535124E+003 3.6047785339133807E+007 1.3802577852347765E+010 -1.4486010095727062E-001 -2.0858582864288335E+000 -4.7173601695232428E+001 -1.3991345922199283E-001 -4.7173601695232428E+001 -9.8999999999999986E+001 -1.7951457510362816E+000 0.0000000000000000E+000 0.0000000000000000E+000 0.0000000000000000E+000 0.0000000000000000E+000 0.0000000000000000E+000 0.0000000000000000E+000 0.0000000000000000E+000 0.0000000000000000E+000 0.0000000000000000E+000 0.0000000000000000E+000 0.0000000000000000E+000 5.0005180519218866E-002 4.9402769460505539E+001 3.6813198558350475E-005 2.3033327317787229E+001 -2.6476826030183312E-014
262 4.4137916876440054E+008 9.9998681500655817E-001 -1.3783463574243329E-001 -4.5651619444872581E-002 3.7499965690131409E+000 7.1355121690454970E+000 1.9326134471566809E+000 1.7188761951340357E+001 6.7314364394934156E-001 4.3860446677981648E-005 3.0612985185620478E-001 1.7826577273936954E-005 5.9985120485092800E-003 1.1196274884635248E-002 2.5129237964845183E-003 9.5710644087275442E-004 0.0000000000000000E+000 0.0000000000000000E+000 0.0000000000000000E+000 0.0000000000000000E+000 0.0000000000000000E+000 0.0000000000000000E+000 0.0000000000000000E+000 0.0000000000000000E+000 0.0000000000000000E+000 0.0000000000000000E+000 -1.6768330948396835E+000 8.3657913204911694E-001 1.5094833707209952E+001 0.0000000000000000E+000 8.5518289445664032E+003 3.5814124726605281E+007 1.3735007772985304E+010 -1.4215809148603195E-001 -2.1367670950949216E+000 -4.7111122179386300E+001 -1.3778301216177158E-001 -4.7111122179386300E+001 -9.8999999999999986E+001 -1.7946779239271267E+000 0.0000000000000000E+000 0.0000000000000000E+000 0.0000000000000000E+000 0.0000000000000000E+000 0.0000000000000000E+000 0.0000000000000000E+000 0.0000000000000000E+000 0.0000000000000000E+000 0.0000000000000000E+000 0.0000000000000000E+000 0.0000000000000000E+000 5.0006869700183060E-002 4.9401994852182753E+001 3.6726510696883132E-005 2.3015734012627675E+001 -2.6627398279178064E-014
263 5.2416033501537883E+008 9.9998459638246506E-001 -1.3536238792906902E-001 -4.4848934139110140E-002 3.7502132883136010E+000 7.1364407033985424E+000 1.9365330686952031E+000 1.7191557215955235E+001 6.6712514945886825E-001 4.2841549446427963E-005 3.1214969906997425E-001 1.7928967655854894E-005 6.0006099200705957E-003 1.1193740796627378E-002 2.5129237964845183E-003 9.5710644087275442E-004 0.0000000000000000E+000 0.0000000000000000E+000 0.0000000000000000E+000 0.0000000000000000E+000 0.0000000000000000E+000 0.0000000000000000E+000 0.0000000000000000E+000 0.0000000000000000E+000 0.0000000000000000E+000 0.0000000000000000E+000 -1.6746236565667056E+000 8.3356971498767507E-001 1.5019579119055436E+001 0.0000000000000000E+000 8.5755802454885343E+003 3.5544915124195501E+007 1.3657012225193817E+010 -1.3919398720330697E-001 -2.1857304646775657E+000 -4.7036207997066718E+001 -1.3530976314113555E-001 -4.7036207997066718E+001 -1.5477468515471340E+001 -1.7935617357813602E+000 0.0000000000000000E+000 0.0000000000000000E+000 0.0000000000000000E+000 0.0000000000000000E+000 0.0000000000000000E+000 0.0000000000000000E+000 0.0000000000000000E+000 0.0000000000000000E+000 0.0000000000000000E+000 0.0000000000000000E+000 0.0000000000000000E+000 5.0009199844540879E-002 4.9401099679653953E+001 3.6626506002457733E-005 2.2995517852191533E+001 -2.6801073160578159E-014
264 6.2349773451655281E+008 9.9998191387543223E-001 -1.3246598466316115E-001 -4.3907962758897023E-002 3.7504669034399711E+000 7.1375604890088828E+000 1.9412410384091980E+000 1.7194900407379766E+001 6.5988420561467998E-001 4.1651952954614991E-005 3.1939225240928854E-001 1.8032177585289538E-005 6.0033083873412864E-003 1.1190519220793057E-002 2.5129237964845183E-003 9.5710644087275464E-004 0.0000000000000000E+000 0.0000000000000000E+000 0.0000000000000000E+000 0.0000000000000000E+000 0.0000000000000000E+000 0.0000000000000000E+000 0.0000000000000000E+000 0.0000000000000000E+000 0.0000000000000000E+000 0.0000000000000000E+000 -1.6720305699970399E+000 8.2994904479949905E-001 1.4929039496201042E+001 0.0000000000000000E+000 8.6035077599257893E+003 3.5232038904504374E+007 1.3566197329706499E+010 -1.3588118755749648E-001 -2.2319029454801087E+000 -4.6946321536165243E+001 -1.3241359864761235E-001 -4.6946321536165243E+001 -9.8999999999999986E+001 -1.7917103593318715E+000 0.0000000000000000E+000 0.0000000000000000E+000 0.0000000000000000E+000 0.0000000000000000E+000 0.0000000000000000E+000 0.0000000000000000E+000 0.0000000000000000E+000 0.0000000000000000E+000 0.0000000000000000E+000 0.0000000000000000E+000 0.0000000000000000E+000 5.0012257026685027E-002 4.9400051981665932E+001 3.6509855487759299E-005 2.2971990077753581E+001 -2.7003998961685882E-014
265 7.4270261391796160E+008 9.9997866628945908E-001 -1.2904113472595749E-001 -4.2797257246621270E-002 3.7507677631681342E+000 7.1389157296720480E+000 1.9469231786102095E+000 1.7198926093890730E+001 6.5116839606024057E-001 4.0250534797287505E-005 3.2811000216321434E-001 1.8156387167250391E-005 6.0067900342866973E-003 1.1186374582936641E-002 2.5129237964845183E-003 9.5710644087275453E-004 0.0000000000000000E+000 0.0000000000000000E+000 0.0000000000000000E+000 0.0000000000000000E+000 0.0000000000000000E+000 0.0000000000000000E+000 0.0000000000000000E+000 0.0000000000000000E+000 0.0000000000000000E+000 0.0000000000000000E+000 -1.6689355760747702E+000 8.2559090645258670E-001 1.4819949946086620E+001 0.0000000000000000E+000 8.6365903017059136E+003 3.4865781209214546E+007 1.3459591199658529E+010 -1.3210951528493844E-001 -2.2741356438280471E+000 -4.6838309974533388E+001 -1.2898920993318919E-001 -4.6838309974533388E+001 -9.8999999999999986E+001 -1.7890059324663647E+000 0.0000000000000000E+000 0.0000000000000000E+000 0.0000000000000000E+000 0.0000000000000000E+000 0.0000000000000000E+000 0.0000000000000000E+000 0.0000000000000000E+000 0.0000000000000000E+000 0.0000000000000000E+000 0.0000000000000000E+000 0.0000000000000000E+000 5.0016910454727996E-002 4.9398814459876988E+001 3.6373400300295182E-005 2.2944727692533206E+001 -2.7243733557735546E-014
266 8.8574846919965219E+008 9.9997472826080891E-001 -1.2496201489557800E-001 -4.1476010649056309E-002 3.7511269198269468E+000 7.1405619457401732E+000 1.9538098965894617E+000 1.7203801205393354E+001 6.4067068829750340E-001 3.8604223025418769E-005 3.3861005804340505E-001 1.8309021207086499E-005 6.0113465279656589E-003 1.1180963649536141E-002 2.5129237964845183E-003 9.5710644087275453E-004 0.0000000000000000E+000 0.0000000000000000E+000 0.0000000000000000E+000 0.0000000000000000E+000 0.0000000000000000E+000 0.0000000000000000E+000 0.0000000000000000E+000 0.0000000000000000E+000 0.0000000000000000E+000 0.0000000000000000E+000 -1.6651780207892755E+000 8.2034177818592258E-001 1.4688284713882597E+001 0.0000000000000000E+000 8.6761098743719231E+003 3.4434645274489671E+007 1.3333711047733290E+010 -1.2774951113195387E-001 -2.3109472046963879E+000 -4.6708318130241253E+001 -1.2491050492941730E-001 -4.6708318130241253E+001 -9.8999999999999986E+001 -1.7852963291400348E+000 0.0000000000000000E+000 0.0000000000000000E+000 0.0000000000000000E+000 0.0000000000000000E+000 0.0000000000000000E+000 0.0000000000000000E+000 0.0000000000000000E+000 0.0000000000000000E+000 0.0000000000000000E+000 0.0000000000000000E+000 0.0000000000000000E+000 5.0019893013823515E-002 4.9397342857941588E+001 3.6209893727670062E-005 2.2911169247717826E+001 -2.7529833999653667E-014
267 1.0574034955376807E+009 9.9996994347834955E-001 -1.2008208963340229E-001 -3.9885421773204213E-002 3.7515516067045649E+000 7.1425681185570022E+000 1.9621899157325082E+000 1.7209734027215319E+001 6.2801636869465105E-001 3.6678400225159570E-005 3.5126723405215460E-001 1.8498012934724443E-005 6.0174196289467553E-003 1.1173770973730419E-002 2.5129237964845183E-003 9.5710644087275453E-004 0.0000000000000000E+000 0.0000000000000000E+000 0.0000000000000000E+000 0.0000000000000000E+000 0.0000000000000000E+000 0.0000000000000000E+000 0.0000000000000000E+000 0.0000000000000000E+000 0.0000000000000000E+000 0.0000000000000000E+000 -1.6605249364160160E+000 8.1401429741402975E-001 1.4529037702448933E+001 0.0000000000000000E+000 8.7239258509231568E+003 3.3925084903785445E+007 1.3184663071398579E+010 -1.2265256098114390E-001 -2.3404801113465292E+000 -4.6551663419104344E+001 -1.2003048625787430E-001 -4.6551663419104344E+001 -9.8999999999999986E+001 -1.7803909243171581E+000 0.0000000000000000E+000 0.0000000000000000E+000 0.0000000000000000E+000 0.0000000000000000E+000 0.0000000000000000E+000 0.0000000000000000E+000 0.0000000000000000E+000 0.0000000000000000E+000 0.0000000000000000E+000 0.0000000000000000E+000 0.0000000000000000E+000 5.0026331465230327E-002 4.9395582449187408E+001 3.6016080911046271E-005 2.2872136565688525E+001 -2.7874409281282988E-014
268 1.2101550212487466E+009 9.9996562168670577E-001 -1.1573180307237081E-001 -3.8456961735121593E-002 3.7519249483257813E+000 7.1443817121659485E+000 1.9697579404890335E+000 1.7215095556312239E+001 6.1670902954429252E-001 3.5010620318064356E-005 3.6257714721006240E-001 1.8671593954335877E-005 6.0233582000620333E-003 1.1166752593953479E-002 2.5129237964845188E-003 9.5710644087275464E-004 0.0000000000000000E+000 0.0000000000000000E+000 0.0000000000000000E+000 0.0000000000000000E+000 0.0000000000000000E+000 0.0000000000000000E+000 0.0000000000000000E+000 0.0000000000000000E+000 0.0000000000000000E+000 0.0000000000000000E+000 -1.6562036929187001E+000 8.0836034987553251E-001 1.4386177988266706E+001 0.0000000000000000E+000 8.7670926099135486E+003 3.3476376426375929E+007 1.3053196399825237E+010 -1.1817309482156356E-001 -2.3579484315174346E+000 -4.6411652632127918E+001 -1.1567986814584963E-001 -4.6411652632127918E+001 -1.5352529778863040E+001 -1.7757449764665461E+000 0.0000000000000000E+000 0.0000000000000000E+000 0.0000000000000000E+000 0.0000000000000000E+000 0.0000000000000000E+000 0.0000000000000000E+000 0.0000000000000000E+000 0.0000000000000000E+000 0.0000000000000000E+000 0.0000000000000000E+000 0.0000000000000000E+000 5.0022553358324957E-002 4.9393468786110894E+001 3.5836033939065649E-005 2.2832768616056367E+001 -2.8292952385487973E-014
269 1.3539386568131239E+009 9.9996149911374543E-001 -1.1162360480878100E-001 -3.7098174836902351E-002 3.7522726044425694E+000 7.1461143145699273E+000 1.9769819715557801E+000 1.7220217698375478E+001 6.0602296370931696E-001 3.3479616709495668E-005 3.7326567361478769E-001 1.8840038635435094E-005 6.0294721254606186E-003 1.1159540657732678E-002 2.5129237964845188E-003 9.5710644087275475E-004 0.0000000000000000E+000 0.0000000000000000E+000 0.0000000000000000E+000 0.0000000000000000E+000 0.0000000000000000E+000 0.0000000000000000E+000 0.0000000000000000E+000 0.0000000000000000E+000 0.0000000000000000E+000 0.0000000000000000E+000 -1.6519587400347984E+000 8.0301706179077681E-001 1.4250667710998663E+001 0.0000000000000000E+000 8.8083521653540192E+003 3.3057337864569869E+007 1.2930248866645498E+010 -1.1398632290485711E-001 -2.3676328393010020E+000 -4.6279246425460393E+001 -1.1157125303145254E-001 -4.6279246425460393E+001 -9.8999999999999986E+001 -1.7711636820262442E+000 0.0000000000000000E+000 0.0000000000000000E+000 0.0000000000000000E+000 0.0000000000000000E+000 0.0000000000000000E+000 0.0000000000000000E+000 0.0000000000000000E+000 0.0000000000000000E+000 0.0000000000000000E+000 0.0000000000000000E+000 0.0000000000000000E+000 5.0020738913639881E-002 4.9391575468374015E+001 3.5666876977869949E-005 2.2796195022793480E+001 -2.8672059543463753E-014
270 1.4931533247007763E+009 9.9995745696156213E-001 -1.0762810401014120E-001 -3.5767206060777171E-002 3.7526059952541670E+000 7.1478164615131439E+000 1.9840713952286646E+000 1.7225250378924194E+001 5.9563526003542400E-001 3.2032593607626332E-005 3.8365580342324435E-001 1.9008160697415954E-005 6.0359336208823033E-003 1.1151931928787159E-002 2.5129237964845188E-003 9.5710644087275464E-004 0.0000000000000000E+000 0.0000000000000000E+000 0.0000000000000000E+000 0.0000000000000000E+000 0.0000000000000000E+000 0.0000000000000000E+000 0.0000000000000000E+000 0.0000000000000000E+000 0.0000000000000000E+000 0.0000000000000000E+000 -1.6476852678100189E+000 7.9782296878331349E-001 1.4118569695460096E+001 0.0000000000000000E+000 8.8489552881614582E+003 3.2654113342585169E+007 1.2811784570397320E+010 -1.0994648575500125E-001 -2.3715705951392083E+000 -4.6150396239373968E+001 -1.0757525375891668E-001 -4.6150396239373968E+001 -9.8999999999999986E+001 -1.7665564321017564E+000 0.0000000000000000E+000 0.0000000000000000E+000 0.0000000000000000E+000 0.0000000000000000E+000 0.0000000000000000E+000 0.0000000000000000E+000 0.0000000000000000E+000 0.0000000000000000E+000 0.0000000000000000E+000 0.0000000000000000E+000 0.0000000000000000E+000 5.0019781508600675E-002 4.9389781549865162E+001 3.5502541192513438E-005 2.2760800388827843E+001 -2.9035390052661292E-014
271 1.6298652948014150E+009 9.9995343847582596E-001 -1.0368337251037599E-001 -3.4443801444239454E-002 3.7529304758208388E+000 7.1495117517856244E+000 1.9911170951062569E+000 1.7230264842612108E+001 5.8539351083880575E-001 3.0645316107248181E-005 3.9389998528190723E-001 1.9178357846101040E-005 6.0428541860119015E-003 1.1143795781964609E-002 2.5129237964845188E-003 9.5710644087275475E-004 0.0000000000000000E+000 0.0000000000000000E+000 0.0000000000000000E+000 0.0000000000000000E+000 0.0000000000000000E+000 0.0000000000000000E+000 0.0000000000000000E+000 0.0000000000000000E+000 0.0000000000000000E+000 0.0000000000000000E+000 -1.6433638992096578E+000 7.9270186297208733E-001 1.3988513902140561E+001 0.0000000000000000E+000 8.8895132230284289E+003 3.2260141589416798E+007 1.2695889990848858E+010 -1.0598324988593853E-001 -2.3709179326618162E+000 -4.6023191922047417E+001 -1.0362997608235540E-001 -4.6023191922047417E+001 -9.8999999999999986E+001 -1.7618814335381263E+000 0.0000000000000000E+000 0.0000000000000000E+000 0.0000000000000000E+000 0.0000000000000000E+000 0.0000000000000000E+000 0.0000000000000000E+000 0.0000000000000000E+000 0.0000000000000000E+000 0.0000000000000000E+000 0.0000000000000000E+000 0.0000000000000000E+000 5.0019203607558037E-002 4.9388032477871029E+001 3.5340155673075481E-005 2.2725831648268244E+001 -2.9393810455950493E-014
272 1.7650730551193740E+009 9.9994941568557050E-001 -9.9758589188832597E-002 -3.3117785732238003E-002 3.7532486637952243E+000 7.1512114545948169E+000 1.9981688047834341E+000 1.7235296179050874E+001 5.7522351819355499E-001 2.9306166282488318E-005 4.0407244109914409E-001 1.9351923077970802E-005 6.0503173556025001E-003 1.1135035024980476E-002 2.5129237964845183E-003 9.5710644087275442E-004 0.0000000000000000E+000 0.0000000000000000E+000 0.0000000000000000E+000 0.0000000000000000E+000 0.0000000000000000E+000 0.0000000000000000E+000 0.0000000000000000E+000 0.0000000000000000E+000 0.0000000000000000E+000 0.0000000000000000E+000 -1.6389870884869688E+000 7.8761664345782445E-001 1.3859632190722996E+001 0.0000000000000000E+000 8.9303376057775440E+003 3.1872195144616041E+007 1.2581621622380539E+010 -1.0206095187181903E-001 -2.3664341667985074E+000 -4.5896714314649124E+001 -9.9704641967463842E-002 -4.5896714314649124E+001 -9.8999999999999986E+001 -1.7571201309709052E+000 0.0000000000000000E+000 0.0000000000000000E+000 0.0000000000000000E+000 0.0000000000000000E+000 0.0000000000000000E+000 0.0000000000000000E+000 0.0000000000000000E+000 0.0000000000000000E+000 0.0000000000000000E+000 0.0000000000000000E+000 0.0000000000000000E+000 5.0018803453397896E-002 4.9386302228647260E+001 3.5178321601022818E-005 2.2690929241724444E+001 -2.9752658028910188E-014
273 1.8992651967591043E+009 9.9994537453156962E-001 -9.5832206229436598E-002 -3.1788505508993078E-002 3.7535656194234508E+000 7.1529223553001335E+000 2.0052541891336970E+000 1.7240363515608838E+001 5.6508835179321049E-001 2.8008771003232863E-005 4.1421011809594915E-001 1.9529745192248669E-005 6.0583948456035706E-003 1.1125566511684028E-002 2.5129237964845188E-003 9.5710644087275464E-004 0.0000000000000000E+000 0.0000000000000000E+000 0.0000000000000000E+000 0.0000000000000000E+000 0.0000000000000000E+000 0.0000000000000000E+000 0.0000000000000000E+000 0.0000000000000000E+000 0.0000000000000000E+000 0.0000000000000000E+000 -1.6345635444736684E+000 7.8254884402510572E-001 1.3731431544245531E+001 0.0000000000000000E+000 8.9714507082413365E+003 3.1488560140056435E+007 1.2468335563543859E+010 -9.8155348120604641E-002 -2.3586517351836296E+000 -4.5770446193383876E+001 -9.5777967644811154E-002 -4.5770446193383876E+001 -9.8999999999999986E+001 -1.7522592016800902E+000 0.0000000000000000E+000 0.0000000000000000E+000 0.0000000000000000E+000 0.0000000000000000E+000 0.0000000000000000E+000 0.0000000000000000E+000 0.0000000000000000E+000 0.0000000000000000E+000 0.0000000000000000E+000 0.0000000000000000E+000 0.0000000000000000E+000 5.0019540060509633E-002 4.9384577870677447E+001 3.5017629734128200E-005 2.2656510028248956E+001 -3.0114684446947813E-014
274 2.0326801951375873E+009 9.9994130784791146E-001 -9.1897666732653788E-002 -3.0452107309865733E-002 3.7538810551980828E+000 7.1546475725495409E+000 2.0123883542957954E+000 1.7245476179268412E+001 5.5496941642743103E-001 2.6749916974079378E-005 4.2433162459652823E-001 1.9712404830711980E-005 6.0671546051740115E-003 1.1115311811704619E-002 2.5129237964845188E-003 9.5710644087275453E-004 0.0000000000000000E+000 0.0000000000000000E+000 0.0000000000000000E+000 0.0000000000000000E+000 0.0000000000000000E+000 0.0000000000000000E+000 0.0000000000000000E+000 0.0000000000000000E+000 0.0000000000000000E+000 0.0000000000000000E+000 -1.6301082461815546E+000 7.7748916653321110E-001 1.3603660828317782E+001 0.0000000000000000E+000 9.0129747783726016E+003 3.1108447102533199E+007 1.2355837168301825E+010 -9.4257592930891421E-002 -2.3480017226483643E+000 -4.5644138134780604E+001 -9.1843064308807010E-002 -4.5644138134780604E+001 -9.8999999999999986E+001 -1.7472967968367030E+000 0.0000000000000000E+000 0.0000000000000000E+000 0.0000000000000000E+000 0.0000000000000000E+000 0.0000000000000000E+000 0.0000000000000000E+000 0.0000000000000000E+000 0.0000000000000000E+000 0.0000000000000000E+000 0.0000000000000000E+000 0.0000000000000000E+000 5.0016833398956261E-002 4.9382854102450516E+001 3.4854415122387713E-005 2.2620400046066905E+001 -3.0481457914363642E-014
275 2.1654316722607245E+009 9.9993721196246821E-001 -8.7955342620213636E-002 -2.9103237497807660E-002 3.7541922013201634E+000 7.1563883573161959E+000 2.0195800466621745E+000 1.7250638448469108E+001 5.4485729663171290E-001 2.5527908141374592E-005 4.3444638767521015E-001 1.9900331921350488E-005 6.0766650275449622E-003 1.1104192188112209E-002 2.5129237964845192E-003 9.5710644087275464E-004 0.0000000000000000E+000 0.0000000000000000E+000 0.0000000000000000E+000 0.0000000000000000E+000 0.0000000000000000E+000 0.0000000000000000E+000 0.0000000000000000E+000 0.0000000000000000E+000 0.0000000000000000E+000 0.0000000000000000E+000 -1.6256378550107977E+000 7.7243290296721334E-001 1.3476186016116786E+001 0.0000000000000000E+000 9.0550812166838004E+003 3.0731487388091017E+007 1.2244133982767208E+010 -9.0366581524077658E-002 -2.3348431822021305E+000 -4.5517675639559904E+001 -8.7900122541626949E-002 -4.5517675639559904E+001 -1.5653559774527022E+001 -1.7422365703662488E+000 0.0000000000000000E+000 0.0000000000000000E+000 0.0000000000000000E+000 0.0000000000000000E+000 0.0000000000000000E+000 0.0000000000000000E+000 0.0000000000000000E+000 0.0000000000000000E+000 0.0000000000000000E+000 0.0000000000000000E+000 0.0000000000000000E+000 5.0016603124865576E-002 4.9381127302395718E+001 3.4692184600800255E-005 2.2585141217155105E+001 -3.0853784319674935E-014
276 2.2975705057302775E+009 9.9993308498706146E-001 -8.4002862624611291E-002 -2.7740884569545453E-002 3.7544991448549330E+000 7.1581459134431311E+000 2.0268349646331112E+000 1.7255853051401953E+001 5.3474709487132555E-001 2.4341434452445698E-005 4.4455931656198544E-001 2.0093972034909631E-005 6.0869977695066930E-003 1.1092125153337866E-002 2.5129237964845192E-003 9.5710644087275475E-004 0.0000000000000000E+000 0.0000000000000000E+000 0.0000000000000000E+000 0.0000000000000000E+000 0.0000000000000000E+000 0.0000000000000000E+000 0.0000000000000000E+000 0.0000000000000000E+000 0.0000000000000000E+000 0.0000000000000000E+000 -1.6211702792879661E+000 7.6737760434140490E-001 1.3348927448975092E+001 0.0000000000000000E+000 9.0978081738648016E+003 3.0357441206751563E+007 1.2133156540013908E+010 -8.6479394717656546E-002 -2.3194597849688603E+000 -4.5390966127182274E+001 -8.3946966804448603E-002 -4.5390966127182274E+001 -9.8999999999999986E+001 -1.7370786837400440E+000 0.0000000000000000E+000 0.0000000000000000E+000 0.0000000000000000E+000 0.0000000000000000E+000 0.0000000000000000E+000 0.0000000000000000E+000 0.0000000000000000E+000 0.0000000000000000E+000 0.0000000000000000E+000 0.0000000000000000E+000 0.0000000000000000E+000 5.0016325436962460E-002 4.9379394988266149E+001 3.4529068289293200E-005 2.2549565568808646E+001 -3.1232116240243140E-014
277 2.4291155605020642E+009 9.9992892595216776E-001 -8.0039203962353783E-002 -2.6364460799541051E-002 3.7548018476354956E+000 7.1599211346575391E+000 2.0341571373224672E+000 1.7261121530750628E+001 5.2463615026199861E-001 2.3189505927835438E-005 4.5467308423959962E-001 2.0293774067863403E-005 6.0982295431025292E-003 1.1079022437946307E-002 2.5129237964845192E-003 9.5710644087275464E-004 0.0000000000000000E+000 0.0000000000000000E+000 0.0000000000000000E+000 0.0000000000000000E+000 0.0000000000000000E+000 0.0000000000000000E+000 0.0000000000000000E+000 0.0000000000000000E+000 0.0000000000000000E+000 0.0000000000000000E+000 -1.6167201349734130E+000 7.6232194004865361E-001 1.3221822202277039E+001 0.0000000000000000E+000 9.1411811285837484E+003 2.9986202356035650E+007 1.2022875109648815E+010 -8.2594632197393117E-002 -2.3020884120224419E+000 -4.5263943280989551E+001 -7.9982568010324800E-002 -4.5263943280989551E+001 -1.5954589770191003E+001 -1.7318232594134684E+000 0.0000000000000000E+000 0.0000000000000000E+000 0.0000000000000000E+000 0.0000000000000000E+000 0.0000000000000000E+000 0.0000000000000000E+000 0.0000000000000000E+000 0.0000000000000000E+000 0.0000000000000000E+000 0.0000000000000000E+000 0.0000000000000000E+000 5.0015993388460474E-002 4.9377656612829234E+001 3.4365011164297968E-005 2.2513656371131141E+001 -3.1616809168650790E-014
278 2.5600687351199570E+009 9.9992473438955265E-001 -7.6064006506243995E-002 -2.4973615344620160E-002 3.7551002242720624E+000 7.1617147513478780E+000 2.0415496075583159E+000 1.7266444758156418E+001 5.1452292073403028E-001 2.2071305578130107E-005 4.6478924560508583E-001 2.0500206620802086E-005 6.1104433273231782E-003 1.1064788584004503E-002 2.5129237964845192E-003 9.5710644087275464E-004 0.0000000000000000E+000 0.0000000000000000E+000 0.0000000000000000E+000 0.0000000000000000E+000 0.0000000000000000E+000 0.0000000000000000E+000 0.0000000000000000E+000 0.0000000000000000E+000 0.0000000000000000E+000 0.0000000000000000E+000 -1.6122960992675499E+000 7.5726513891794478E-001 1.3094802780071957E+001 0.0000000000000000E+000 9.1852185203942263E+003 2.9617730940383337E+007 1.1913279139494869E+010 -7.8711846010089237E-002 -2.2829292759412541E+000 -4.5136554777622983E+001 -7.6006557829265603E-002 -4.5136554777622983E+001 -1.5477468515471340E+001 -1.7264702266355374E+000 0.0000000000000000E+000 0.0000000000000000E+000 0.0000000000000000E+000 0.0000000000000000E+000 0.0000000000000000E+000 0.0000000000000000E+000 0.0000000000000000E+000 0.0000000000000000E+000 0.0000000000000000E+000 0.0000000000000000E+000 0.0000000000000000E+000 5.0015599076262983E-002 4.9375912199516932E+001 3.4199987103106687E-005 2.2477402755262808E+001 -3.2008102341744479E-014
279 2.6904224690210419E+009 9.9992051012346816E-001 -7.2077305507076375E-002 -2.3568141636058998E-002 3.7553941626675740E+000 7.1635274032813312E+000 2.0490147050321141E+000 1.7271823202050445E+001 5.0440642808537439E-001 2.0986117229590251E-005 4.7490879262890778E-001 2.0713768741694155E-005 6.1237293234300905E-003 1.1049319838959223E-002 2.5129237964845192E-003 9.5710644087275475E-004 0.0000000000000000E+000 0.0000000000000000E+000 0.0000000000000000E+000 0.0000000000000000E+000 0.0000000000000000E+000 0.0000000000000000E+000 0.0000000000000000E+000 0.0000000000000000E+000 0.0000000000000000E+000 0.0000000000000000E+000 -1.6078967251303817E+000 7.5220671172889231E-001 1.2967779220826625E+001 0.0000000000000000E+000 9.2299345354155867E+003 2.9252025231349777E+007 1.1804369141417242E+010 -7.4831224745061153E-002 -2.2621531417473184E+000 -4.5008756161923216E+001 -7.2018964514136335E-002 -4.5008756161923216E+001 -9.8999999999999986E+001 -1.7210192508129050E+000 0.0000000000000000E+000 0.0000000000000000E+000 0.0000000000000000E+000 0.0000000000000000E+000 0.0000000000000000E+000 0.0000000000000000E+000 0.0000000000000000E+000 0.0000000000000000E+000 0.0000000000000000E+000 0.0000000000000000E+000 0.0000000000000000E+000 5.0015137685340237E-002 4.9374162130395284E+001 3.4033989995893123E-005 2.2440799066387456E+001 -3.2406176318249686E-014
280 2.8201635197077227E+009 9.9991625316698152E-001 -6.8079427109708948E-002 -2.2147955555321071E-002 3.7556835392265469E+000 7.1653592820472749E+000 2.0565545427590712E+000 1.7277257065050147E+001 4.9428602187070919E-001 1.9933408819914384E-005 4.8503239045912455E-001 2.0934961080184227E-005 6.1381855579668299E-003 1.1032503504942110E-002 2.5129237964845196E-003 9.5710644087275475E-004 0.0000000000000000E+000 0.0000000000000000E+000 0.0000000000000000E+000 0.0000000000000000E+000 0.0000000000000000E+000 0.0000000000000000E+000 0.0000000000000000E+000 0.0000000000000000E+000 0.0000000000000000E+000 0.0000000000000000E+000 -1.6035120399290299E+000 7.4714633317015788E-001 1.2840647021894656E+001 0.0000000000000000E+000 9.2753397031752957E+003 2.8889110963606235E+007 1.1696153378244764E+010 -7.0953456169573451E-002 -2.2399068759921192E+000 -4.4880508688416512E+001 -6.8020109495325581E-002 -4.4880508688416512E+001 -9.8999999999999986E+001 -1.7154697332139746E+000 0.0000000000000000E+000 0.0000000000000000E+000 0.0000000000000000E+000 0.0000000000000000E+000 0.0000000000000000E+000 0.0000000000000000E+000 0.0000000000000000E+000 0.0000000000000000E+000 0.0000000000000000E+000 0.0000000000000000E+000 0.0000000000000000E+000 5.0014604595560085E-002 4.9372407017444573E+001 3.3867028772212382E-005 2.2403842962837064E+001 -3.2811176291820125E-014
281 2.9492750234037442E+009 9.9991196366717006E-001 -6.4067755499990900E-002 -2.0715661015034505E-002 3.7559703098588328E+000 7.1672097109845341E+000 2.0641722953350965E+000 1.7282747010533900E+001 4.8416130035779520E-001 1.8912912716711053E-005 4.9516045639566869E-001 2.1164248000755239E-005 6.1539180478401932E-003 1.1014217800621314E-002 2.5129237964845196E-003 9.5710644087275475E-004 0.0000000000000000E+000 0.0000000000000000E+000 0.0000000000000000E+000 0.0000000000000000E+000 0.0000000000000000E+000 0.0000000000000000E+000 0.0000000000000000E+000 0.0000000000000000E+000 0.0000000000000000E+000 0.0000000000000000E+000 -1.5991178286147893E+000 7.4208380233101734E-001 1.2713283423172548E+001 0.0000000000000000E+000 9.3213582077214924E+003 2.8528995778386772E+007 1.1588561239371958E+010 -6.7076653753454188E-002 -2.2163089898495629E+000 -4.4751769600767872E+001 -6.4007515147191926E-002 -4.4751769600767872E+001 -1.5653559774527022E+001 -1.7098178684734460E+000 0.0000000000000000E+000 0.0000000000000000E+000 0.0000000000000000E+000 0.0000000000000000E+000 0.0000000000000000E+000 0.0000000000000000E+000 0.0000000000000000E+000 0.0000000000000000E+000 0.0000000000000000E+000 0.0000000000000000E+000 0.0000000000000000E+000 5.0014616483395911E-002 4.9370647659895290E+001 3.3699843981584568E-005 2.2366879165791545E+001 -3.3223219376603632E-014
282 3.0777379191985865E+009 9.9990764186134096E-001 -6.0039862395158808E-002 -1.9273989060472882E-002 3.7562564471577602E+000 7.1690797648580808E+000 2.0718694611915409E+000 1.7288293682719537E+001 4.7403182670881094E-001 1.7923844734231252E-005 5.0529344481709781E-001 2.1402301684221627E-005 6.1710425204820167E-003 1.0994329569833655E-002 2.5129237964845196E-003 9.5710644087275475E-004 0.0000000000000000E+000 0.0000000000000000E+000 0.0000000000000000E+000 0.0000000000000000E+000 0.0000000000000000E+000 0.0000000000000000E+000 0.0000000000000000E+000 0.0000000000000000E+000 0.0000000000000000E+000 0.0000000000000000E+000 -1.5946904239520201E+000 7.3701890066186115E-001 1.2585566829081401E+001 0.0000000000000000E+000 9.3679085861140138E+003 2.8171707169520434E+007 1.1481529603361732E+010 -6.3199157713883902E-002 -2.1914623774558710E+000 -4.4622504649900641E+001 -5.9978757133301482E-002 -4.4622504649900641E+001 -9.8999999999999986E+001 -1.7040594205105588E+000 0.0000000000000000E+000 0.0000000000000000E+000 0.0000000000000000E+000 0.0000000000000000E+000 0.0000000000000000E+000 0.0000000000000000E+000 0.0000000000000000E+000 0.0000000000000000E+000 0.0000000000000000E+000 0.0000000000000000E+000 0.0000000000000000E+000 5.0015192687380423E-002 4.9368885602282248E+001 3.3532776188133078E-005 2.2329987034297737E+001 -3.3642444399213472E-014
283 3.2055313414920497E+009 9.9990328807125273E-001 -5.6003058096718787E-002 -1.7817593687766135E-002 3.7565374505460167E+000 7.1709693936206751E+000 2.0796470172972223E+000 1.7293895965777867E+001 4.6389725049047403E-001 1.6965771270273319E-005 5.1543172474235455E-001 2.1649748355994116E-005 6.1896845791075215E-003 1.0972694431080236E-002 2.5129237964845192E-003 9.5710644087275442E-004 0.0000000000000000E+000 0.0000000000000000E+000 0.0000000000000000E+000 0.0000000000000000E+000 0.0000000000000000E+000 0.0000000000000000E+000 0.0000000000000000E+000 0.0000000000000000E+000 0.0000000000000000E+000 0.0000000000000000E+000 -1.5901936184285304E+000 7.3195145287378216E-001 1.2457365950556255E+001 0.0000000000000000E+000 9.4151703617393723E+003 2.7817377473088268E+007 1.1375252735821932E+010 -5.9328615351298866E-002 -2.1654857972742474E+000 -4.4492734504680811E+001 -5.5940703731780179E-002 -4.4492734504680811E+001 -9.8999999999999986E+001 -1.6981993100485950E+000 0.0000000000000000E+000 0.0000000000000000E+000 0.0000000000000000E+000 0.0000000000000000E+000 0.0000000000000000E+000 0.0000000000000000E+000 0.0000000000000000E+000 0.0000000000000000E+000 0.0000000000000000E+000 0.0000000000000000E+000 0.0000000000000000E+000 5.0011235083869156E-002 4.9367122385461172E+001 3.3361815874440247E-005 2.2290757019044960E+001 -3.4068968574097225E-014
284 3.3326327455781031E+009 9.9989890271959536E-001 -5.1957833252111431E-002 -1.6346466342911380E-002 3.7568131930847413E+000 7.1728787139846970E+000 2.0875071010347179E+000 1.7299553862250445E+001 4.5375725316173587E-001 1.6038213424125267E-005 5.2557563488090675E-001 2.1907286800165206E-005 6.2099804198443914E-003 1.0949155799931587E-002 2.5129237964845196E-003 9.5710644087275464E-004 0.0000000000000000E+000 0.0000000000000000E+000 0.0000000000000000E+000 0.0000000000000000E+000 0.0000000000000000E+000 0.0000000000000000E+000 0.0000000000000000E+000 0.0000000000000000E+000 0.0000000000000000E+000 0.0000000000000000E+000 -1.5855811747966166E+000 7.2688129961643866E-001 1.2328546477498843E+001 0.0000000000000000E+000 9.4631522217933452E+003 2.7466038352773529E+007 1.1269740735075428E+010 -5.5466806679441615E-002 -2.1384695187604947E+000 -4.4362454017042438E+001 -5.1894127368972233E-002 -4.4362454017042438E+001 -9.8999999999999986E+001 -1.6922365722762904E+000 0.0000000000000000E+000 0.0000000000000000E+000 0.0000000000000000E+000 0.0000000000000000E+000 0.0000000000000000E+000 0.0000000000000000E+000 0.0000000000000000E+000 0.0000000000000000E+000 0.0000000000000000E+000 0.0000000000000000E+000 0.0000000000000000E+000 5.0010463375072603E-002 4.9365357706737498E+001 3.3192152703124752E-005 2.2252635773679589E+001 -3.4502779013069667E-014
285 3.4590183095346680E+009 9.9989448630532607E-001 -4.7905240449169599E-002 -1.4860759946228994E-002 3.7570834880871353E+000 7.1748087156831755E+000 2.0954507212712823E+000 1.7305266784908156E+001 4.4361143462679292E-001 1.5140491369384167E-005 5.3572559748251292E-001 2.2175765128520431E-005 6.2320783826727106E-003 1.0923543014166173E-002 2.5129237964845192E-003 9.5710644087275442E-004 0.0000000000000000E+000 0.0000000000000000E+000 0.0000000000000000E+000 0.0000000000000000E+000 0.0000000000000000E+000 0.0000000000000000E+000 0.0000000000000000E+000 0.0000000000000000E+000 0.0000000000000000E+000 0.0000000000000000E+000 -1.5808088367338982E+000 7.2180824072862459E-001 1.2198987224015054E+001 0.0000000000000000E+000 9.5118577067118040E+003 2.7117764603792809E+007 1.1165017651598068E+010 -5.1615981371930859E-002 -2.1104896829290891E+000 -4.4231620537431539E+001 -4.7840074378727671E-002 -4.4231620537431539E+001 -9.8999999999999986E+001 -1.6861700221181395E+000 0.0000000000000000E+000 0.0000000000000000E+000 0.0000000000000000E+000 0.0000000000000000E+000 0.0000000000000000E+000 0.0000000000000000E+000 0.0000000000000000E+000 0.0000000000000000E+000 0.0000000000000000E+000 0.0000000000000000E+000 0.0000000000000000E+000 5.0009593866699585E-002 4.9363592636375714E+001 3.3021625001857154E-005 2.2214163169493389E+001 -3.4943977230167806E-014
286 3.5846627375992041E+009 9.9989003942148602E-001 -4.3846577856607949E-002 -1.3360731312245544E-002 3.7573481394182844E+000 7.1767601914380226E+000 2.1034790681282405E+000 1.7311033842482200E+001 4.3345935230758742E-001 1.4272015892454741E-005 5.4588207906107056E-001 2.2456089329563223E-005 6.2561397799959905E-003 1.0895670508766751E-002 2.5129237964845196E-003 9.5710644087275453E-004 0.0000000000000000E+000 0.0000000000000000E+000 0.0000000000000000E+000 0.0000000000000000E+000 0.0000000000000000E+000 0.0000000000000000E+000 0.0000000000000000E+000 0.0000000000000000E+000 0.0000000000000000E+000 0.0000000000000000E+000 -1.5758336946077984E+000 7.1673205482310909E-001 1.2068580503726965E+001 0.0000000000000000E+000 9.5612869764543157E+003 2.6772648266180269E+007 1.1061112767477964E+010 -4.7778819755484016E-002 -2.0816125547384723E+000 -4.4100192358724478E+001 -4.3779836823073209E-002 -4.4100192358724478E+001 -9.8999999999999986E+001 -1.6799984191291046E+000 0.0000000000000000E+000 0.0000000000000000E+000 0.0000000000000000E+000 0.0000000000000000E+000 0.0000000000000000E+000 0.0000000000000000E+000 0.0000000000000000E+000 0.0000000000000000E+000 0.0000000000000000E+000 0.0000000000000000E+000 0.0000000000000000E+000 5.0008626307529364E-002 4.9361828465513746E+001 3.2850283861700034E-005 2.2175347661622201E+001 -3.5392606807215804E-014
287 3.7095389920699573E+009 9.9988556277254537E-001 -3.9782873761454736E-002 -1.1846554599573872E-002 3.7576069770857368E+000 7.1787329353192986E+000 2.1115955788631409E+000 1.7316855259874494E+001 4.2330062808525282E-001 1.3432447479997595E-005 5.5604548324244674E-001 2.2749146445377616E-005 6.2823387144624043E-003 1.0865338126555478E-002 2.5129237964845196E-003 9.5710644087275453E-004 0.0000000000000000E+000 0.0000000000000000E+000 0.0000000000000000E+000 0.0000000000000000E+000 0.0000000000000000E+000 0.0000000000000000E+000 0.0000000000000000E+000 0.0000000000000000E+000 0.0000000000000000E+000 0.0000000000000000E+000 -1.5706201534567061E+000 7.1165255278387307E-001 1.1937239102073301E+001 0.0000000000000000E+000 9.6114429119515207E+003 2.6430754618011508E+007 1.0958047318735235E+010 -4.3957843033901073E-002 -2.0519057829002154E+000 -4.3968176969390598E+001 -3.9714453030976329E-002 -4.3968176969390598E+001 -9.8999999999999986E+001 -1.6737206867269439E+000 0.0000000000000000E+000 0.0000000000000000E+000 0.0000000000000000E+000 0.0000000000000000E+000 0.0000000000000000E+000 0.0000000000000000E+000 0.0000000000000000E+000 0.0000000000000000E+000 0.0000000000000000E+000 0.0000000000000000E+000 0.0000000000000000E+000 5.0007563799527255E-002 4.9360066635126117E+001 3.2678172973634996E-005 2.2136197137405222E+001 -3.5848680435919163E-014
288 3.8336185076211219E+009 9.9988105716781750E-001 -3.5715720413976929E-002 -1.0318539301226981E-002 3.7578597577734323E+000 7.1807278855854131E+000 2.1198011607223060E+000 1.7322729845377495E+001 4.1313484442454007E-001 1.2621212536226960E-005 5.6621625544648491E-001 2.3056016940277561E-005 6.3108638419793637E-003 1.0832328820161944E-002 2.5129237964845196E-003 9.5710644087275464E-004 0.0000000000000000E+000 0.0000000000000000E+000 0.0000000000000000E+000 0.0000000000000000E+000 0.0000000000000000E+000 0.0000000000000000E+000 0.0000000000000000E+000 0.0000000000000000E+000 0.0000000000000000E+000 0.0000000000000000E+000 -1.5651863891281199E+000 7.0656952574769272E-001 1.1804944982691076E+001 0.0000000000000000E+000 9.6623239089194285E+003 2.6092186862900671E+007 1.0855855680924040E+010 -4.0156379247843592E-002 -2.0214215432348386E+000 -4.3835527221054612E+001 -3.5645494276618540E-002 -4.3835527221054612E+001 -9.8999999999999986E+001 -1.6673356887807405E+000 0.0000000000000000E+000 0.0000000000000000E+000 0.0000000000000000E+000 0.0000000000000000E+000 0.0000000000000000E+000 0.0000000000000000E+000 0.0000000000000000E+000 0.0000000000000000E+000 0.0000000000000000E+000 0.0000000000000000E+000 0.0000000000000000E+000 5.0006401985644010E-002 4.9358308468293799E+001 3.2505345596469114E-005 2.2096719537730682E+001 -3.6312236616218583E-014
289 3.9568712966367326E+009 9.9987652352938772E-001 -3.1646622777101993E-002 -8.7769111898051526E-003 3.7581062181269407E+000 7.1827452813136290E+000 2.1280978466954439E+000 1.7328657045127933E+001 4.0296161221830845E-001 1.1837915591861848E-005 5.7639481459862729E-001 2.3377805788039459E-005 6.3419185440994289E-003 1.0796408680227710E-002 2.5129237964845196E-003 9.5710644087275453E-004 0.0000000000000000E+000 0.0000000000000000E+000 0.0000000000000000E+000 0.0000000000000000E+000 0.0000000000000000E+000 0.0000000000000000E+000 0.0000000000000000E+000 0.0000000000000000E+000 0.0000000000000000E+000 0.0000000000000000E+000 -1.5595839618132177E+000 7.0148277909508616E-001 1.1671721600460067E+001 0.0000000000000000E+000 9.7139311047334413E+003 2.5757031911130887E+007 1.0754568604415350E+010 -3.6377838745702690E-002 -1.9902122068762362E+000 -4.3702229310698897E+001 -3.1574468709637669E-002 -4.3702229310698897E+001 -9.8999999999999986E+001 -1.6608425180407485E+000 0.0000000000000000E+000 0.0000000000000000E+000 0.0000000000000000E+000 0.0000000000000000E+000 0.0000000000000000E+000 0.0000000000000000E+000 0.0000000000000000E+000 0.0000000000000000E+000 0.0000000000000000E+000 0.0000000000000000E+000 0.0000000000000000E+000 5.0005145836732226E-002 4.9356555537180888E+001 3.2331851105914755E-005 2.2056924792864685E+001 -3.6783252258682691E-014
290 4.0792659748961878E+009 9.9987196289396918E-001 -2.7560419965453286E-002 -7.2302888909652977E-003 3.7583544576804324E+000 7.1847879172653633E+000 2.1364765275920199E+000 1.7334637942741427E+001 3.9278047324571619E-001 1.1081726230444118E-005 5.8658165189411549E-001 2.3715974916948961E-005 6.3757244175407452E-003 1.0757322504122899E-002 2.5129237964845196E-003 9.5710644087275453E-004 0.0000000000000000E+000 0.0000000000000000E+000 0.0000000000000000E+000 0.0000000000000000E+000 0.0000000000000000E+000 0.0000000000000000E+000 0.0000000000000000E+000 0.0000000000000000E+000 0.0000000000000000E+000 0.0000000000000000E+000 -1.5539162651442644E+000 6.9639208357722970E-001 1.1538237227428565E+001 0.0000000000000000E+000 9.7659825254164480E+003 2.5424886865942966E+007 1.0653806646195837E+010 -3.2610470111684185E-002 -1.9582718305606202E+000 -4.3568138186675483E+001 -2.7487064616807649E-002 -4.3568138186675483E+001 -9.8999999999999986E+001 -1.6542233043398333E+000 0.0000000000000000E+000 0.0000000000000000E+000 0.0000000000000000E+000 0.0000000000000000E+000 0.0000000000000000E+000 0.0000000000000000E+000 0.0000000000000000E+000 0.0000000000000000E+000 0.0000000000000000E+000 0.0000000000000000E+000 0.0000000000000000E+000 5.0006894484365502E-002 4.9354809312555695E+001 3.2160658339152748E-005 2.2018397387807585E+001 -3.7261713363422114E-014
291 4.2007697233445168E+009 9.9986737633160461E-001 -2.3485825988935043E-002 -5.6697398842220489E-003 3.7585928316711903E+000 7.1868510404202794E+000 2.1449105526761092E+000 1.7340666810155927E+001 3.8259239256496291E-001 1.0353269921611130E-005 5.9677583437522530E-001 2.4071272575468622E-005 6.4125087980037559E-003 1.0714809481953816E-002 2.5129237964845201E-003 9.5710644087275464E-004 0.0000000000000000E+000 0.0000000000000000E+000 0.0000000000000000E+000 0.0000000000000000E+000 0.0000000000000000E+000 0.0000000000000000E+000 0.0000000000000000E+000 0.0000000000000000E+000 0.0000000000000000E+000 0.0000000000000000E+000 -1.5482875643440492E+000 6.9129792182746841E-001 1.1406110394539922E+001 0.0000000000000000E+000 9.8187852708519476E+003 2.5096889688260924E+007 1.0554270590779827E+010 -2.8882515920657478E-002 -1.9257262939424489E+000 -4.3433455267929965E+001 -2.3409820078438774E-002 -4.3433455267929965E+001 -9.8999999999999986E+001 -1.6475032640833964E+000 0.0000000000000000E+000 0.0000000000000000E+000 0.0000000000000000E+000 0.0000000000000000E+000 0.0000000000000000E+000 0.0000000000000000E+000 0.0000000000000000E+000 0.0000000000000000E+000 0.0000000000000000E+000 0.0000000000000000E+000 0.0000000000000000E+000 5.0000911863289699E-002 4.9353062649300618E+001 3.1983885843993383E-005 2.1976186140850675E+001 -3.7748319892297265E-014
292 4.3213524092273722E+009 9.9986276507048655E-001 -1.9414097905918391E-002 -4.0963834021641955E-003 3.7588240854509158E+000 7.1889346713845050E+000 2.1533997498376798E+000 1.7346741749511981E+001 3.7239811859567012E-001 9.6522012973629727E-006 6.0697664892255077E-001 2.4445032379430799E-005 6.4525132576528149E-003 1.0668591753092467E-002 2.5129237964845201E-003 9.5710644087275453E-004 0.0000000000000000E+000 0.0000000000000000E+000 0.0000000000000000E+000 0.0000000000000000E+000 0.0000000000000000E+000 0.0000000000000000E+000 0.0000000000000000E+000 0.0000000000000000E+000 0.0000000000000000E+000 0.0000000000000000E+000 -1.5427572713075652E+000 6.8620066799805124E-001 1.1275237659732690E+001 0.0000000000000000E+000 9.8723103288286657E+003 2.4772555573973455E+007 1.0455733216024111E+010 -2.5189763641499493E-002 -1.8925958408490307E+000 -4.3298158912749741E+001 -1.9335827530728801E-002 -4.3298158912749741E+001 -1.5954589770191003E+001 -1.6406740265059274E+000 0.0000000000000000E+000 0.0000000000000000E+000 0.0000000000000000E+000 0.0000000000000000E+000 0.0000000000000000E+000 0.0000000000000000E+000 0.0000000000000000E+000 0.0000000000000000E+000 0.0000000000000000E+000 0.0000000000000000E+000 0.0000000000000000E+000 4.9999451325739873E-002 4.9351336193037234E+001 3.1809554417682241E-005 2.1935715785444962E+001 -3.8241486199937857E-014
293 4.4409890819608583E+009 9.9985813004440238E-001 -1.5351438072980778E-002 -2.5125700477220485E-003 3.7590478437319290E+000 7.1910374170197233E+000 2.1619465156845479E+000 1.7352860340567602E+001 3.6219814768134756E-001 8.9783921860738991E-006 6.1718363614938798E-001 2.4838541982028642E-005 6.4959925924051049E-003 1.0618376405334001E-002 2.5129237964845196E-003 9.5710644087275442E-004 0.0000000000000000E+000 0.0000000000000000E+000 0.0000000000000000E+000 0.0000000000000000E+000 0.0000000000000000E+000 0.0000000000000000E+000 0.0000000000000000E+000 0.0000000000000000E+000 0.0000000000000000E+000 0.0000000000000000E+000 -1.5373478616489946E+000 6.8110057023937143E-001 1.1145382353464356E+001 0.0000000000000000E+000 9.9264857915616722E+003 2.4452333572065275E+007 1.0358331849068752E+010 -2.1540730928422361E-002 -1.8589340675950827E+000 -4.3162313310246546E+001 -1.5270950770417185E-002 -4.3162313310246546E+001 -9.8999999999999986E+001 -1.6337384377187396E+000 0.0000000000000000E+000 0.0000000000000000E+000 0.0000000000000000E+000 0.0000000000000000E+000 0.0000000000000000E+000 0.0000000000000000E+000 0.0000000000000000E+000 0.0000000000000000E+000 0.0000000000000000E+000 0.0000000000000000E+000 0.0000000000000000E+000 5.0270925744863047E-002 4.9351318194711780E+001 3.1807723873466982E-005 2.2014579526824864E+001 -3.8742519147787577E-014
294 4.5596578363387728E+009 9.9985347175893458E-001 -1.1311915831036549E-002 -9.2504163081052614E-004 3.7592639600839592E+000 7.1931615689781685E+000 2.1705539848473174E+000 1.7359024313684909E+001 3.5199233975150912E-001 8.3311433339719620E-006 6.2739697662104377E-001 2.5253602863087620E-005 6.5432211677724627E-003 1.0563847476120370E-002 2.5129237964845196E-003 9.5710644087275453E-004 0.0000000000000000E+000 0.0000000000000000E+000 0.0000000000000000E+000 0.0000000000000000E+000 0.0000000000000000E+000 0.0000000000000000E+000 0.0000000000000000E+000 0.0000000000000000E+000 0.0000000000000000E+000 0.0000000000000000E+000 -1.5320614830061450E+000 6.7599755839964348E-001 1.1016292258341020E+001 0.0000000000000000E+000 9.9810867349178443E+003 2.4137329236311458E+007 1.0262384321791681E+010 -1.7954206668084144E-002 -1.8247238101972367E+000 -4.3025807394284726E+001 -1.1229889172410037E-002 -4.3025807394284726E+001 -1.5653559774527022E+001 -1.6266761692543665E+000 0.0000000000000000E+000 0.0000000000000000E+000 0.0000000000000000E+000 0.0000000000000000E+000 0.0000000000000000E+000 0.0000000000000000E+000 0.0000000000000000E+000 0.0000000000000000E+000 0.0000000000000000E+000 0.0000000000000000E+000 0.0000000000000000E+000 5.0248529982574015E-002 4.9351299973941991E+001 3.1619418506733246E-005 2.1964481634475021E+001 -3.9254524008832897E-014
295 4.6773376660821447E+009 9.9984879207612620E-001 -7.2118910204682458E-003 7.1855039644284967E-004 3.7594671702729752E+000 7.1952699404798901E+000 2.1792278216061454E+000 1.7365201490020926E+001 3.4178629162397506E-001 7.7152675444670273E-006 6.3761109672454597E-001 2.5687488173132286E-005 6.5944014699661864E-003 1.0504777188437960E-002 2.5129237964845196E-003 9.5710644087275431E-004 0.0000000000000000E+000 0.0000000000000000E+000 0.0000000000000000E+000 0.0000000000000000E+000 0.0000000000000000E+000 0.0000000000000000E+000 0.0000000000000000E+000 0.0000000000000000E+000 0.0000000000000000E+000 0.0000000000000000E+000 -1.5267118146564538E+000 6.7089443168991159E-001 1.0887589626652643E+001 0.0000000000000000E+000 1.0037931645246088E+004 2.3819987659115590E+007 1.0165908987954741E+010 -1.4329225481353142E-002 -1.7907135590741354E+000 -4.2890418232391724E+001 -7.1216169716277816E-003 -4.2890418232391724E+001 -9.8999999999999986E+001 -1.6197218517157650E+000 0.0000000000000000E+000 0.0000000000000000E+000 0.0000000000000000E+000 0.0000000000000000E+000 0.0000000000000000E+000 0.0000000000000000E+000 0.0000000000000000E+000 0.0000000000000000E+000 0.0000000000000000E+000 0.0000000000000000E+000 0.0000000000000000E+000 5.0583729931374090E-002 4.9351281643285894E+001 3.1649959916558799E-005 2.2069111974974319E+001 -3.9766226875317588E-014
296 4.7940235806869450E+009 9.9984408940735081E-001 -3.1465446775341363E-003 2.3608921675165265E-003 3.7596623359731711E+000 7.1973889141606735E+000 2.1879689515289056E+000 1.7371415403339533E+001 3.3158018017487079E-001 7.1262958847516221E-006 6.4782586338203507E-001 2.6144545311121175E-005 6.6497986603866683E-003 1.0440856704154376E-002 2.5129237964845196E-003 9.5710644087275442E-004 0.0000000000000000E+000 0.0000000000000000E+000 0.0000000000000000E+000 0.0000000000000000E+000 0.0000000000000000E+000 0.0000000000000000E+000 0.0000000000000000E+000 0.0000000000000000E+000 0.0000000000000000E+000 0.0000000000000000E+000 -1.5213513568289376E+000 6.6579127780341607E-001 1.0759106964096585E+001 0.0000000000000000E+000 1.0095056825529382E+004 2.3508761971007891E+007 1.0071144524408859E+010 -1.0786638933773823E-002 -1.7563705879199742E+000 -4.2754809946817538E+001 -3.0539898633424999E-003 -4.2754809946817538E+001 -9.8999999999999986E+001 -1.6126865043609369E+000 0.0000000000000000E+000 0.0000000000000000E+000 0.0000000000000000E+000 0.0000000000000000E+000 0.0000000000000000E+000 0.0000000000000000E+000 0.0000000000000000E+000 0.0000000000000000E+000 0.0000000000000000E+000 0.0000000000000000E+000 0.0000000000000000E+000 5.0749381229562074E-002 4.9351263063745414E+001 3.1573822499411269E-005 2.2099473848984520E+001 -4.0301940394497784E-014
297 4.9097232157027483E+009 9.9983936442422461E-001 1.0375909929546203E-003 4.1040971012373251E-003 3.7598367674239337E+000 7.1994312031503096E+000 2.1967921664704932E+000 1.7377597574372050E+001 3.2138737479275648E-001 6.5742862716992424E-006 6.5802790043587389E-001 2.6615678557960189E-005 6.7094569842575408E-003 1.0372047584925213E-002 2.5129237964845196E-003 9.5710644087275442E-004 0.0000000000000000E+000 0.0000000000000000E+000 0.0000000000000000E+000 0.0000000000000000E+000 0.0000000000000000E+000 0.0000000000000000E+000 0.0000000000000000E+000 0.0000000000000000E+000 0.0000000000000000E+000 0.0000000000000000E+000 -1.5155595369730721E+000 6.6069478311075680E-001 1.0630331676004818E+001 0.0000000000000000E+000 1.0156044649839101E+004 2.3189869965757020E+007 9.9745345792143078E+009 -7.1213565179873185E-003 -1.7234212385549854E+000 -4.2623208370136481E+001 1.1455762575274945E-003 -4.2623208370136481E+001 -1.5653559774527022E+001 -1.6061316051034502E+000 0.0000000000000000E+000 0.0000000000000000E+000 0.0000000000000000E+000 0.0000000000000000E+000 0.0000000000000000E+000 0.0000000000000000E+000 0.0000000000000000E+000 0.0000000000000000E+000 0.0000000000000000E+000 0.0000000000000000E+000 0.0000000000000000E+000 5.0857981511142528E-002 4.9351244298625495E+001 3.1451262451724362E-005 2.2102273974250366E+001 -4.0838358095747215E-014
298 5.0244790489544201E+009 9.9983461332825607E-001 4.9338716116267061E-003 5.6625676599747644E-003 3.7600316022992324E+000 7.2016556559411526E+000 2.2056655051926173E+000 1.7383953314987508E+001 3.1117573739154403E-001 6.0277597794753363E-006 6.6824949762119246E-001 2.7133724906801747E-005 6.7741410127412759E-003 1.0297432252478679E-002 2.5129237964845196E-003 9.5710644087275442E-004 0.0000000000000000E+000 0.0000000000000000E+000 0.0000000000000000E+000 0.0000000000000000E+000 0.0000000000000000E+000 0.0000000000000000E+000 0.0000000000000000E+000 0.0000000000000000E+000 0.0000000000000000E+000 0.0000000000000000E+000 -1.5103497972481374E+000 6.5558887332240179E-001 1.0501752446433386E+001 0.0000000000000000E+000 1.0210883924149462E+004 2.2900208410689391E+007 9.8854011097876282E+009 -3.9020183512768008E-003 -1.6868824828611508E+000 -4.2483166127495842E+001 5.0173994034149599E-003 -4.2483166127495842E+001 -9.8999999999999986E+001 -1.5983939750093343E+000 0.0000000000000000E+000 0.0000000000000000E+000 0.0000000000000000E+000 0.0000000000000000E+000 0.0000000000000000E+000 0.0000000000000000E+000 0.0000000000000000E+000 0.0000000000000000E+000 0.0000000000000000E+000 0.0000000000000000E+000 0.0000000000000000E+000 5.1113127336162523E-002 4.9351225350562764E+001 3.1439143519873295E-005 2.2173241903881639E+001 -4.1401781799342380E-014
299 5.1382712945948982E+009 9.9982984200629932E-001 8.9170938465681134E-003 7.3375457438316933E-003 3.7601899188160393E+000 7.2036843931607786E+000 2.2146500911291667E+000 1.7390185596336302E+001 3.0098208516189040E-001 5.5294812813850336E-006 6.7845373486531513E-001 2.7655065283294879E-005 6.8435317036595732E-003 1.0217433485212920E-002 2.5129237964845196E-003 9.5710644087275442E-004 0.0000000000000000E+000 0.0000000000000000E+000 0.0000000000000000E+000 0.0000000000000000E+000 0.0000000000000000E+000 0.0000000000000000E+000 0.0000000000000000E+000 0.0000000000000000E+000 0.0000000000000000E+000 0.0000000000000000E+000 -1.5040937235772407E+000 6.5049196416115862E-001 1.0371881602150554E+001 0.0000000000000000E+000 1.0270151321903910E+004 2.2603572736499526E+007 9.7951028652929516E+009 -5.1369874348038082E-004 -1.6539605915360949E+000 -4.2352787167329858E+001 9.0265253114838653E-003 -4.2352787167329858E+001 -1.5653559774527022E+001 -1.5918199442856480E+000 0.0000000000000000E+000 0.0000000000000000E+000 0.0000000000000000E+000 0.0000000000000000E+000 0.0000000000000000E+000 0.0000000000000000E+000 0.0000000000000000E+000 0.0000000000000000E+000 0.0000000000000000E+000 0.0000000000000000E+000 0.0000000000000000E+000 5.1338986316320306E-002 4.9351206191125307E+001 3.1395700806729691E-005 2.2228221648490347E+001 -4.1930115096481503E-014
300 5.2511087734335184E+009 9.9982504815943118E-001 1.2636906899577208E-002 8.7749106207053625E-003 3.7604011896408545E+000 7.2060770551627646E+000 2.2236496916323598E+000 1.7396718045574012E+001 2.9074450567851329E-001 5.0203979148152617E-006 6.8870280924939908E-001 2.8251267887551895E-005 6.9190412856316719E-003 1.0130341883296274E-002 2.5129237964845196E-003 9.5710644087275453E-004 0.0000000000000000E+000 0.0000000000000000E+000 0.0000000000000000E+000 0.0000000000000000E+000 0.0000000000000000E+000 0.0000000000000000E+000 0.0000000000000000E+000 0.0000000000000000E+000 0.0000000000000000E+000 0.0000000000000000E+000 -1.4991145546503752E+000 6.4537308957224226E-001 1.0242218116821840E+001 0.0000000000000000E+000 1.0321288820256810E+004 2.2336532106104128E+007 9.7115176954281406E+009 2.3211703524884074E-003 -1.6140419798061660E+000 -4.2205426063362410E+001 1.2701724682563984E-002 -4.2205426063362410E+001 -9.8999999999999986E+001 -1.5829590925376777E+000 0.0000000000000000E+000 0.0000000000000000E+000 0.0000000000000000E+000 0.0000000000000000E+000 0.0000000000000000E+000 0.0000000000000000E+000 0.0000000000000000E+000 0.0000000000000000E+000 0.0000000000000000E+000 0.0000000000000000E+000 0.0000000000000000E+000 5.1493721312954675E-002 4.9351186817935144E+001 3.1334119431005404E-005 2.2258246746082545E+001 -4.2484526572576877E-014
301 5.3629242473492184E+009 9.9982024062487473E-001 1.6547622497246839E-002 1.0354852557557742E-002 3.7605888975718460E+000 7.2083180263897342E+000 2.2327857596051759E+000 1.7403178597217256E+001 2.8049730665381095E-001 4.5534749906886444E-006 6.9896231030955547E-001 2.8862422728237058E-005 7.0004610453797021E-003 1.0036475856177613E-002 2.5129237964845196E-003 9.5710644087275442E-004 0.0000000000000000E+000 0.0000000000000000E+000 0.0000000000000000E+000 0.0000000000000000E+000 0.0000000000000000E+000 0.0000000000000000E+000 0.0000000000000000E+000 0.0000000000000000E+000 0.0000000000000000E+000 0.0000000000000000E+000 -1.4931515481685871E+000 6.4024941223940379E-001 1.0110636303690793E+001 0.0000000000000000E+000 1.0377790234876740E+004 2.2055703401998196E+007 9.6244141286793919E+009 5.3971581803862120E-003 -1.5760817877037785E+000 -4.2065561894001057E+001 1.6634780666070659E-002 -4.2065561894001057E+001 -9.8999999999999986E+001 -1.5749405290006171E+000 0.0000000000000000E+000 0.0000000000000000E+000 0.0000000000000000E+000 0.0000000000000000E+000 0.0000000000000000E+000 0.0000000000000000E+000 0.0000000000000000E+000 0.0000000000000000E+000 0.0000000000000000E+000 0.0000000000000000E+000 0.0000000000000000E+000 5.1757069557489627E-002 4.9351167297631676E+001 3.1322791298829713E-005 2.2331334346627536E+001 -4.2995252697306525E-014
302 5.4735960710696259E+009 9.9981542112276545E-001 2.0467014327695248E-002 1.1954393666987374E-002 3.7607689749747433E+000 7.2105898605935419E+000 2.2419906507905427E+000 1.7409681134913171E+001 2.7024778514723402E-001 4.1106333539176969E-006 7.0922500333004890E-001 2.9511648304534835E-005 7.0880468916587726E-003 9.9355121120426604E-003 2.5129237964845201E-003 9.5710644087275442E-004 0.0000000000000000E+000 0.0000000000000000E+000 0.0000000000000000E+000 0.0000000000000000E+000 0.0000000000000000E+000 0.0000000000000000E+000 0.0000000000000000E+000 0.0000000000000000E+000 0.0000000000000000E+000 0.0000000000000000E+000 -1.4870362492188949E+000 6.3512457767917585E-001 9.9779341569206856E+000 0.0000000000000000E+000 1.0435307390336056E+004 2.1776987057624336E+007 9.5379011402387733E+009 8.3123779375073713E-003 -1.5353971875614807E+000 -4.1924590070508025E+001 2.0556796096969632E-002 -4.1924590070508025E+001 -9.8999999999999986E+001 -1.5665377952066668E+000 0.0000000000000000E+000 0.0000000000000000E+000 0.0000000000000000E+000 0.0000000000000000E+000 0.0000000000000000E+000 0.0000000000000000E+000 0.0000000000000000E+000 0.0000000000000000E+000 0.0000000000000000E+000 0.0000000000000000E+000 0.0000000000000000E+000 5.1908296652227896E-002 4.9351147591917695E+001 3.1240961444394719E-005 2.2355266353679468E+001 -4.3547688536874184E-014
303 5.5831319496872902E+009 9.9981058973032244E-001 2.4438809300637871E-002 1.3632295243259648E-002 3.7609229729298432E+000 7.2127139998872307E+000 2.2513137496249094E+000 1.7416112647997135E+001 2.6002484660093672E-001 3.7057852000350695E-006 7.1946190642440644E-001 3.0175912839981818E-005 7.1814148404201854E-003 9.8279201988394974E-003 2.5129237964845201E-003 9.5710644087275453E-004 0.0000000000000000E+000 0.0000000000000000E+000 0.0000000000000000E+000 0.0000000000000000E+000 0.0000000000000000E+000 0.0000000000000000E+000 0.0000000000000000E+000 0.0000000000000000E+000 0.0000000000000000E+000 0.0000000000000000E+000 -1.4799858866293896E+000 6.3001304093133514E-001 9.8435438015657422E+000 0.0000000000000000E+000 1.0495983714460841E+004 2.1495319225950941E+007 9.4510252416216602E+009 1.1256267066063728E-002 -1.4963484528257573E+000 -4.1790861139419071E+001 2.4546046009502689E-002 -4.1790861139419071E+001 -1.5653559774527022E+001 -1.5588277590109183E+000 0.0000000000000000E+000 0.0000000000000000E+000 0.0000000000000000E+000 0.0000000000000000E+000 0.0000000000000000E+000 0.0000000000000000E+000 0.0000000000000000E+000 0.0000000000000000E+000 0.0000000000000000E+000 0.0000000000000000E+000 0.0000000000000000E+000 5.2157820737558515E-002 4.9351127742336729E+001 3.1209560045798445E-005 2.2419289080166941E+001 -4.4107853097578278E-014
304 5.6916043107467546E+009 9.9980574202777961E-001 2.8398760495615440E-002 1.5305021762497848E-002 3.7610765974689682E+000 7.2149585337135447E+000 2.2606813155850061E+000 1.7422647423800765E+001 2.4980099884411189E-001 3.3170328284254785E-006 7.2970064690849779E-001 3.0892384133300006E-005 7.2812708983338590E-003 9.7128436947375423E-003 2.5129237964845201E-003 9.5710644087275442E-004 0.0000000000000000E+000 0.0000000000000000E+000 0.0000000000000000E+000 0.0000000000000000E+000 0.0000000000000000E+000 0.0000000000000000E+000 0.0000000000000000E+000 0.0000000000000000E+000 0.0000000000000000E+000 0.0000000000000000E+000 -1.4732544173803932E+000 6.2490105226086079E-001 9.7082537359725070E+000 0.0000000000000000E+000 1.0556824234130381E+004 2.1218125313231997E+007 9.3651958961083412E+009 1.4112892692540055E-002 -1.4583971632249668E+000 -4.1651848215304263E+001 2.8502846899080888E-002 -4.1651848215304263E+001 -9.8999999999999986E+001 -1.5506588817185198E+000 0.0000000000000000E+000 0.0000000000000000E+000 0.0000000000000000E+000 0.0000000000000000E+000 0.0000000000000000E+000 0.0000000000000000E+000 0.0000000000000000E+000 0.0000000000000000E+000 0.0000000000000000E+000 0.0000000000000000E+000 0.0000000000000000E+000 5.2308823047697336E-002 4.9351107690344826E+001 3.1119338203244230E-005 2.2440827819248227E+001 -4.4690670465989404E-014
305 5.7990711925009985E+009 9.9980087620760749E-001 3.2308279505536372E-002 1.6972112457006781E-002 3.7612204318741940E+000 7.2171340641351698E+000 2.2701450069023195E+000 1.7429154137621701E+001 2.3958697452412062E-001 2.9580652973915235E-006 7.3993045467372776E-001 3.1637568025824431E-005 7.3875034798728560E-003 9.5904414515981754E-003 2.5129237964845196E-003 9.5710644087275431E-004 0.0000000000000000E+000 0.0000000000000000E+000 0.0000000000000000E+000 0.0000000000000000E+000 0.0000000000000000E+000 0.0000000000000000E+000 0.0000000000000000E+000 0.0000000000000000E+000 0.0000000000000000E+000 0.0000000000000000E+000 -1.4660899514077290E+000 6.1979398027294308E-001 9.5713231605313549E+000 0.0000000000000000E+000 1.0617810832924330E+004 2.0947209346480388E+007 9.2812235540548096E+009 1.6907732184472914E-002 -1.4225216056309309E+000 -4.1516300997801231E+001 3.2416507709737349E-002 -4.1516300997801231E+001 -1.5176438519807359E+001 -1.5427904783537794E+000 0.0000000000000000E+000 0.0000000000000000E+000 0.0000000000000000E+000 0.0000000000000000E+000 0.0000000000000000E+000 0.0000000000000000E+000 0.0000000000000000E+000 0.0000000000000000E+000 0.0000000000000000E+000 0.0000000000000000E+000 0.0000000000000000E+000 5.2551984640082650E-002 4.9351087465187817E+001 3.1084312970735248E-005 2.2501825611897072E+001 -4.5277392371593718E-014
306 5.9055485506334562E+009 9.9979599232384075E-001 3.6213949490313126E-002 1.8646677340043188E-002 3.7613595669288697E+000 7.2193997122716747E+000 2.2796644754485080E+000 1.7435736250473891E+001 2.2936532346769081E-001 2.6181217089298858E-006 7.5016887374519292E-001 3.2435429906221615E-005 7.5006383022788248E-003 9.4600806958651130E-003 2.5129237964845201E-003 9.5710644087275442E-004 0.0000000000000000E+000 0.0000000000000000E+000 0.0000000000000000E+000 0.0000000000000000E+000 0.0000000000000000E+000 0.0000000000000000E+000 0.0000000000000000E+000 0.0000000000000000E+000 0.0000000000000000E+000 0.0000000000000000E+000 -1.4593042110298251E+000 6.1468309808746358E-001 9.4331968302047216E+000 0.0000000000000000E+000 1.0679425531979934E+004 2.0679579105853815E+007 9.1980854970299816E+009 1.9670609848389631E-002 -1.3882923310312059E+000 -4.1376898477936869E+001 3.6322698817251475E-002 -4.1376898477936869E+001 -1.5653559774527022E+001 -1.5347131611616831E+000 0.0000000000000000E+000 0.0000000000000000E+000 0.0000000000000000E+000 0.0000000000000000E+000 0.0000000000000000E+000 0.0000000000000000E+000 0.0000000000000000E+000 0.0000000000000000E+000 0.0000000000000000E+000 0.0000000000000000E+000 0.0000000000000000E+000 5.2707466732443205E-002 4.9351067030394496E+001 3.0996224092107900E-005 2.2524823546055202E+001 -4.5867815022066320E-014
307 6.0110446806983690E+009 9.9979109050128212E-001 4.0093767512524948E-002 2.0323934144063648E-002 3.7614908930324131E+000 7.2215737936267299E+000 2.2892874496948967E+000 1.7442269982343227E+001 2.1915695625638196E-001 2.3078807479491907E-006 7.6039491472050591E-001 3.3260880397194109E-005 7.6202569124376443E-003 9.3222731121718298E-003 2.5129237964845196E-003 9.5710644087275431E-004 0.0000000000000000E+000 0.0000000000000000E+000 0.0000000000000000E+000 0.0000000000000000E+000 0.0000000000000000E+000 0.0000000000000000E+000 0.0000000000000000E+000 0.0000000000000000E+000 0.0000000000000000E+000 0.0000000000000000E+000 -1.4521859022040131E+000 6.0957886277498230E-001 9.2933355486136406E+000 0.0000000000000000E+000 1.0741497744289794E+004 2.0416456225741651E+007 9.1162346387495766E+009 2.2328125316432617E-002 -1.3541742915736081E+000 -4.1241924287283886E+001 4.0205854985560688E-002 -4.1241924287283886E+001 -9.8999999999999986E+001 -1.5268123285449440E+000 0.0000000000000000E+000 0.0000000000000000E+000 0.0000000000000000E+000 0.0000000000000000E+000 0.0000000000000000E+000 0.0000000000000000E+000 0.0000000000000000E+000 0.0000000000000000E+000 0.0000000000000000E+000 0.0000000000000000E+000 0.0000000000000000E+000 5.2936434955636200E-002 4.9351046419086181E+001 3.0950864078958497E-005 2.2578939689936352E+001 -4.6464477470251301E-014
308 6.1155784511688375E+009 9.9978617030962047E-001 4.3938031889621698E-002 2.2007911945152208E-002 3.7616099702261421E+000 7.2238105748830783E+000 2.2989492294049616E+000 1.7448828633802723E+001 2.0894938378618327E-001 2.0183406241609178E-006 7.7062112435484942E-001 3.4136968004879541E-005 7.7466460761642878E-003 9.1766602368168488E-003 2.5129237964845201E-003 9.5710644087275442E-004 0.0000000000000000E+000 0.0000000000000000E+000 0.0000000000000000E+000 0.0000000000000000E+000 0.0000000000000000E+000 0.0000000000000000E+000 0.0000000000000000E+000 0.0000000000000000E+000 0.0000000000000000E+000 0.0000000000000000E+000 -1.4455070194676034E+000 6.0447502828319566E-001 9.1521893477040273E+000 0.0000000000000000E+000 1.0804181639363771E+004 2.0158018766434174E+007 9.0358516715595016E+009 2.4845352013064363E-002 -1.3197771687710715E+000 -4.1104366147845177E+001 4.4055093340603584E-002 -4.1104366147845177E+001 -9.8999999999999986E+001 -1.5187124788514796E+000 0.0000000000000000E+000 0.0000000000000000E+000 0.0000000000000000E+000 0.0000000000000000E+000 0.0000000000000000E+000 0.0000000000000000E+000 0.0000000000000000E+000 0.0000000000000000E+000 0.0000000000000000E+000 0.0000000000000000E+000 0.0000000000000000E+000 5.3091353105249990E-002 4.9351025599456875E+001 3.0861171254983822E-005 2.2601049464314229E+001 -4.7067963201885613E-014
309 6.2191871089863510E+009 9.9978123081652803E-001 4.7771028533897017E-002 2.3701541639784406E-002 3.7617214045398955E+000 7.2260161014196580E+000 2.3086989237208626E+000 1.7455366303613950E+001 1.9874849862662863E-001 1.7538967624525290E-006 7.8084156559455709E-001 3.5050637699439375E-005 7.8795556342504090E-003 9.0235453727447248E-003 2.5129237964845201E-003 9.5710644087275431E-004 0.0000000000000000E+000 0.0000000000000000E+000 0.0000000000000000E+000 0.0000000000000000E+000 0.0000000000000000E+000 0.0000000000000000E+000 0.0000000000000000E+000 0.0000000000000000E+000 0.0000000000000000E+000 0.0000000000000000E+000 -1.4387555036983868E+000 5.9937454162944137E-001 9.0092580094878620E+000 0.0000000000000000E+000 1.0867593723395839E+004 1.9902925965281826E+007 8.9564096833327599E+009 2.7238515493277663E-002 -1.2851997263268788E+000 -4.0968463939028815E+001 4.7891306592608811E-002 -4.0968463939028815E+001 -1.5352529778863040E+001 -1.5106018835265200E+000 0.0000000000000000E+000 0.0000000000000000E+000 0.0000000000000000E+000 0.0000000000000000E+000 0.0000000000000000E+000 0.0000000000000000E+000 0.0000000000000000E+000 0.0000000000000000E+000 0.0000000000000000E+000 0.0000000000000000E+000 0.0000000000000000E+000 5.3303262073627164E-002 4.9351004595194794E+001 3.0803444337004280E-005 2.2646965140896306E+001 -4.7674520610445188E-014
310 6.3218858486976089E+009 9.9977627149783532E-001 5.1544755271701853E-002 2.5453777340539847E-002 3.7617887183739689E+000 7.2282336523608093E+000 2.3183938553624439E+000 1.7461789046658929E+001 1.8855568974515505E-001 1.5121236385473606E-006 7.9105482799231341E-001 3.6007941418418064E-005 8.0188041276840778E-003 8.8631278324333221E-003 2.5129237964845201E-003 9.5710644087275442E-004 0.0000000000000000E+000 0.0000000000000000E+000 0.0000000000000000E+000 0.0000000000000000E+000 0.0000000000000000E+000 0.0000000000000000E+000 0.0000000000000000E+000 0.0000000000000000E+000 0.0000000000000000E+000 0.0000000000000000E+000 -1.4323469676042606E+000 5.9427809689318389E-001 8.8657580411139403E+000 0.0000000000000000E+000 1.0933591026581989E+004 1.9651090535900313E+007 8.8788776153719540E+009 2.9437919981243937E-002 -1.2501329782255304E+000 -4.0832151266484203E+001 5.1673486338217882E-002 -4.0832151266484203E+001 -1.5352529778863040E+001 -1.5023568807128060E+000 0.0000000000000000E+000 0.0000000000000000E+000 0.0000000000000000E+000 0.0000000000000000E+000 0.0000000000000000E+000 0.0000000000000000E+000 0.0000000000000000E+000 0.0000000000000000E+000 0.0000000000000000E+000 0.0000000000000000E+000 0.0000000000000000E+000 5.3460571192068533E-002 4.9350983380046230E+001 3.0707709489508711E-005 2.2667923868859543E+001 -4.8289966427189613E-014
311 6.4237131705474558E+009 9.9977129091261674E-001 5.5305630748248256E-002 2.7170225380194184E-002 3.7618707132232778E+000 7.2305227386308220E+000 2.3281338088523507E+000 1.7468253295234529E+001 1.7835304435567975E-001 1.2905246652643297E-006 8.0127885496349482E-001 3.7019961439130084E-005 8.1645626267676293E-003 8.6951973305959308E-003 2.5129237964845196E-003 9.5710644087275410E-004 0.0000000000000000E+000 0.0000000000000000E+000 0.0000000000000000E+000 0.0000000000000000E+000 0.0000000000000000E+000 0.0000000000000000E+000 0.0000000000000000E+000 0.0000000000000000E+000 0.0000000000000000E+000 0.0000000000000000E+000 -1.4261624451980497E+000 5.8917673726528408E-001 8.7219500141163184E+000 0.0000000000000000E+000 1.0998629655972585E+004 1.9404613903766494E+007 8.8022769895697250E+009 3.1431828532502003E-002 -1.2139044334115028E+000 -4.0692944574648124E+001 5.5441590945685820E-002 -4.0692944574648124E+001 -1.5176438519807359E+001 -1.4938662626672141E+000 0.0000000000000000E+000 0.0000000000000000E+000 0.0000000000000000E+000 0.0000000000000000E+000 0.0000000000000000E+000 0.0000000000000000E+000 0.0000000000000000E+000 0.0000000000000000E+000 0.0000000000000000E+000 0.0000000000000000E+000 0.0000000000000000E+000 5.3639687774412942E-002 4.9350961966752415E+001 3.0628285684351378E-005 2.2698878467908905E+001 -4.8912071221416857E-014
312 6.5246600524580774E+009 9.9976629029332931E-001 5.8940470416517898E-002 2.8867385561321759E-002 3.7619308430497815E+000 7.2327486066775437E+000 2.3374387898043207E+000 1.7474145947009340E+001 1.6817308350264665E-001 1.0933813153376141E-006 8.1148096395196290E-001 3.8062007446654014E-005 8.3157881306778723E-003 8.5209787885932430E-003 2.5129237964845201E-003 9.5710644087275431E-004 0.0000000000000000E+000 0.0000000000000000E+000 0.0000000000000000E+000 0.0000000000000000E+000 0.0000000000000000E+000 0.0000000000000000E+000 0.0000000000000000E+000 0.0000000000000000E+000 0.0000000000000000E+000 0.0000000000000000E+000 -1.4207634928631143E+000 5.8408672398154249E-001 8.5788013851388918E+000 0.0000000000000000E+000 1.1063318239998744E+004 1.9167640776446417E+007 8.7288698661108780E+009 3.3142809378316263E-002 -1.1775392561677611E+000 -4.0556740866090223E+001 5.9088475739217848E-002 -4.0556740866090223E+001 -9.8999999999999986E+001 -1.4852666038761182E+000 0.0000000000000000E+000 0.0000000000000000E+000 0.0000000000000000E+000 0.0000000000000000E+000 0.0000000000000000E+000 0.0000000000000000E+000 0.0000000000000000E+000 0.0000000000000000E+000 0.0000000000000000E+000 0.0000000000000000E+000 0.0000000000000000E+000 5.3769150766072554E-002 4.9350940351490038E+001 3.0522557999761736E-005 2.2709151070645355E+001 -4.9537134705065179E-014
313 6.6247655165336418E+009 9.9976126977696422E-001 6.2553878321417331E-002 3.0577603151192477E-002 3.7619790862310718E+000 7.2350982737267415E+000 2.3468334938059039E+000 1.7480167916053407E+001 1.5798257045275382E-001 9.1437140209011510E-007 8.2169445457164370E-001 3.9166390431899190E-005 8.4728011561679833E-003 8.3400628202432679E-003 2.5129237964845205E-003 9.5710644087275431E-004 0.0000000000000000E+000 0.0000000000000000E+000 0.0000000000000000E+000 0.0000000000000000E+000 0.0000000000000000E+000 0.0000000000000000E+000 0.0000000000000000E+000 0.0000000000000000E+000 0.0000000000000000E+000 0.0000000000000000E+000 -1.4155354276791270E+000 5.7899143762161065E-001 8.4354123171398090E+000 0.0000000000000000E+000 1.1128889288687880E+004 1.8933925952032592E+007 8.6565019278162804E+009 3.4585657231455361E-002 -1.1400248083158879E+000 -4.0416206529496101E+001 6.2707078492857310E-002 -4.0416206529496101E+001 -9.8999999999999986E+001 -1.4764133014579104E+000 0.0000000000000000E+000 0.0000000000000000E+000 0.0000000000000000E+000 0.0000000000000000E+000 0.0000000000000000E+000 0.0000000000000000E+000 0.0000000000000000E+000 0.0000000000000000E+000 0.0000000000000000E+000 0.0000000000000000E+000 0.0000000000000000E+000 5.3922506292049997E-002 4.9350918554134061E+001 3.0429171469831440E-005 2.2729036205753737E+001 -5.0152271021471034E-014
314 6.7240543786216497E+009 9.9975622842275869E-001 6.6134918514816815E-002 3.2298886474770944E-002 3.7620137046176314E+000 7.2376038288395348E+000 2.3562128822578678E+000 1.7486215930851689E+001 1.4774391453754462E-001 7.5296448217788067E-007 8.3195697802617241E-001 4.0342722954057318E-005 8.6359993070789700E-003 8.1519822044106918E-003 2.5129237964845205E-003 9.5710644087275442E-004 0.0000000000000000E+000 0.0000000000000000E+000 0.0000000000000000E+000 0.0000000000000000E+000 0.0000000000000000E+000 0.0000000000000000E+000 0.0000000000000000E+000 0.0000000000000000E+000 0.0000000000000000E+000 0.0000000000000000E+000 -1.4109015617500051E+000 5.7387208276285273E-001 8.2916800960006150E+000 0.0000000000000000E+000 1.1195276958290500E+004 1.8703977478395581E+007 8.5853736260564480E+009 3.5731427485155842E-002 -1.1014803728756122E+000 -4.0271522310141357E+001 6.6294795459957409E-002 -4.0271522310141357E+001 -1.5352529778863040E+001 -1.4673448394083008E+000 0.0000000000000000E+000 0.0000000000000000E+000 0.0000000000000000E+000 0.0000000000000000E+000 0.0000000000000000E+000 0.0000000000000000E+000 0.0000000000000000E+000 0.0000000000000000E+000 0.0000000000000000E+000 0.0000000000000000E+000 0.0000000000000000E+000 5.4039598094490340E-002 4.9350896559468026E+001 3.0314303939285400E-005 2.2733204653355202E+001 -5.0774619625507189E-014
315 6.8223836378893557E+009 9.9975117416863768E-001 6.9706976391569281E-002 3.4035538617136402E-002 3.7620383930156374E+000 7.2401940439021688E+000 2.3658543339288656E+000 1.7492496369290368E+001 1.3745114887288681E-001 6.1071912057703351E-007 8.4227443526393853E-001 4.1580437185665672E-005 8.8049566014325020E-003 7.9572378680787970E-003 2.5129237964845205E-003 9.5710644087275442E-004 0.0000000000000000E+000 0.0000000000000000E+000 0.0000000000000000E+000 0.0000000000000000E+000 0.0000000000000000E+000 0.0000000000000000E+000 0.0000000000000000E+000 0.0000000000000000E+000 0.0000000000000000E+000 0.0000000000000000E+000 -1.4059350829812780E+000 5.6872567622296355E-001 8.1467906948281392E+000 0.0000000000000000E+000 1.1262658554874615E+004 1.8476549493698988E+007 8.5150057677975664E+009 3.6634055644574136E-002 -1.0627978134071203E+000 -4.0123693843752939E+001 6.9871508343741215E-002 -4.0123693843752939E+001 -9.8999999999999986E+001 -1.4581652990713208E+000 0.0000000000000000E+000 0.0000000000000000E+000 0.0000000000000000E+000 0.0000000000000000E+000 0.0000000000000000E+000 0.0000000000000000E+000 0.0000000000000000E+000 0.0000000000000000E+000 0.0000000000000000E+000 0.0000000000000000E+000 0.0000000000000000E+000 5.4152538500480234E-002 4.9350874415618186E+001 3.0195839686333738E-005 2.2735129128923841E+001 -5.1401324067868583E-014
316 6.9195532610483341E+009 9.9974611780816303E-001 7.3246022214110654E-002 3.5777756230614410E-002 3.7620520456645337E+000 7.2428398814323360E+000 2.3756963445552572E+000 1.7498921199218735E+001 1.2711807489109361E-001 4.8757160836601810E-007 8.5263288042570817E-001 4.2871910142379428E-005 8.9786793917847555E-003 7.7569755723053604E-003 2.5129237964845201E-003 9.5710644087275420E-004 0.0000000000000000E+000 0.0000000000000000E+000 0.0000000000000000E+000 0.0000000000000000E+000 0.0000000000000000E+000 0.0000000000000000E+000 0.0000000000000000E+000 0.0000000000000000E+000 0.0000000000000000E+000 0.0000000000000000E+000 -1.4007343483052341E+000 5.6355911870748143E-001 8.0010774163263569E+000 0.0000000000000000E+000 1.1330663517754918E+004 1.8253040325795095E+007 8.4458566150426531E+009 3.7265446140626844E-002 -1.0242045924825267E+000 -3.9973559613233490E+001 7.3415893435086421E-002 -3.9973559613233490E+001 -9.8999999999999986E+001 -1.4489031074242893E+000 0.0000000000000000E+000 0.0000000000000000E+000 0.0000000000000000E+000 0.0000000000000000E+000 0.0000000000000000E+000 0.0000000000000000E+000 0.0000000000000000E+000 0.0000000000000000E+000 0.0000000000000000E+000 0.0000000000000000E+000 0.0000000000000000E+000 5.4294084431692764E-002 4.9350852170639968E+001 3.0092985958677118E-005 2.2748795057196041E+001 -5.2036431863111545E-014
317 7.0154053977839718E+009 9.9974106862975209E-001 7.6736936270816097E-002 3.7519875928375253E-002 3.7620537143298294E+000 7.2455190094979702E+000 2.3857174143767668E+000 1.7505458539360337E+001 1.1676824655238117E-001 3.8278947985413968E-007 8.6300856469339771E-001 4.4208399680736255E-005 9.1558189441352904E-003 7.5527483835678925E-003 2.5129237964845201E-003 9.5710644087275420E-004 0.0000000000000000E+000 0.0000000000000000E+000 0.0000000000000000E+000 0.0000000000000000E+000 0.0000000000000000E+000 0.0000000000000000E+000 0.0000000000000000E+000 0.0000000000000000E+000 0.0000000000000000E+000 0.0000000000000000E+000 -1.3953387874402958E+000 5.5838418707443704E-001 7.8549719394146678E+000 0.0000000000000000E+000 1.1399075204982810E+004 1.8034237830515560E+007 8.3781975558307753E+009 3.7601741204948309E-002 -9.8586311710239882E-001 -3.9821542024818442E+001 7.6912880410795470E-002 -3.9821542024818442E+001 -9.8999999999999986E+001 -1.4395778708779325E+000 0.0000000000000000E+000 0.0000000000000000E+000 0.0000000000000000E+000 0.0000000000000000E+000 0.0000000000000000E+000 0.0000000000000000E+000 0.0000000000000000E+000 0.0000000000000000E+000 0.0000000000000000E+000 0.0000000000000000E+000 0.0000000000000000E+000 5.4405086530371335E-002 4.9350829853302756E+001 2.9973436717961164E-005 2.2749538944213221E+001 -5.2676743396026743E-014
318 7.1098671912052984E+009 9.9973603209015760E-001 8.0167604959686486E-002 3.9260415469760696E-002 3.7620411117313548E+000 7.2479793326749551E+000 2.3955838124638125E+000 1.7511590208049256E+001 1.0651452672590279E-001 2.9745631775645241E-007 8.7328811130645811E-001 4.5527267493652940E-005 9.3329317598448442E-003 7.3485752466254679E-003 2.5129237964845201E-003 9.5710644087275420E-004 0.0000000000000000E+000 0.0000000000000000E+000 0.0000000000000000E+000 0.0000000000000000E+000 0.0000000000000000E+000 0.0000000000000000E+000 0.0000000000000000E+000 0.0000000000000000E+000 0.0000000000000000E+000 0.0000000000000000E+000 -1.3896168996553189E+000 5.5325731293900438E-001 7.7099986696136256E+000 0.0000000000000000E+000 1.1467837284567206E+004 1.7820595343120687E+007 8.3122336063938770E+009 3.7607481678652188E-002 -9.4775745421371560E-001 -3.9671080655770993E+001 8.0351194793509356E-002 -3.9671080655770993E+001 -9.8999999999999986E+001 -1.4301915852856122E+000 0.0000000000000000E+000 0.0000000000000000E+000 0.0000000000000000E+000 0.0000000000000000E+000 0.0000000000000000E+000 0.0000000000000000E+000 0.0000000000000000E+000 0.0000000000000000E+000 0.0000000000000000E+000 0.0000000000000000E+000 0.0000000000000000E+000 5.4506792706089463E-002 4.9350807500329516E+001 2.9849335217605236E-005 2.2746357047432447E+001 -5.3318271990284959E-014
319 7.2031593065990791E+009 9.9973099807533650E-001 8.3554302707895309E-002 4.0998253778196679E-002 3.7620188670141887E+000 7.2506671718138120E+000 2.4058755316870193E+000 1.7518308059583401E+001 9.6290236593503276E-002 2.2526117682973418E-007 8.8353830974727188E-001 4.6913753568345192E-005 9.5105494185827397E-003 7.1437349885397150E-003 2.5129237964845205E-003 9.5710644087275442E-004 0.0000000000000000E+000 0.0000000000000000E+000 0.0000000000000000E+000 0.0000000000000000E+000 0.0000000000000000E+000 0.0000000000000000E+000 0.0000000000000000E+000 0.0000000000000000E+000 0.0000000000000000E+000 0.0000000000000000E+000 -1.3838891784611445E+000 5.4814515584028112E-001 7.5656371884920892E+000 0.0000000000000000E+000 1.1536906503131120E+004 1.7611376392137159E+007 8.2476240341825876E+009 3.7318100843068608E-002 -9.1028964778844401E-001 -3.9516629070632966E+001 8.3743647303235066E-002 -3.9516629070632966E+001 -9.8999999999999986E+001 -1.4207742133486720E+000 0.0000000000000000E+000 0.0000000000000000E+000 0.0000000000000000E+000 0.0000000000000000E+000 0.0000000000000000E+000 0.0000000000000000E+000 0.0000000000000000E+000 0.0000000000000000E+000 0.0000000000000000E+000 0.0000000000000000E+000 0.0000000000000000E+000 5.4602115102763679E-002 4.9350785070709726E+001 2.9722454232683758E-005 2.2740510709749209E+001 -5.3959702809321320E-014
320 7.2955272359958420E+009 9.9972595452559410E-001 8.6903747802556872E-002 4.2739828148242925E-002 3.7619854411028308E+000 7.2533390992502547E+000 2.4163558637971940E+000 1.7525157307865570E+001 8.6132211820931559E-002 1.6683296160523714E-007 8.9372207274574256E-001 4.8315801013911864E-005 9.6870365583295766E-003 6.9401660036635272E-003 2.5129237964845205E-003 9.5710644087275431E-004 0.0000000000000000E+000 0.0000000000000000E+000 0.0000000000000000E+000 0.0000000000000000E+000 0.0000000000000000E+000 0.0000000000000000E+000 0.0000000000000000E+000 0.0000000000000000E+000 0.0000000000000000E+000 0.0000000000000000E+000 -1.3778289182646581E+000 5.4306613371595913E-001 7.4222260182739470E+000 0.0000000000000000E+000 1.1606541540346650E+004 1.7405956648837078E+007 8.1842185738047457E+009 3.6723310821137438E-002 -8.7340319719598647E-001 -3.9361147119869585E+001 8.7099603977446344E-002 -3.9361147119869585E+001 -9.8999999999999986E+001 -1.4113069272440748E+000 0.0000000000000000E+000 0.0000000000000000E+000 0.0000000000000000E+000 0.0000000000000000E+000 0.0000000000000000E+000 0.0000000000000000E+000 0.0000000000000000E+000 0.0000000000000000E+000 0.0000000000000000E+000 0.0000000000000000E+000 0.0000000000000000E+000 5.4690032845726259E-002 4.9350762513028435E+001 2.9591640416276418E-005 2.2731422857420007E+001 -5.4602823462145508E-014
321 7.3871370519162788E+009 9.9972089316023260E-001 9.0230020256714991E-002 4.4489968726166146E-002 3.7619419389274094E+000 7.2559652301828725E+000 2.4270401546994020E+000 1.7532175954344314E+001 7.6114446892447438E-002 1.2059031171639795E-007 9.0376508402003353E-001 4.9716045075202830E-005 9.8601700442843519E-003 6.7404321704906331E-003 2.5129237964845205E-003 9.5710644087275431E-004 0.0000000000000000E+000 0.0000000000000000E+000 0.0000000000000000E+000 0.0000000000000000E+000 0.0000000000000000E+000 0.0000000000000000E+000 0.0000000000000000E+000 0.0000000000000000E+000 0.0000000000000000E+000 0.0000000000000000E+000 -1.3712111860991103E+000 5.3805724354460904E-001 7.2806971598879517E+000 0.0000000000000000E+000 1.1676942464703014E+004 1.7203510903265115E+007 8.1217337517941942E+009 3.5844409166683473E-002 -8.3726763702619045E-001 -3.9205255156832635E+001 9.0431845756578574E-002 -3.9205255156832635E+001 -9.8999999999999986E+001 -1.4018011822283305E+000 0.0000000000000000E+000 0.0000000000000000E+000 0.0000000000000000E+000 0.0000000000000000E+000 0.0000000000000000E+000 0.0000000000000000E+000 0.0000000000000000E+000 0.0000000000000000E+000 0.0000000000000000E+000 0.0000000000000000E+000 0.0000000000000000E+000 5.4771254387357568E-002 4.9350739792501301E+001 2.9456859900586812E-005 2.2719279901340602E+001 -5.5249159827691117E-014
322 7.4784208609369955E+009 9.9971579029510671E-001 9.3577078520064666E-002 4.6266275420376007E-002 3.7618905501461417E+000 7.2584188338803148E+000 2.4379592511089205E+000 1.7539347327621034E+001 6.6345249880475479E-002 8.5123622572724550E-008 9.1355863561560080E-001 5.1073744469960522E-005 1.0027235897372803E-002 6.5476895011013017E-003 2.5129237964845209E-003 9.5710644087275453E-004 0.0000000000000000E+000 0.0000000000000000E+000 0.0000000000000000E+000 0.0000000000000000E+000 0.0000000000000000E+000 0.0000000000000000E+000 0.0000000000000000E+000 0.0000000000000000E+000 0.0000000000000000E+000 0.0000000000000000E+000 -1.3633504631946185E+000 5.3317263912750823E-001 7.1420713126197946E+000 0.0000000000000000E+000 1.1748832406253045E+004 1.7001580203600496E+007 8.0593399156836548E+009 3.4750341069067013E-002 -8.0209055873604340E-001 -3.9052491823547868E+001 9.3783056920137192E-002 -3.9052491823547868E+001 -1.5653559774527022E+001 -1.3922654840018704E+000 0.0000000000000000E+000 0.0000000000000000E+000 0.0000000000000000E+000 0.0000000000000000E+000 0.0000000000000000E+000 0.0000000000000000E+000 0.0000000000000000E+000 0.0000000000000000E+000 0.0000000000000000E+000 0.0000000000000000E+000 0.0000000000000000E+000 5.4848144099360854E-002 4.9350716804165110E+001 2.9317670115023693E-005 2.2704617705087134E+001 -5.5901097693400095E-014
323 7.5879614317618561E+009 9.9970959394270842E-001 9.7626809174448867E-002 4.8433348455658477E-002 3.7618194462920962E+000 7.2613111873364797E+000 2.4514321496254330E+000 1.7548511379159660E+001 5.5119718555225038E-002 5.3829876965615879E-008 9.2481169994004075E-001 5.2660702559630326E-005 1.0216044933271334E-002 6.3297918016691351E-003 2.5129237964845209E-003 9.5710644087275431E-004 0.0000000000000000E+000 0.0000000000000000E+000 0.0000000000000000E+000 0.0000000000000000E+000 0.0000000000000000E+000 0.0000000000000000E+000 0.0000000000000000E+000 0.0000000000000000E+000 0.0000000000000000E+000 0.0000000000000000E+000 -1.3525243334481758E+000 5.2755986824925871E-001 6.9821042444006176E+000 0.0000000000000000E+000 1.1837136731948953E+004 1.6759733217568487E+007 7.9844875999238691E+009 3.3143474595177247E-002 -7.6102872506101626E-001 -3.8867089029139798E+001 9.7837424537177961E-002 -3.8867089029139798E+001 -9.8999999999999986E+001 -1.3807262454755700E+000 0.0000000000000000E+000 0.0000000000000000E+000 0.0000000000000000E+000 0.0000000000000000E+000 0.0000000000000000E+000 0.0000000000000000E+000 0.0000000000000000E+000 0.0000000000000000E+000 0.0000000000000000E+000 0.0000000000000000E+000 0.0000000000000000E+000 5.4935156519518510E-002 4.9350688791611610E+001 2.9145108599852482E-005 2.2683888955763326E+001 -5.6566734604330140E-014
324 7.7194101167516880E+009 9.9970205077013763E-001 1.0260768250518772E-001 5.1108730393926112E-002 3.7617269736556467E+000 7.2644251240409288E+000 2.4680692156265631E+000 1.7560297254263126E+001 4.2812709525936084E-002 2.9515933189694229E-008 9.3714819115650683E-001 5.4399368554284109E-005 1.0418193158584142E-002 6.0964470371282888E-003 2.5129237964845205E-003 9.5710644087275420E-004 0.0000000000000000E+000 0.0000000000000000E+000 0.0000000000000000E+000 0.0000000000000000E+000 0.0000000000000000E+000 0.0000000000000000E+000 0.0000000000000000E+000 0.0000000000000000E+000 0.0000000000000000E+000 0.0000000000000000E+000 -1.3358716361728180E+000 5.2140635968229010E-001 6.8041572744814527E+000 0.0000000000000000E+000 1.1947069099892771E+004 1.6466613505110757E+007 7.8933779928163433E+009 3.1017599312644861E-002 -7.1423041253200559E-001 -3.8650667924381722E+001 1.0282024604124040E-001 -3.8650667924381722E+001 -1.5176438519807359E+001 -1.3668648555357548E+000 0.0000000000000000E+000 0.0000000000000000E+000 0.0000000000000000E+000 0.0000000000000000E+000 0.0000000000000000E+000 0.0000000000000000E+000 0.0000000000000000E+000 0.0000000000000000E+000 0.0000000000000000E+000 0.0000000000000000E+000 0.0000000000000000E+000 5.5038105161467191E-002 4.9350654548484705E+001 2.8931030753060873E-005 2.2656408612169582E+001 -5.7384922272486366E-014
325 7.8351150140533733E+009 9.9969529259542378E-001 1.0715613010003899E-001 5.3544464984089782E-002 3.7616462182592780E+000 7.2667032766073580E+000 2.4832760991232736E+000 1.7571567541148053E+001 3.3244166596180250E-002 1.6574159176256619E-008 9.4673914201603271E-001 5.5728559231250947E-005 1.0571856629644783E-002 5.9190593873944576E-003 2.5129237964845205E-003 9.5710644087275420E-004 0.0000000000000000E+000 0.0000000000000000E+000 0.0000000000000000E+000 0.0000000000000000E+000 0.0000000000000000E+000 0.0000000000000000E+000 0.0000000000000000E+000 0.0000000000000000E+000 0.0000000000000000E+000 0.0000000000000000E+000 -1.3164396307930935E+000 5.1662208606045001E-001 6.6620122545272311E+000 0.0000000000000000E+000 1.2048041240051993E+004 1.6203701647181002E+007 7.8110877550259628E+009 2.9203603075916580E-002 -6.7591218213889137E-001 -3.8470260620373473E+001 1.0736657292296906E-001 -3.8470260620373473E+001 -9.8999999999999986E+001 -1.3547647060594068E+000 0.0000000000000000E+000 0.0000000000000000E+000 0.0000000000000000E+000 0.0000000000000000E+000 0.0000000000000000E+000 0.0000000000000000E+000 0.0000000000000000E+000 0.0000000000000000E+000 0.0000000000000000E+000 0.0000000000000000E+000 0.0000000000000000E+000 5.4889283972973761E-002 4.9350623714356836E+001 2.8610921943898776E-005 2.2531769581535801E+001 -5.8408717968507187E-014
326 7.9739608908153944E+009 9.9968705181445916E-001 1.1286923471291745E-001 5.6582556699442781E-002 3.7615554485548213E+000 7.2688799795878181E+000 2.5019076479443880E+000 1.7586284296851339E+001 2.3823908138767148E-002 7.9446068736711701E-009 9.5618092386704889E-001 5.7028127169947827E-005 1.0719427652809458E-002 5.7486740322403775E-003 2.5129237964845205E-003 9.5710644087275410E-004 0.0000000000000000E+000 0.0000000000000000E+000 0.0000000000000000E+000 0.0000000000000000E+000 0.0000000000000000E+000 0.0000000000000000E+000 0.0000000000000000E+000 0.0000000000000000E+000 0.0000000000000000E+000 0.0000000000000000E+000 -1.2873074222596128E+000 5.1191195539348466E-001 6.5160427054877381E+000 0.0000000000000000E+000 1.2175179506696953E+004 1.5880196852761718E+007 7.7089429616689816E+009 2.7245214265376797E-002 -6.3327717268751427E-001 -3.8268111130248755E+001 1.1307544098820997E-001 -3.8268111130248755E+001 -9.8999999999999986E+001 -1.3403615704146621E+000 0.0000000000000000E+000 0.0000000000000000E+000 0.0000000000000000E+000 0.0000000000000000E+000 0.0000000000000000E+000 0.0000000000000000E+000 0.0000000000000000E+000 0.0000000000000000E+000 0.0000000000000000E+000 0.0000000000000000E+000 0.0000000000000000E+000 5.5256267441099502E-002 4.9350586109196520E+001 2.8501440415158678E-005 2.2603111376997575E+001 -5.9352003508277691E-014
327 8.1405759429298191E+009 9.9967695982192417E-001 1.2012676487141737E-001 6.0404735077670822E-002 3.7614587419053325E+000 7.2707735888444169E+000 2.5246918086228871E+000 1.7605639894809123E+001 1.5435472150563441E-002 3.1374045423972429E-009 9.6458808017151731E-001 5.8185962718340918E-005 1.0847734599964872E-002 5.6004937404744307E-003 2.5129237964845209E-003 9.5710644087275431E-004 0.0000000000000000E+000 0.0000000000000000E+000 0.0000000000000000E+000 0.0000000000000000E+000 0.0000000000000000E+000 0.0000000000000000E+000 0.0000000000000000E+000 0.0000000000000000E+000 0.0000000000000000E+000 0.0000000000000000E+000 -1.2452618984943746E+000 5.0771773659818242E-001 6.3759948866511884E+000 0.0000000000000000E+000 1.2337036020185036E+004 1.5479873400949392E+007 7.5811120896325731E+009 2.5351106301399466E-002 -5.8646800478591343E-001 -3.8047177255569601E+001 1.2032676047570448E-001 -3.8047177255569601E+001 -9.8999999999999986E+001 -1.3232398422606295E+000 0.0000000000000000E+000 0.0000000000000000E+000 0.0000000000000000E+000 0.0000000000000000E+000 0.0000000000000000E+000 0.0000000000000000E+000 0.0000000000000000E+000 0.0000000000000000E+000 0.0000000000000000E+000 0.0000000000000000E+000 0.0000000000000000E+000 5.5420659025682668E-002 4.9350539581599762E+001 2.8211186406646142E-005 2.2570688372571549E+001 -6.0570713191210687E-014
328 8.3405140054671297E+009 9.9966453544102019E-001 1.2934463677235147E-001 6.5330336850537615E-002 3.7613004089941322E+000 7.2724157719430087E+000 2.5529396394747805E+000 1.7631552867810107E+001 8.8186580012372603E-003 9.7090019867693587E-010 9.7121940044992761E-001 5.9154876460023884E-005 1.0947001539294329E-002 5.4857539248232817E-003 2.5129237964845205E-003 9.5710644087275420E-004 0.0000000000000000E+000 0.0000000000000000E+000 0.0000000000000000E+000 0.0000000000000000E+000 0.0000000000000000E+000 0.0000000000000000E+000 0.0000000000000000E+000 0.0000000000000000E+000 0.0000000000000000E+000 0.0000000000000000E+000 -1.1874514581516309E+000 5.0440932916243519E-001 6.2494729283240211E+000 0.0000000000000000E+000 1.2548792387362822E+004 1.4983495289881395E+007 7.4218068599932804E+009 2.3438258380939030E-002 -5.3449130348590701E-001 -3.7806948936112391E+001 1.2954039853211707E-001 -3.7806948936112391E+001 -9.8999999999999986E+001 -1.3027420991140699E+000 4.2393782005931804E-005 0.0000000000000000E+000 0.0000000000000000E+000 0.0000000000000000E+000 0.0000000000000000E+000 5.5166799673755122E-003 0.0000000000000000E+000 0.0000000000000000E+000 0.0000000000000000E+000 0.0000000000000000E+000 0.0000000000000000E+000 5.5644258554171683E-002 4.9350481870233352E+001 2.7846996694104888E-005 2.2533439936867769E+001 -6.2141148845920889E-014
329 8.5804396805119028E+009 9.9964913088852836E-001 1.4114306912129851E-001 7.1611392094995549E-002 3.7611094894591401E+000 7.2738485064751801E+000 2.5874484208833626E+000 1.7665152683280752E+001 4.3140502784387857E-003 2.2180562651229196E-010 9.7573379383003722E-001 5.9922918864805363E-005 1.1013703797865131E-002 5.4084987156312299E-003 2.5129237964845209E-003 9.5710644087275431E-004 0.0000000000000000E+000 0.0000000000000000E+000 0.0000000000000000E+000 0.0000000000000000E+000 0.0000000000000000E+000 0.0000000000000000E+000 0.0000000000000000E+000 0.0000000000000000E+000 0.0000000000000000E+000 0.0000000000000000E+000 -1.1115462264803844E+000 5.0215702517618699E-001 6.1394158821493514E+000 0.0000000000000000E+000 1.2824099036386584E+004 1.4372101089415368E+007 7.2227822753852940E+009 2.1486206093545589E-002 -4.7635711436465999E-001 -3.7539359158703775E+001 1.4133638133877083E-001 -3.7539359158703775E+001 -9.8999999999999986E+001 -1.2780004024988547E+000 1.8996860989067359E-003 0.0000000000000000E+000 0.0000000000000000E+000 0.0000000000000000E+000 0.0000000000000000E+000 1.9404983165184905E-002 0.0000000000000000E+000 0.0000000000000000E+000 0.0000000000000000E+000 0.0000000000000000E+000 0.0000000000000000E+000 5.5916942304200787E-002 4.9350409608017053E+001 2.7382687135958772E-005 2.2480510626504948E+001 -6.4205519017013045E-014
330 8.8683504905656300E+009 9.9962985695115325E-001 1.5623798945850717E-001 7.9717238619340852E-002 3.7608302962812692E+000 7.2755007916142036E+000 2.6300034820759075E+000 1.7708625325878899E+001 1.7273611363515409E-003 3.3779286991428594E-011 9.7832613406145508E-001 6.0612843161715640E-005 1.1051650283635427E-002 5.3642114042597730E-003 2.5129237964845209E-003 9.5710644087275420E-004 0.0000000000000000E+000 0.0000000000000000E+000 0.0000000000000000E+000 0.0000000000000000E+000 0.0000000000000000E+000 0.0000000000000000E+000 0.0000000000000000E+000 0.0000000000000000E+000 0.0000000000000000E+000 0.0000000000000000E+000 -1.0111511763172643E+000 5.0086368057380570E-001 6.0389516612999339E+000 0.0000000000000000E+000 1.3188330433557599E+004 1.3623940843947565E+007 6.9759157955293093E+009 1.8786062759200094E-002 -4.0958614851527336E-001 -3.7231293789925864E+001 1.5643458468946200E-001 -3.7231293789925864E+001 -1.4954589770191003E+001 -1.2476899913809303E+000 3.4435425257255568E-003 0.0000000000000000E+000 0.0000000000000000E+000 0.0000000000000000E+000 0.0000000000000000E+000 2.3076714790662371E-002 0.0000000000000000E+000 0.0000000000000000E+000 0.0000000000000000E+000 0.0000000000000000E+000 0.0000000000000000E+000 5.6220672493566680E-002 4.9350318074987946E+001 2.6771061400979538E-005 2.2392425588789543E+001 -6.6944125410083093E-014
331 9.1017511765208740E+009 9.9961337214553936E-001 1.6961005311133356E-001 8.6909678345433602E-002 3.7605770923314297E+000 7.2764621826905733E+000 2.6699920298255400E+000 1.7750002003018896E+001 7.1947971458577041E-004 5.6802452961488622E-012 9.7933624282323894E-001 6.1011386766678454E-005 1.1066311531990648E-002 5.3469243003805228E-003 2.5129237964845209E-003 9.5710644087275431E-004 0.0000000000000000E+000 0.0000000000000000E+000 0.0000000000000000E+000 0.0000000000000000E+000 0.0000000000000000E+000 0.0000000000000000E+000 0.0000000000000000E+000 0.0000000000000000E+000 0.0000000000000000E+000 0.0000000000000000E+000 -9.1238903316406550E-001 5.0035973985823967E-001 5.9609768540699575E+000 0.0000000000000000E+000 1.3520167137571811E+004 1.2993433315807573E+007 6.7642866605207872E+009 1.8092473600979073E-002 -3.6062567238126841E-001 -3.6994491479290780E+001 1.6979982784727679E-001 -3.6994491479290780E+001 -9.8999999999999986E+001 -1.2230758928876386E+000 6.7549035494390529E-003 0.0000000000000000E+000 0.0000000000000000E+000 0.0000000000000000E+000 0.0000000000000000E+000 2.8436193496812163E-002 0.0000000000000000E+000 0.0000000000000000E+000 0.0000000000000000E+000 0.0000000000000000E+000 0.0000000000000000E+000 5.6475082847335038E-002 4.9350238608887310E+001 2.6231994368674315E-005 2.2308005118893199E+001 -7.0628779630731121E-014
332 9.2884717252850704E+009 9.9959954298462772E-001 1.8107646139999314E-001 9.3218625535027272E-002 3.7602892208087981E+000 7.2770813777126531E+000 2.7060409387353088E+000 1.7787518643867763E+001 3.1870064616838252E-004 1.0912395498980171E-012 9.7973791502483476E-001 6.1270731093386393E-005 1.1071958295353098E-002 5.3401250641020998E-003 2.5129237964845196E-003 9.5710644087275410E-004 0.0000000000000000E+000 0.0000000000000000E+000 0.0000000000000000E+000 0.0000000000000000E+000 0.0000000000000000E+000 0.0000000000000000E+000 0.0000000000000000E+000 0.0000000000000000E+000 0.0000000000000000E+000 0.0000000000000000E+000 -8.2288196553739446E-001 5.0015935032326597E-001 5.8974633798888965E+000 0.0000000000000000E+000 1.3818104901787685E+004 1.2472012855821930E+007 6.5879392770185356E+009 1.8782378303606878E-002 -3.2442706823359013E-001 -3.6809980956672234E+001 1.8126396458917735E-001 -3.6809980956672234E+001 -1.5653559774527022E+001 -1.2032239234273983E+000 1.0463899885052983E-002 0.0000000000000000E+000 0.0000000000000000E+000 0.0000000000000000E+000 0.0000000000000000E+000 3.2489444357232139E-002 0.0000000000000000E+000 0.0000000000000000E+000 0.0000000000000000E+000 0.0000000000000000E+000 0.0000000000000000E+000 5.6682939070461395E-002 4.9350171074131040E+001 2.5760690775413664E-005 2.2227843745518001E+001 -7.4063411890183437E-014
333 9.4378481642964287E+009 9.9958801619611359E-001 1.9088859997722066E-001 9.8730088097661373E-002 3.7599865241717874E+000 7.2775504851144852E+000 2.7383871057393425E+000 1.7821321735256092E+001 1.5052751110010412E-004 2.3944273929085411E-013 9.7990647907346717E-001 6.1464236568945497E-005 1.1074243171564279E-002 5.3372557697028561E-003 2.5129237964845192E-003 9.5710644087275399E-004 0.0000000000000000E+000 0.0000000000000000E+000 0.0000000000000000E+000 0.0000000000000000E+000 0.0000000000000000E+000 0.0000000000000000E+000 0.0000000000000000E+000 0.0000000000000000E+000 0.0000000000000000E+000 0.0000000000000000E+000 -7.4007453500740294E-001 5.0007526375558997E-001 5.8422256187044148E+000 0.0000000000000000E+000 1.4083745975717871E+004 1.2039347018045494E+007 6.4406906591237926E+009 2.0790674532814083E-002 -2.9790843004591483E-001 -3.6661646593416883E+001 1.9107173938107092E-001 -3.6661646593416883E+001 -9.8999999999999986E+001 -1.1872495737022022E+000 1.3018368556476881E-002 0.0000000000000000E+000 0.0000000000000000E+000 0.0000000000000000E+000 0.0000000000000000E+000 3.4427689966010915E-002 0.0000000000000000E+000 0.0000000000000000E+000 0.0000000000000000E+000 0.0000000000000000E+000 0.0000000000000000E+000 5.6877516736467820E-002 4.9350114155505608E+001 2.5361423480182219E-005 2.2162878548135954E+001 -7.7166041647690549E-014
334 9.5573493155055141E+009 9.9957846263149597E-001 1.9919987601159930E-001 1.0333522198425393E-001 3.7597617762370863E+000 7.2778368296861791E+000 2.7669820875273912E+000 1.7851209676145061E+001 7.6209465944573725E-005 6.0690963845616230E-014 9.7998097840629406E-001 6.1596535014410471E-005 1.1075203487640383E-002 5.3359818676885912E-003 2.5129237964845192E-003 9.5710644087275377E-004 0.0000000000000000E+000 0.0000000000000000E+000 0.0000000000000000E+000 0.0000000000000000E+000 0.0000000000000000E+000 0.0000000000000000E+000 0.0000000000000000E+000 0.0000000000000000E+000 0.0000000000000000E+000 0.0000000000000000E+000 -6.6443035059594013E-001 5.0003810473298227E-001 5.7929653683129141E+000 0.0000000000000000E+000 1.4309615336917119E+004 1.1686332025729107E+007 6.3185439990691395E+009 2.3438661892051606E-002 -2.7803584750117499E-001 -3.6545312146908074E+001 1.9938180025150512E-001 -3.6545312146908074E+001 -1.5176438519807359E+001 -1.1742883905958348E+000 1.5763669642780569E-002 0.0000000000000000E+000 0.0000000000000000E+000 0.0000000000000000E+000 0.0000000000000000E+000 3.6280866454949587E-002 0.0000000000000000E+000 0.0000000000000000E+000 0.0000000000000000E+000 0.0000000000000000E+000 0.0000000000000000E+000 5.6989566193195361E-002 4.9350066511320996E+001 2.5010154282447132E-005 2.2088954703602369E+001 -7.9945377270180602E-014
335 9.6529502364727821E+009 9.9957058858126058E-001 2.0609299106975137E-001 1.0720369977521094E-001 3.7595508161061457E+000 7.2779161341391623E+000 2.7917765798847771E+000 1.7877044199548713E+001 4.1596275728548310E-005 1.7986192258869274E-014 9.8001566624921876E-001 6.1671977214122908E-005 1.1075550024502457E-002 5.3354852359608941E-003 2.5129237964845192E-003 9.5710644087275388E-004 0.0000000000000000E+000 0.0000000000000000E+000 0.0000000000000000E+000 0.0000000000000000E+000 0.0000000000000000E+000 0.0000000000000000E+000 0.0000000000000000E+000 0.0000000000000000E+000 0.0000000000000000E+000 0.0000000000000000E+000 -5.9844447405318124E-001 5.0002079813786726E-001 5.7506551503145014E+000 0.0000000000000000E+000 1.4502149794557557E+004 1.1400129533443797E+007 6.2189988695246115E+009 2.5962935513432758E-002 -2.6250692573795559E-001 -3.6457882146569830E+001 2.0628139577471588E-001 -3.6457882146569830E+001 -9.8999999999999986E+001 -1.1636935963444111E+000 1.7231736393372023E-002 0.0000000000000000E+000 0.0000000000000000E+000 0.0000000000000000E+000 0.0000000000000000E+000 3.6892145104375981E-002 0.0000000000000000E+000 0.0000000000000000E+000 0.0000000000000000E+000 0.0000000000000000E+000 0.0000000000000000E+000 5.7070616268884093E-002 4.9350026952287131E+001 2.4713129321025031E-005 2.2021943708611708E+001 -8.2363748756414270E-014
336 9.7294309732465973E+009 9.9956413100961361E-001 2.1178959935902003E-001 1.1044571853748511E-001 3.7593539587973255E+000 7.2779696869476904E+000 2.8130715195109803E+000 1.7899277229155068E+001 2.4408376291417951E-005 6.1675086883775570E-015 9.8003288741254690E-001 6.1723497269353168E-005 1.1075662658194851E-002 5.3352878183340422E-003 2.5129237964845196E-003 9.5710644087275399E-004 0.0000000000000000E+000 0.0000000000000000E+000 0.0000000000000000E+000 0.0000000000000000E+000 0.0000000000000000E+000 0.0000000000000000E+000 0.0000000000000000E+000 0.0000000000000000E+000 0.0000000000000000E+000 0.0000000000000000E+000 -5.4214320521778236E-001 5.0001220418814685E-001 5.7150121299369756E+000 0.0000000000000000E+000 1.4665498090433764E+004 1.1167746508984298E+007 6.1379177418517447E+009 2.8262601560370817E-002 -2.5027130223389771E-001 -3.6387279779629132E+001 2.1198276870232838E-001 -3.6387279779629132E+001 -9.8999999999999986E+001 -1.1550589719272459E+000 1.8832553274514181E-002 0.0000000000000000E+000 0.0000000000000000E+000 0.0000000000000000E+000 0.0000000000000000E+000 3.7628125700386553E-002 0.0000000000000000E+000 0.0000000000000000E+000 0.0000000000000000E+000 0.0000000000000000E+000 0.0000000000000000E+000 5.7126184197410911E-002 4.9349994315628635E+001 2.4461611129021898E-005 2.1961162336758814E+001 -8.4433962321438383E-014
337 9.7906155626656494E+009 9.9955885735529837E-001 2.1638531077638867E-001 1.1314085768161167E-001 3.7591553170796042E+000 7.2779462137319308E+000 2.8307844431349154E+000 1.7917749213205234E+001 1.5356244637438291E-005 2.4371416634471396E-015 9.8004195501800728E-001 6.1754777239722837E-005 1.1075697988215923E-002 5.3352057345399453E-003 2.5129237964845196E-003 9.5710644087275399E-004 0.0000000000000000E+000 0.0000000000000000E+000 0.0000000000000000E+000 0.0000000000000000E+000 0.0000000000000000E+000 0.0000000000000000E+000 0.0000000000000000E+000 0.0000000000000000E+000 0.0000000000000000E+000 0.0000000000000000E+000 -4.9502902226013740E-001 5.0000767812231905E-001 5.6854558173395890E+000 0.0000000000000000E+000 1.4802690950654116E+004 1.0981713628031865E+007 6.0732766020875626E+009 2.9982365597923329E-002 -2.4022755969770196E-001 -3.6333495764423162E+001 2.1659188198805299E-001 -3.6333495764423162E+001 -1.4699317265087696E+001 -1.1479878323740196E+000 1.9964837041461174E-002 0.0000000000000000E+000 0.0000000000000000E+000 0.0000000000000000E+000 0.0000000000000000E+000 3.8028125341271105E-002 0.0000000000000000E+000 0.0000000000000000E+000 0.0000000000000000E+000 0.0000000000000000E+000 0.0000000000000000E+000 5.7142903449047773E-002 4.9349967534897388E+001 2.4241962898672554E-005 2.1899455894704250E+001 -8.6192526015248009E-014
338 9.8395632342008915E+009 9.9955456695218614E-001 2.2008648978855128E-001 1.1532507710045460E-001 3.7589885021232239E+000 7.2779314202196321E+000 2.8455438581322450E+000 1.7933174462016371E+001 1.0304985045231074E-005 1.0958269260787224E-015 9.8004701428265228E-001 6.1775778329493694E-005 1.1075705021032995E-002 5.3351696955816928E-003 2.5129237964845196E-003 9.5710644087275399E-004 0.0000000000000000E+000 0.0000000000000000E+000 0.0000000000000000E+000 0.0000000000000000E+000 0.0000000000000000E+000 0.0000000000000000E+000 0.0000000000000000E+000 0.0000000000000000E+000 0.0000000000000000E+000 0.0000000000000000E+000 -4.5527478757880296E-001 5.0000515249252275E-001 5.6607429310269017E+000 0.0000000000000000E+000 1.4914817143660466E+004 1.0833804334199794E+007 6.0217125171568508E+009 3.1175291091563563E-002 -2.3186148934519410E-001 -3.6289925933535734E+001 2.2030376926707237E-001 -3.6289925933535734E+001 -9.8999999999999986E+001 -1.1421651708725484E+000 2.1311862856235379E-002 0.0000000000000000E+000 0.0000000000000000E+000 0.0000000000000000E+000 0.0000000000000000E+000 3.8635070893935732E-002 0.0000000000000000E+000 0.0000000000000000E+000 0.0000000000000000E+000 0.0000000000000000E+000 0.0000000000000000E+000 5.7160239406516558E-002 4.9349945671964754E+001 2.4067000801850650E-005 2.1851022396492102E+001 -8.7652854114056591E-014
339 9.8787213714290848E+009 9.9955108775709256E-001 2.2307324185454552E-001 1.1711703168975229E-001 3.7588392128450736E+000 7.2778807602178448E+000 2.8576798442310678E+000 1.7945840147167175E+001 7.3380195402914632E-006 5.5551762774830998E-016 9.8004998556356693E-001 6.1789089791985466E-005 1.1075704168816715E-002 5.3351529209265027E-003 2.5129237964845201E-003 9.5710644087275410E-004 0.0000000000000000E+000 0.0000000000000000E+000 0.0000000000000000E+000 0.0000000000000000E+000 0.0000000000000000E+000 0.0000000000000000E+000 0.0000000000000000E+000 0.0000000000000000E+000 0.0000000000000000E+000 0.0000000000000000E+000 -4.2178001678578714E-001 5.0000366900977022E-001 5.6401043025781190E+000 0.0000000000000000E+000 1.5007440181951211E+004 1.0715174737236131E+007 5.9804209509453859E+009 3.2096838934843053E-002 -2.2508447053912137E-001 -3.6256657223816482E+001 2.2330161200916493E-001 -3.6256657223816482E+001 -1.5051499783199059E+001 -1.1374639063890974E+000 2.2822872505563422E-002 0.0000000000000000E+000 0.0000000000000000E+000 0.0000000000000000E+000 0.0000000000000000E+000 3.9389303623704540E-002 0.0000000000000000E+000 0.0000000000000000E+000 0.0000000000000000E+000 0.0000000000000000E+000 0.0000000000000000E+000 5.7146440824911875E-002 4.9349927891909125E+001 2.3912693325869357E-005 2.1800681588593680E+001 -8.8849862120979653E-014
340 9.9100478812116375E+009 9.9954827361349474E-001 2.2544098431228654E-001 1.1855594830414597E-001 3.7587116901523117E+000 7.2778203893251803E+000 2.8674965782996291E+000 1.7956079868171496E+001 5.5116285382533466E-006 3.1349686212063121E-016 9.8005181443087364E-001 6.1797573756802856E-005 1.1075701707030431E-002 5.3351444224434500E-003 2.5129237964845201E-003 9.5710644087275410E-004 0.0000000000000000E+000 0.0000000000000000E+000 0.0000000000000000E+000 0.0000000000000000E+000 0.0000000000000000E+000 0.0000000000000000E+000 0.0000000000000000E+000 0.0000000000000000E+000 0.0000000000000000E+000 0.0000000000000000E+000 -3.9425754729571705E-001 5.0000275581426923E-001 5.6232459825569903E+000 0.0000000000000000E+000 1.5082231662863845E+004 1.0621605158466985E+007 5.9478880961132069E+009 3.2604461407650609E-002 -2.1933464641906758E-001 -3.6230881141085071E+001 2.2568342589891285E-001 -3.6230881141085071E+001 -1.5352529778863040E+001 -1.1336163778648811E+000 2.2822872505563443E-002 0.0000000000000000E+000 0.0000000000000000E+000 0.0000000000000000E+000 0.0000000000000000E+000 3.9112751057777777E-002 0.0000000000000000E+000 0.0000000000000000E+000 0.0000000000000000E+000 0.0000000000000000E+000 0.0000000000000000E+000 5.7125001410615439E-002 4.9349913483773314E+001 2.3785197135844450E-005 2.1756398826916215E+001 -8.9832656666389463E-014
341 9.9351090890376816E+009 9.9954600249456615E-001 2.2733251211628769E-001 1.1971964167577272E-001 3.7586027254174983E+000 7.2777382624826874E+000 2.8753436627838438E+000 1.7964242004704328E+001 4.3401069251023713E-006 1.9461154137872641E-016 9.8005298742814950E-001 6.1802794276737998E-005 1.1075699855455716E-002 5.3351395778355910E-003 2.5129237964845201E-003 9.5710644087275420E-004 0.0000000000000000E+000 0.0000000000000000E+000 0.0000000000000000E+000 0.0000000000000000E+000 0.0000000000000000E+000 0.0000000000000000E+000 0.0000000000000000E+000 0.0000000000000000E+000 0.0000000000000000E+000 0.0000000000000000E+000 -3.7198116788109731E-001 5.0000217005346259E-001 5.6096476976229264E+000 0.0000000000000000E+000 1.5142990179754288E+004 1.0547097443471735E+007 5.9220255189555197E+009 3.2900157125006088E-002 -2.1457420782253517E-001 -3.6211995590692680E+001 2.2758683475267108E-001 -3.6211995590692680E+001 -1.5051499783199059E+001 -1.1304960839420457E+000 2.4296717749021837E-002 0.0000000000000000E+000 0.0000000000000000E+000 0.0000000000000000E+000 0.0000000000000000E+000 3.9917397711585659E-002 0.0000000000000000E+000 0.0000000000000000E+000 0.0000000000000000E+000 0.0000000000000000E+000 0.0000000000000000E+000 5.7098757344204810E-002 4.9349901840616077E+001 2.3678898573861565E-005 2.1717265571499940E+001 -9.0622883953962678E-014
342 9.9551580552985172E+009 9.9954417279041219E-001 2.2884575729219073E-001 1.2065584176170013E-001 3.7585129366685108E+000 7.2777169401426196E+000 2.8817569867541559E+000 1.7970961722016572E+001 3.5587413068000633E-006 1.3080825939931463E-016 9.8005376983090620E-001 6.1806598984429884E-005 1.1075698237773183E-002 5.3351363536720394E-003 2.5129237964845201E-003 9.5710644087275410E-004 0.0000000000000000E+000 0.0000000000000000E+000 0.0000000000000000E+000 0.0000000000000000E+000 0.0000000000000000E+000 0.0000000000000000E+000 0.0000000000000000E+000 0.0000000000000000E+000 0.0000000000000000E+000 0.0000000000000000E+000 -3.5392102416879062E-001 5.0000177937065338E-001 5.5986476129813170E+000 0.0000000000000000E+000 1.5192048504714736E+004 1.0487740263133209E+007 5.9014160614422474E+009 3.3096971144028979E-002 -2.1073460002558692E-001 -3.6194806418432535E+001 2.2910323038533817E-001 -3.6194806418432535E+001 -9.8999999999999986E+001 -1.1279903873110275E+000 2.4296717749021850E-002 0.0000000000000000E+000 0.0000000000000000E+000 0.0000000000000000E+000 0.0000000000000000E+000 3.9735732037776722E-002 0.0000000000000000E+000 0.0000000000000000E+000 0.0000000000000000E+000 0.0000000000000000E+000 0.0000000000000000E+000 5.7078370104429718E-002 4.9349892451941891E+001 2.3594026926246810E-005 2.1686107809164163E+001 -9.1261770307904482E-014
343 9.9711972283071861E+009 9.9954270075904805E-001 2.3006732255935022E-001 1.2141695960527177E-001 3.7584377690635153E+000 7.2776911748802640E+000 2.8869713519976536E+000 1.7976421206156928E+001 3.0210390337592930E-006 9.4264697482323840E-017 9.8005430829605822E-001 6.1809355402375461E-005 1.1075697146284470E-002 5.3351339258637847E-003 2.5129237964845201E-003 9.5710644087275410E-004 0.0000000000000000E+000 0.0000000000000000E+000 0.0000000000000000E+000 0.0000000000000000E+000 0.0000000000000000E+000 0.0000000000000000E+000 0.0000000000000000E+000 0.0000000000000000E+000 0.0000000000000000E+000 0.0000000000000000E+000 -3.3918600603706767E-001 5.0000151051951691E-001 5.5896900874172077E+000 0.0000000000000000E+000 1.5232049237348152E+004 1.0439938994772894E+007 5.8848314627072935E+009 3.3276648624011682E-002 -2.0768105526237104E-001 -3.6181387644853153E+001 2.3032893628654599E-001 -3.6181387644853153E+001 -9.8999999999999986E+001 -1.1259767453355278E+000 2.5532250346186121E-002 0.0000000000000000E+000 0.0000000000000000E+000 0.0000000000000000E+000 0.0000000000000000E+000 4.0417909837234207E-002 0.0000000000000000E+000 0.0000000000000000E+000 0.0000000000000000E+000 0.0000000000000000E+000 0.0000000000000000E+000 5.7073346294396934E-002 4.9349884892989856E+001 2.3530009210301314E-005 2.1665192019407119E+001 -9.1777260798350715E-014
344 9.9847506847383385E+009 9.9954145116921433E-001 2.3108813376523257E-001 1.2205875590117325E-001 3.7583720737170347E+000 7.2776699238322182E+000 2.8913676072987284E+000 1.7981027242888295E+001 2.6222241219220240E-006 7.1017424328500915E-017 9.8005470772354941E-001 6.1811493217314844E-005 1.1075696446104811E-002 5.3351318756491902E-003 2.5129237964845201E-003 9.5710644087275410E-004 0.0000000000000000E+000 0.0000000000000000E+000 0.0000000000000000E+000 0.0000000000000000E+000 0.0000000000000000E+000 0.0000000000000000E+000 0.0000000000000000E+000 0.0000000000000000E+000 0.0000000000000000E+000 0.0000000000000000E+000 -3.2675916453978726E-001 5.0000131111206092E-001 5.5821502379290004E+000 0.0000000000000000E+000 1.5265860898645498E+004 1.0400022227983283E+007 5.8710080429227037E+009 3.3344557840306113E-002 -2.0498446523739314E-001 -3.6170034588795673E+001 2.3135748946123311E-001 -3.6170034588795673E+001 -9.8999999999999986E+001 -1.1242484537320689E+000 2.5532250346185767E-002 0.0000000000000000E+000 0.0000000000000000E+000 0.0000000000000000E+000 0.0000000000000000E+000 4.0292228380175488E-002 0.0000000000000000E+000 0.0000000000000000E+000 0.0000000000000000E+000 0.0000000000000000E+000 0.0000000000000000E+000 5.7066656222539466E-002 4.9349878471125542E+001 2.3475150761790738E-005 2.1646639290497820E+001 -9.2197133633057474E-014
345 9.9970423903845673E+009 9.9954031356446582E-001 2.3200961082518753E-001 1.2264222403162037E-001 3.7583107089168002E+000 7.2776534408675095E+000 2.8953594408762129E+000 1.7985214287449541E+001 2.3015118964391327E-006 5.4702696227397017E-017 9.8005502897063035E-001 6.1813294021946356E-005 1.1075695988215136E-002 5.3351299978788335E-003 2.5129237964845201E-003 9.5710644087275420E-004 0.0000000000000000E+000 0.0000000000000000E+000 0.0000000000000000E+000 0.0000000000000000E+000 0.0000000000000000E+000 0.0000000000000000E+000 0.0000000000000000E+000 0.0000000000000000E+000 0.0000000000000000E+000 0.0000000000000000E+000 -3.1548642451612424E-001 5.0000115075594831E-001 5.5753238426431002E+000 0.0000000000000000E+000 1.5296664805805098E+004 1.0364022180388117E+007 5.8585575976971111E+009 3.3374101834430445E-002 -2.0250949338070187E-001 -3.6159669523607334E+001 2.3228402348740071E-001 -3.6159669523607334E+001 -9.8999999999999986E+001 -1.1226772497705815E+000 2.6940005414016678E-002 0.0000000000000000E+000 0.0000000000000000E+000 0.0000000000000000E+000 0.0000000000000000E+000 4.1103032486938022E-002 0.0000000000000000E+000 0.0000000000000000E+000 0.0000000000000000E+000 0.0000000000000000E+000 0.0000000000000000E+000 5.7055297086616906E-002 4.9349872621055574E+001 2.3423225246991963E-005 2.1627786878458821E+001 -9.2550601303946485E-014
346 1.0000000000000000E+010 9.9954003888684062E-001 2.3223134677751206E-001 1.2278284235817830E-001 3.7582958337416024E+000 7.2776496170868956E+000 2.8963300139223369E+000 1.7986232793129357E+001 2.2266502022061579E-006 5.1200348829632024E-017 9.8005510397276707E-001 6.1813719437497084E-005 1.1075695978676640E-002 5.3351294415592363E-003 2.5129237964845196E-003 9.5710644087275388E-004 0.0000000000000000E+000 0.0000000000000000E+000 0.0000000000000000E+000 0.0000000000000000E+000 0.0000000000000000E+000 0.0000000000000000E+000 0.0000000000000000E+000 0.0000000000000000E+000 0.0000000000000000E+000 0.0000000000000000E+000 -3.1274659605339750E-001 5.0000111332510100E-001 5.5736667190130023E+000 0.0000000000000000E+000 1.5304097974149867E+004 1.0355372857322490E+007 5.8555655723081522E+009 3.3383020071414311E-002 -2.0191861507069081E-001 -3.6157194229972092E+001 2.3250687764633182E-001 -3.6157194229972092E+001 -1.5051499783199059E+001 -1.1223003286064392E+000 2.6940005414016456E-002 0.0000000000000000E+000 0.0000000000000000E+000 0.0000000000000000E+000 0.0000000000000000E+000 4.1074798700346693E-002 0.0000000000000000E+000 0.0000000000000000E+000 0.0000000000000000E+000 0.0000000000000000E+000 0.0000000000000000E+000 5.7050497116833916E-002 4.9349871207861902E+001 2.3409872152946978E-005 2.1622460507713690E+001 -9.2871494547173079E-014
